method_key,method_label,image_id,haze_level,psnr,ssim_gaussian11,deltaE00
spagan_review2026,SpA-GAN,rrshid_test_0001_1,moderate,18.976089477539062,0.5687313079833984,8.74127197265625
spagan_review2026,SpA-GAN,rrshid_test_0002_1014,moderate,26.912578582763672,0.797726035118103,4.2462310791015625
spagan_review2026,SpA-GAN,rrshid_test_0003_1021,moderate,25.536958694458008,0.7948060035705566,3.9465057849884033
spagan_review2026,SpA-GAN,rrshid_test_0004_1048,moderate,28.199920654296875,0.8312913179397583,3.6372668743133545
spagan_review2026,SpA-GAN,rrshid_test_0005_1067,moderate,25.856117248535156,0.7828949093818665,4.650903701782227
spagan_review2026,SpA-GAN,rrshid_test_0006_1072,moderate,24.763574600219727,0.700822651386261,5.363236904144287
spagan_review2026,SpA-GAN,rrshid_test_0007_108,moderate,17.21983528137207,0.5293753743171692,10.417887687683105
spagan_review2026,SpA-GAN,rrshid_test_0008_1098,moderate,23.210241317749023,0.7302297353744507,5.421236991882324
spagan_review2026,SpA-GAN,rrshid_test_0009_1101,moderate,22.54531478881836,0.5576972365379333,6.196984767913818
spagan_review2026,SpA-GAN,rrshid_test_0010_1108,moderate,23.2073974609375,0.7529398798942566,4.600541114807129
spagan_review2026,SpA-GAN,rrshid_test_0011_1134,moderate,21.467872619628906,0.6645315289497375,6.998772144317627
spagan_review2026,SpA-GAN,rrshid_test_0012_1167,moderate,24.838220596313477,0.769551157951355,5.055970668792725
spagan_review2026,SpA-GAN,rrshid_test_0013_1190,moderate,23.11618995666504,0.6373637914657593,5.972780227661133
spagan_review2026,SpA-GAN,rrshid_test_0014_1201,moderate,21.786476135253906,0.6562321186065674,6.160449504852295
spagan_review2026,SpA-GAN,rrshid_test_0015_1209,moderate,29.297489166259766,0.8268826603889465,4.461430549621582
spagan_review2026,SpA-GAN,rrshid_test_0016_1219,moderate,19.00238800048828,0.48671674728393555,8.772066116333008
spagan_review2026,SpA-GAN,rrshid_test_0017_1233,moderate,23.373497009277344,0.7581424117088318,5.395284652709961
spagan_review2026,SpA-GAN,rrshid_test_0018_1249,moderate,23.56203269958496,0.6381338238716125,6.447569370269775
spagan_review2026,SpA-GAN,rrshid_test_0019_1253,moderate,20.529624938964844,0.5560653209686279,8.148948669433594
spagan_review2026,SpA-GAN,rrshid_test_0020_1264,moderate,25.603303909301758,0.834075927734375,4.957894325256348
spagan_review2026,SpA-GAN,rrshid_test_0021_1271,moderate,23.194238662719727,0.6956195831298828,5.547064781188965
spagan_review2026,SpA-GAN,rrshid_test_0022_1294,moderate,25.593650817871094,0.7466299533843994,4.313231468200684
spagan_review2026,SpA-GAN,rrshid_test_0023_1299,moderate,23.927783966064453,0.7394284009933472,5.854846000671387
spagan_review2026,SpA-GAN,rrshid_test_0024_1305,moderate,24.9555606842041,0.7360082864761353,5.808149814605713
spagan_review2026,SpA-GAN,rrshid_test_0025_1311,moderate,23.9676513671875,0.6232864856719971,5.506814002990723
spagan_review2026,SpA-GAN,rrshid_test_0026_1321,moderate,24.10653305053711,0.6962701678276062,6.174071788787842
spagan_review2026,SpA-GAN,rrshid_test_0027_1339,moderate,23.50527572631836,0.7262163162231445,6.723102569580078
spagan_review2026,SpA-GAN,rrshid_test_0028_134,moderate,25.1008243560791,0.7525643110275269,5.11715030670166
spagan_review2026,SpA-GAN,rrshid_test_0029_136,moderate,21.94363784790039,0.6409445405006409,6.717477798461914
spagan_review2026,SpA-GAN,rrshid_test_0030_1398,moderate,20.329744338989258,0.5687191486358643,8.40345287322998
spagan_review2026,SpA-GAN,rrshid_test_0031_1408,moderate,23.34941864013672,0.6699151992797852,5.928949356079102
spagan_review2026,SpA-GAN,rrshid_test_0032_1414,moderate,24.554336547851562,0.6489604711532593,5.206129550933838
spagan_review2026,SpA-GAN,rrshid_test_0033_1443,moderate,21.909215927124023,0.5629714727401733,6.432149410247803
spagan_review2026,SpA-GAN,rrshid_test_0034_145,moderate,18.25539779663086,0.6259914040565491,8.291698455810547
spagan_review2026,SpA-GAN,rrshid_test_0035_1453,moderate,23.071739196777344,0.7093621492385864,5.396010398864746
spagan_review2026,SpA-GAN,rrshid_test_0036_1463,moderate,25.426652908325195,0.7728658318519592,4.737837791442871
spagan_review2026,SpA-GAN,rrshid_test_0037_1469,moderate,23.65243911743164,0.7026242613792419,5.4164276123046875
spagan_review2026,SpA-GAN,rrshid_test_0038_154,moderate,17.997886657714844,0.5052167773246765,10.495085716247559
spagan_review2026,SpA-GAN,rrshid_test_0039_1542,moderate,22.204992294311523,0.677498459815979,6.673011779785156
spagan_review2026,SpA-GAN,rrshid_test_0040_1543,moderate,20.475027084350586,0.5671098232269287,7.930212497711182
spagan_review2026,SpA-GAN,rrshid_test_0041_1555,moderate,23.393390655517578,0.6161040663719177,6.093466758728027
spagan_review2026,SpA-GAN,rrshid_test_0042_1561,moderate,18.612592697143555,0.5510762333869934,9.691924095153809
spagan_review2026,SpA-GAN,rrshid_test_0043_1563,moderate,23.923351287841797,0.6419296860694885,5.603009223937988
spagan_review2026,SpA-GAN,rrshid_test_0044_1601,moderate,27.474515914916992,0.8144780993461609,3.9303369522094727
spagan_review2026,SpA-GAN,rrshid_test_0045_1606,moderate,17.385156631469727,0.33448946475982666,11.3401460647583
spagan_review2026,SpA-GAN,rrshid_test_0046_1608,moderate,16.882795333862305,0.2596796751022339,11.424108505249023
spagan_review2026,SpA-GAN,rrshid_test_0047_163,moderate,27.7393741607666,0.7682197093963623,3.7626266479492188
spagan_review2026,SpA-GAN,rrshid_test_0048_1636,moderate,18.390905380249023,0.33821263909339905,9.430684089660645
spagan_review2026,SpA-GAN,rrshid_test_0049_1666,moderate,15.64283561706543,0.26134562492370605,13.721460342407227
spagan_review2026,SpA-GAN,rrshid_test_0050_1673,moderate,15.879889488220215,0.3108990490436554,13.362163543701172
spagan_review2026,SpA-GAN,rrshid_test_0051_1691,moderate,16.846860885620117,0.30778664350509644,11.927467346191406
spagan_review2026,SpA-GAN,rrshid_test_0052_1706,moderate,13.624227523803711,0.22299206256866455,15.501065254211426
spagan_review2026,SpA-GAN,rrshid_test_0053_1741,moderate,17.323646545410156,0.29710453748703003,11.978185653686523
spagan_review2026,SpA-GAN,rrshid_test_0054_1787,moderate,19.2064266204834,0.2430671751499176,9.501321792602539
spagan_review2026,SpA-GAN,rrshid_test_0055_1809,moderate,18.164508819580078,0.32632875442504883,10.263623237609863
spagan_review2026,SpA-GAN,rrshid_test_0056_1810,moderate,19.41956329345703,0.3797912299633026,9.002198219299316
spagan_review2026,SpA-GAN,rrshid_test_0057_1814,moderate,15.92659854888916,0.3269096910953522,12.227248191833496
spagan_review2026,SpA-GAN,rrshid_test_0058_1822,moderate,17.191226959228516,0.2806062400341034,10.957356452941895
spagan_review2026,SpA-GAN,rrshid_test_0059_1844,moderate,12.605621337890625,0.24089571833610535,19.595247268676758
spagan_review2026,SpA-GAN,rrshid_test_0060_1856,moderate,19.339601516723633,0.27325156331062317,8.4281644821167
spagan_review2026,SpA-GAN,rrshid_test_0061_1869,moderate,16.339412689208984,0.15601179003715515,12.142508506774902
spagan_review2026,SpA-GAN,rrshid_test_0062_1873,moderate,17.787769317626953,0.20666363835334778,10.363866806030273
spagan_review2026,SpA-GAN,rrshid_test_0063_1899,moderate,14.711587905883789,0.22340086102485657,14.804920196533203
spagan_review2026,SpA-GAN,rrshid_test_0064_1900,moderate,19.637435913085938,0.2951087951660156,9.697147369384766
spagan_review2026,SpA-GAN,rrshid_test_0065_1929,moderate,16.772655487060547,0.17582803964614868,11.620760917663574
spagan_review2026,SpA-GAN,rrshid_test_0066_193,moderate,23.213293075561523,0.6781514883041382,5.945712566375732
spagan_review2026,SpA-GAN,rrshid_test_0067_1931,moderate,18.59473991394043,0.12781205773353577,9.159537315368652
spagan_review2026,SpA-GAN,rrshid_test_0068_1935,moderate,18.374225616455078,0.31205523014068604,10.17794132232666
spagan_review2026,SpA-GAN,rrshid_test_0069_1961,moderate,18.251291275024414,0.3639766573905945,10.125401496887207
spagan_review2026,SpA-GAN,rrshid_test_0070_1985,moderate,17.970754623413086,0.22226515412330627,12.257570266723633
spagan_review2026,SpA-GAN,rrshid_test_0071_1989,moderate,18.227617263793945,0.29803478717803955,10.398488998413086
spagan_review2026,SpA-GAN,rrshid_test_0072_2040,moderate,15.962318420410156,0.40289705991744995,12.724557876586914
spagan_review2026,SpA-GAN,rrshid_test_0073_2041,moderate,16.01262855529785,0.5438573956489563,12.66141128540039
spagan_review2026,SpA-GAN,rrshid_test_0074_2044,moderate,13.449397087097168,0.2706877589225769,17.711151123046875
spagan_review2026,SpA-GAN,rrshid_test_0075_2049,moderate,20.595033645629883,0.30956605076789856,7.956178665161133
spagan_review2026,SpA-GAN,rrshid_test_0076_2060,moderate,23.130399703979492,0.5039583444595337,7.304691314697266
spagan_review2026,SpA-GAN,rrshid_test_0077_2061,moderate,20.398969650268555,0.4413709342479706,8.62685775756836
spagan_review2026,SpA-GAN,rrshid_test_0078_2106,moderate,20.98245620727539,0.42132851481437683,8.212811470031738
spagan_review2026,SpA-GAN,rrshid_test_0079_2107,moderate,20.508590698242188,0.4205550253391266,8.501415252685547
spagan_review2026,SpA-GAN,rrshid_test_0080_2108,moderate,19.747787475585938,0.3786488175392151,8.138876914978027
spagan_review2026,SpA-GAN,rrshid_test_0081_2116,moderate,17.373512268066406,0.4418046474456787,10.545166015625
spagan_review2026,SpA-GAN,rrshid_test_0082_2132,moderate,20.379291534423828,0.4210037291049957,8.051200866699219
spagan_review2026,SpA-GAN,rrshid_test_0083_2143,moderate,17.56450080871582,0.41383278369903564,10.820169448852539
spagan_review2026,SpA-GAN,rrshid_test_0084_2146,moderate,14.239472389221191,0.27280518412590027,15.51882266998291
spagan_review2026,SpA-GAN,rrshid_test_0085_2174,moderate,20.04655647277832,0.5087943077087402,8.508225440979004
spagan_review2026,SpA-GAN,rrshid_test_0086_2236,moderate,20.335472106933594,0.3615303039550781,8.144296646118164
spagan_review2026,SpA-GAN,rrshid_test_0087_2237,moderate,20.587627410888672,0.3489697277545929,8.481508255004883
spagan_review2026,SpA-GAN,rrshid_test_0088_2261,moderate,17.724336624145508,0.4628104865550995,10.542251586914062
spagan_review2026,SpA-GAN,rrshid_test_0089_2297,moderate,13.645071983337402,0.40462586283683777,16.140409469604492
spagan_review2026,SpA-GAN,rrshid_test_0090_2299,moderate,12.32287883758545,0.35032710433006287,19.71881675720215
spagan_review2026,SpA-GAN,rrshid_test_0091_2313,moderate,19.328535079956055,0.4022338092327118,9.903871536254883
spagan_review2026,SpA-GAN,rrshid_test_0092_2331,moderate,18.559120178222656,0.39763039350509644,10.062573432922363
spagan_review2026,SpA-GAN,rrshid_test_0093_2350,moderate,19.237730026245117,0.42261287569999695,9.921930313110352
spagan_review2026,SpA-GAN,rrshid_test_0094_2386,moderate,17.060678482055664,0.39742511510849,13.762467384338379
spagan_review2026,SpA-GAN,rrshid_test_0095_2405,moderate,19.308391571044922,0.4920998811721802,11.18356704711914
spagan_review2026,SpA-GAN,rrshid_test_0096_2408,moderate,21.458951950073242,0.6032324433326721,6.81468391418457
spagan_review2026,SpA-GAN,rrshid_test_0097_2427,moderate,15.428003311157227,0.5731111168861389,13.113239288330078
spagan_review2026,SpA-GAN,rrshid_test_0098_2434,moderate,14.737995147705078,0.3638763427734375,16.340412139892578
spagan_review2026,SpA-GAN,rrshid_test_0099_2444,moderate,19.329326629638672,0.7001906633377075,12.0162935256958
spagan_review2026,SpA-GAN,rrshid_test_0100_2446,moderate,18.191823959350586,0.6875129342079163,9.360099792480469
spagan_review2026,SpA-GAN,rrshid_test_0101_2447,moderate,18.027847290039062,0.6890780925750732,10.129305839538574
spagan_review2026,SpA-GAN,rrshid_test_0102_2474,moderate,18.309125900268555,0.6965439915657043,11.076939582824707
spagan_review2026,SpA-GAN,rrshid_test_0103_2483,moderate,11.984272956848145,0.2946644425392151,22.19993782043457
spagan_review2026,SpA-GAN,rrshid_test_0104_2505,moderate,18.235397338867188,0.5640999674797058,9.808663368225098
spagan_review2026,SpA-GAN,rrshid_test_0105_2550,moderate,18.193395614624023,0.5288166403770447,9.086112022399902
spagan_review2026,SpA-GAN,rrshid_test_0106_2561,moderate,17.527099609375,0.5271989107131958,11.275260925292969
spagan_review2026,SpA-GAN,rrshid_test_0107_2583,moderate,19.63231658935547,0.46860796213150024,9.13757610321045
spagan_review2026,SpA-GAN,rrshid_test_0108_2585,moderate,17.48402214050293,0.5788054466247559,10.811734199523926
spagan_review2026,SpA-GAN,rrshid_test_0109_2615,moderate,21.10320281982422,0.6136561632156372,7.137685775756836
spagan_review2026,SpA-GAN,rrshid_test_0110_2637,moderate,17.747861862182617,0.4980400800704956,10.713184356689453
spagan_review2026,SpA-GAN,rrshid_test_0111_2650,moderate,19.6942138671875,0.5313513875007629,8.536863327026367
spagan_review2026,SpA-GAN,rrshid_test_0112_2689,moderate,13.751333236694336,0.4032382369041443,16.329631805419922
spagan_review2026,SpA-GAN,rrshid_test_0113_2691,moderate,16.20996856689453,0.43207284808158875,12.812171936035156
spagan_review2026,SpA-GAN,rrshid_test_0114_2719,moderate,16.35283660888672,0.25135642290115356,12.037679672241211
spagan_review2026,SpA-GAN,rrshid_test_0115_2720,moderate,16.12255096435547,0.21832464635372162,12.758458137512207
spagan_review2026,SpA-GAN,rrshid_test_0116_2790,moderate,16.541784286499023,0.22738072276115417,12.291545867919922
spagan_review2026,SpA-GAN,rrshid_test_0117_2791,moderate,16.152917861938477,0.19094756245613098,13.359121322631836
spagan_review2026,SpA-GAN,rrshid_test_0118_2809,moderate,13.584977149963379,0.13658004999160767,16.033069610595703
spagan_review2026,SpA-GAN,rrshid_test_0119_2836,moderate,16.617685317993164,0.3060154914855957,13.026618957519531
spagan_review2026,SpA-GAN,rrshid_test_0120_2839,moderate,15.550607681274414,0.17570465803146362,13.16867446899414
spagan_review2026,SpA-GAN,rrshid_test_0121_2859,moderate,15.175325393676758,0.18623079359531403,13.864843368530273
spagan_review2026,SpA-GAN,rrshid_test_0122_2888,moderate,15.697420120239258,0.15792229771614075,12.732789039611816
spagan_review2026,SpA-GAN,rrshid_test_0123_2913,moderate,14.315027236938477,0.17656971514225006,14.953731536865234
spagan_review2026,SpA-GAN,rrshid_test_0124_292,moderate,21.462970733642578,0.6351417899131775,7.383937835693359
spagan_review2026,SpA-GAN,rrshid_test_0125_320,moderate,21.217044830322266,0.5657896995544434,7.426906585693359
spagan_review2026,SpA-GAN,rrshid_test_0126_337,moderate,21.8339900970459,0.6733123064041138,6.6398820877075195
spagan_review2026,SpA-GAN,rrshid_test_0127_338,moderate,21.714309692382812,0.6810573935508728,6.724703311920166
spagan_review2026,SpA-GAN,rrshid_test_0128_35,moderate,24.07262420654297,0.6748363375663757,5.2429656982421875
spagan_review2026,SpA-GAN,rrshid_test_0129_360,moderate,24.9658203125,0.6627008318901062,5.915561676025391
spagan_review2026,SpA-GAN,rrshid_test_0130_373,moderate,22.165563583374023,0.6771495342254639,6.4718828201293945
spagan_review2026,SpA-GAN,rrshid_test_0131_411,moderate,26.172786712646484,0.7180376648902893,4.5992937088012695
spagan_review2026,SpA-GAN,rrshid_test_0132_417,moderate,23.586217880249023,0.6819363236427307,5.2532124519348145
spagan_review2026,SpA-GAN,rrshid_test_0133_451,moderate,25.206357955932617,0.7189502120018005,4.372096538543701
spagan_review2026,SpA-GAN,rrshid_test_0134_454,moderate,24.91158676147461,0.7374762892723083,4.742592811584473
spagan_review2026,SpA-GAN,rrshid_test_0135_49,moderate,22.875329971313477,0.6919029951095581,5.5423479080200195
spagan_review2026,SpA-GAN,rrshid_test_0136_579,moderate,22.123929977416992,0.5847481489181519,6.675642013549805
spagan_review2026,SpA-GAN,rrshid_test_0137_65,moderate,23.298419952392578,0.6728287935256958,5.630911350250244
spagan_review2026,SpA-GAN,rrshid_test_0138_699,moderate,25.92105484008789,0.7469762563705444,4.99413537979126
spagan_review2026,SpA-GAN,rrshid_test_0139_701,moderate,22.743343353271484,0.6849984526634216,5.988454341888428
spagan_review2026,SpA-GAN,rrshid_test_0140_703,moderate,23.913660049438477,0.7540826797485352,5.131855010986328
spagan_review2026,SpA-GAN,rrshid_test_0141_708,moderate,28.784292221069336,0.8646470308303833,3.872725486755371
spagan_review2026,SpA-GAN,rrshid_test_0142_71,moderate,23.507251739501953,0.6903555393218994,5.561489582061768
spagan_review2026,SpA-GAN,rrshid_test_0143_712,moderate,24.960880279541016,0.7230193614959717,5.289439678192139
spagan_review2026,SpA-GAN,rrshid_test_0144_752,moderate,23.155838012695312,0.5572575926780701,6.60825777053833
spagan_review2026,SpA-GAN,rrshid_test_0145_786,moderate,28.5262451171875,0.8102819323539734,4.330413818359375
spagan_review2026,SpA-GAN,rrshid_test_0146_789,moderate,25.793123245239258,0.7789739370346069,4.741604804992676
spagan_review2026,SpA-GAN,rrshid_test_0147_81,moderate,27.827926635742188,0.7965012788772583,3.8636388778686523
spagan_review2026,SpA-GAN,rrshid_test_0148_864,moderate,27.44481086730957,0.7634228467941284,4.107610702514648
spagan_review2026,SpA-GAN,rrshid_test_0149_907,moderate,24.159772872924805,0.7654082179069519,5.3161516189575195
spagan_review2026,SpA-GAN,rrshid_test_0150_929,moderate,26.76750373840332,0.8294997811317444,3.9280319213867188
spagan_review2026,SpA-GAN,rrshid_test_0151_989,moderate,22.281091690063477,0.6041591763496399,6.588720798492432
spagan_review2026,SpA-GAN,rrshid_test_0152_99,moderate,25.309059143066406,0.6867125630378723,4.943109035491943
spagan_review2026,SpA-GAN,rrshid_test_0153_1060,thick,19.56683349609375,0.5543373823165894,9.163056373596191
spagan_review2026,SpA-GAN,rrshid_test_0154_1104,thick,18.34711456298828,0.5134286284446716,11.762052536010742
spagan_review2026,SpA-GAN,rrshid_test_0155_1116,thick,20.732887268066406,0.6212592720985413,7.99815559387207
spagan_review2026,SpA-GAN,rrshid_test_0156_1145,thick,23.484085083007812,0.6654109954833984,6.656350612640381
spagan_review2026,SpA-GAN,rrshid_test_0157_1164,thick,17.57334327697754,0.4533323645591736,10.441757202148438
spagan_review2026,SpA-GAN,rrshid_test_0158_1243,thick,15.440376281738281,0.48788365721702576,13.975954055786133
spagan_review2026,SpA-GAN,rrshid_test_0159_1262,thick,18.985979080200195,0.5763739347457886,9.58631706237793
spagan_review2026,SpA-GAN,rrshid_test_0160_1369,thick,22.987051010131836,0.6599300503730774,5.7144951820373535
spagan_review2026,SpA-GAN,rrshid_test_0161_1370,thick,23.078462600708008,0.6561387777328491,5.694629192352295
spagan_review2026,SpA-GAN,rrshid_test_0162_1388,thick,21.332592010498047,0.622070848941803,7.456256866455078
spagan_review2026,SpA-GAN,rrshid_test_0163_1520,thick,19.067794799804688,0.5489050149917603,9.397480010986328
spagan_review2026,SpA-GAN,rrshid_test_0164_156,thick,15.56078052520752,0.42903995513916016,14.005342483520508
spagan_review2026,SpA-GAN,rrshid_test_0165_1852,thick,16.234262466430664,0.2073371261358261,12.803277969360352
spagan_review2026,SpA-GAN,rrshid_test_0166_1891,thick,17.91581916809082,0.18536990880966187,10.997169494628906
spagan_review2026,SpA-GAN,rrshid_test_0167_1907,thick,16.473304748535156,0.21067652106285095,12.444913864135742
spagan_review2026,SpA-GAN,rrshid_test_0168_1910,thick,17.419761657714844,0.1681765913963318,11.581998825073242
spagan_review2026,SpA-GAN,rrshid_test_0169_1911,thick,17.089914321899414,0.23730501532554626,12.077797889709473
spagan_review2026,SpA-GAN,rrshid_test_0170_221,thick,25.0141544342041,0.7834263443946838,6.123004913330078
spagan_review2026,SpA-GAN,rrshid_test_0171_232,thick,20.219715118408203,0.7573049664497375,6.881097793579102
spagan_review2026,SpA-GAN,rrshid_test_0172_2487,thick,19.917360305786133,0.5906275510787964,9.279831886291504
spagan_review2026,SpA-GAN,rrshid_test_0173_2495,thick,15.634403228759766,0.16892482340335846,13.268402099609375
spagan_review2026,SpA-GAN,rrshid_test_0174_2527,thick,15.910846710205078,0.58249831199646,13.594189643859863
spagan_review2026,SpA-GAN,rrshid_test_0175_2568,thick,21.400379180908203,0.6438131928443909,6.579189300537109
spagan_review2026,SpA-GAN,rrshid_test_0176_2591,thick,21.268657684326172,0.6639047265052795,6.868918418884277
spagan_review2026,SpA-GAN,rrshid_test_0177_2630,thick,21.48345947265625,0.6075023412704468,6.463454246520996
spagan_review2026,SpA-GAN,rrshid_test_0178_2643,thick,14.009461402893066,0.3027721643447876,16.47583770751953
spagan_review2026,SpA-GAN,rrshid_test_0179_2696,thick,16.259185791015625,0.23419633507728577,12.191134452819824
spagan_review2026,SpA-GAN,rrshid_test_0180_274,thick,24.821380615234375,0.7554081082344055,4.392431259155273
spagan_review2026,SpA-GAN,rrshid_test_0181_315,thick,26.542362213134766,0.8012083768844604,3.4513535499572754
spagan_review2026,SpA-GAN,rrshid_test_0182_335,thick,17.176118850708008,0.5211795568466187,11.657417297363281
spagan_review2026,SpA-GAN,rrshid_test_0183_353,thick,23.866804122924805,0.7336127758026123,4.579897880554199
spagan_review2026,SpA-GAN,rrshid_test_0184_354,thick,21.253252029418945,0.5663444399833679,7.223992347717285
spagan_review2026,SpA-GAN,rrshid_test_0185_362,thick,24.460371017456055,0.7574976682662964,5.100577354431152
spagan_review2026,SpA-GAN,rrshid_test_0186_374,thick,17.030921936035156,0.4954904317855835,11.763945579528809
spagan_review2026,SpA-GAN,rrshid_test_0187_404,thick,22.7335147857666,0.7817383408546448,5.1025285720825195
spagan_review2026,SpA-GAN,rrshid_test_0188_429,thick,20.396427154541016,0.5873448252677917,8.879274368286133
spagan_review2026,SpA-GAN,rrshid_test_0189_431,thick,17.424522399902344,0.530671238899231,11.155891418457031
spagan_review2026,SpA-GAN,rrshid_test_0190_435,thick,20.038101196289062,0.589387059211731,7.960072994232178
spagan_review2026,SpA-GAN,rrshid_test_0191_478,thick,20.791156768798828,0.7012870907783508,8.045153617858887
spagan_review2026,SpA-GAN,rrshid_test_0192_480,thick,22.419111251831055,0.5714524984359741,6.434123992919922
spagan_review2026,SpA-GAN,rrshid_test_0193_486,thick,29.18547821044922,0.8494755029678345,2.8331797122955322
spagan_review2026,SpA-GAN,rrshid_test_0194_508,thick,20.9946231842041,0.5145719647407532,7.5958685874938965
spagan_review2026,SpA-GAN,rrshid_test_0195_516,thick,24.976665496826172,0.826890230178833,4.46981143951416
spagan_review2026,SpA-GAN,rrshid_test_0196_517,thick,22.973363876342773,0.8052651882171631,5.489270210266113
spagan_review2026,SpA-GAN,rrshid_test_0197_520,thick,25.506410598754883,0.7826802134513855,4.151214599609375
spagan_review2026,SpA-GAN,rrshid_test_0198_578,thick,22.177331924438477,0.5842317938804626,7.749502182006836
spagan_review2026,SpA-GAN,rrshid_test_0199_589,thick,21.350374221801758,0.7872129678726196,6.3982648849487305
spagan_review2026,SpA-GAN,rrshid_test_0200_596,thick,21.856863021850586,0.6962957978248596,6.471656799316406
spagan_review2026,SpA-GAN,rrshid_test_0201_598,thick,22.80153465270996,0.7162712216377258,6.993748664855957
spagan_review2026,SpA-GAN,rrshid_test_0202_602,thick,16.165164947509766,0.644644558429718,12.090694427490234
spagan_review2026,SpA-GAN,rrshid_test_0203_609,thick,24.127748489379883,0.5806008577346802,7.394079685211182
spagan_review2026,SpA-GAN,rrshid_test_0204_635,thick,23.226051330566406,0.5680044293403625,6.620281219482422
spagan_review2026,SpA-GAN,rrshid_test_0205_638,thick,22.210655212402344,0.6969478726387024,7.2524213790893555
spagan_review2026,SpA-GAN,rrshid_test_0206_645,thick,23.165225982666016,0.6176928281784058,6.728866100311279
spagan_review2026,SpA-GAN,rrshid_test_0207_655,thick,24.696754455566406,0.7071825265884399,7.379935264587402
spagan_review2026,SpA-GAN,rrshid_test_0208_674,thick,20.849611282348633,0.6775704026222229,7.110692501068115
spagan_review2026,SpA-GAN,rrshid_test_0209_682,thick,20.166065216064453,0.5666155219078064,8.750327110290527
spagan_review2026,SpA-GAN,rrshid_test_0210_684,thick,23.606327056884766,0.6488137245178223,6.253252983093262
spagan_review2026,SpA-GAN,rrshid_test_0211_685,thick,24.780860900878906,0.7510697245597839,5.361962795257568
spagan_review2026,SpA-GAN,rrshid_test_0212_698,thick,21.153156280517578,0.7272200584411621,7.21219539642334
spagan_review2026,SpA-GAN,rrshid_test_0213_725,thick,22.35497283935547,0.7299215197563171,6.332208633422852
spagan_review2026,SpA-GAN,rrshid_test_0214_757,thick,23.5341739654541,0.7188650965690613,5.976719856262207
spagan_review2026,SpA-GAN,rrshid_test_0215_759,thick,20.542476654052734,0.600415825843811,8.861424446105957
spagan_review2026,SpA-GAN,rrshid_test_0216_764,thick,24.377151489257812,0.775052011013031,5.138739585876465
spagan_review2026,SpA-GAN,rrshid_test_0217_765,thick,25.298934936523438,0.7990920543670654,4.4845123291015625
spagan_review2026,SpA-GAN,rrshid_test_0218_801,thick,18.816556930541992,0.5743557810783386,9.924859046936035
spagan_review2026,SpA-GAN,rrshid_test_0219_820,thick,25.163833618164062,0.7478571534156799,6.400124549865723
spagan_review2026,SpA-GAN,rrshid_test_0220_851,thick,21.120624542236328,0.6769041419029236,7.255702972412109
spagan_review2026,SpA-GAN,rrshid_test_0221_858,thick,21.854835510253906,0.45171546936035156,8.168956756591797
spagan_review2026,SpA-GAN,rrshid_test_0222_885,thick,13.377399444580078,0.4080376625061035,17.638456344604492
spagan_review2026,SpA-GAN,rrshid_test_0223_897,thick,21.877090454101562,0.6214202642440796,7.128449440002441
spagan_review2026,SpA-GAN,rrshid_test_0224_899,thick,21.74997329711914,0.4446238577365875,8.363414764404297
spagan_review2026,SpA-GAN,rrshid_test_0225_911,thick,22.550128936767578,0.7041011452674866,6.762380599975586
spagan_review2026,SpA-GAN,rrshid_test_0226_956,thick,18.927635192871094,0.5774785280227661,9.489375114440918
spagan_review2026,SpA-GAN,rrshid_test_0227_957,thick,27.297800064086914,0.7794588208198547,3.678147554397583
spagan_review2026,SpA-GAN,rrshid_test_0228_961,thick,15.759767532348633,0.40963292121887207,13.673335075378418
spagan_review2026,SpA-GAN,rrshid_test_0229_1023,thin,30.678251266479492,0.8979268074035645,2.3577728271484375
spagan_review2026,SpA-GAN,rrshid_test_0230_1035,thin,24.167097091674805,0.5349832773208618,5.467345714569092
spagan_review2026,SpA-GAN,rrshid_test_0231_1075,thin,23.869400024414062,0.5559045672416687,5.482656478881836
spagan_review2026,SpA-GAN,rrshid_test_0232_1230,thin,23.708187103271484,0.6716611385345459,4.618510723114014
spagan_review2026,SpA-GAN,rrshid_test_0233_1291,thin,22.56296157836914,0.6745067238807678,5.53887939453125
spagan_review2026,SpA-GAN,rrshid_test_0234_1292,thin,22.253238677978516,0.580985963344574,6.04226016998291
spagan_review2026,SpA-GAN,rrshid_test_0235_1295,thin,18.977487564086914,0.49130308628082275,8.150634765625
spagan_review2026,SpA-GAN,rrshid_test_0236_130,thin,21.893260955810547,0.6431530714035034,7.1108927726745605
spagan_review2026,SpA-GAN,rrshid_test_0237_1422,thin,20.945920944213867,0.463932067155838,7.443105697631836
spagan_review2026,SpA-GAN,rrshid_test_0238_1432,thin,25.857999801635742,0.6240254640579224,4.796898365020752
spagan_review2026,SpA-GAN,rrshid_test_0239_1571,thin,25.513103485107422,0.7350547313690186,4.826982498168945
spagan_review2026,SpA-GAN,rrshid_test_0240_1615,thin,14.42745304107666,0.3789486885070801,14.79481315612793
spagan_review2026,SpA-GAN,rrshid_test_0241_1738,thin,21.12482261657715,0.4767632484436035,8.683149337768555
spagan_review2026,SpA-GAN,rrshid_test_0242_1744,thin,12.455316543579102,0.32393813133239746,17.462324142456055
spagan_review2026,SpA-GAN,rrshid_test_0243_1746,thin,15.794391632080078,0.34042009711265564,12.391037940979004
spagan_review2026,SpA-GAN,rrshid_test_0244_1747,thin,15.04129409790039,0.2941591739654541,13.806694984436035
spagan_review2026,SpA-GAN,rrshid_test_0245_1762,thin,16.35724639892578,0.43731698393821716,11.414019584655762
spagan_review2026,SpA-GAN,rrshid_test_0246_184,thin,29.464359283447266,0.8871797919273376,2.724106550216675
spagan_review2026,SpA-GAN,rrshid_test_0247_2033,thin,13.291160583496094,0.24309659004211426,17.30621910095215
spagan_review2026,SpA-GAN,rrshid_test_0248_2036,thin,21.011152267456055,0.42619022727012634,7.509637355804443
spagan_review2026,SpA-GAN,rrshid_test_0249_2163,thin,17.583412170410156,0.35782381892204285,10.280587196350098
spagan_review2026,SpA-GAN,rrshid_test_0250_2250,thin,21.932899475097656,0.4956422448158264,6.404476165771484
spagan_review2026,SpA-GAN,rrshid_test_0251_2343,thin,18.09302520751953,0.40635767579078674,12.615845680236816
spagan_review2026,SpA-GAN,rrshid_test_0252_2369,thin,17.991714477539062,0.3447458744049072,10.970993041992188
spagan_review2026,SpA-GAN,rrshid_test_0253_2372,thin,19.694982528686523,0.4243018627166748,8.401845932006836
spagan_review2026,SpA-GAN,rrshid_test_0254_2375,thin,18.553457260131836,0.43061357736587524,9.561158180236816
spagan_review2026,SpA-GAN,rrshid_test_0255_2389,thin,16.685588836669922,0.40343278646469116,12.404417037963867
spagan_review2026,SpA-GAN,rrshid_test_0256_2399,thin,19.04652214050293,0.4742322266101837,10.497929573059082
spagan_review2026,SpA-GAN,rrshid_test_0257_2451,thin,20.03427505493164,0.4589865207672119,9.033147811889648
spagan_review2026,SpA-GAN,rrshid_test_0258_2465,thin,20.58565902709961,0.48322975635528564,8.442975997924805
spagan_review2026,SpA-GAN,rrshid_test_0259_2481,thin,19.1618595123291,0.4887276589870453,9.745678901672363
spagan_review2026,SpA-GAN,rrshid_test_0260_2511,thin,22.68606185913086,0.5974190831184387,6.655889987945557
spagan_review2026,SpA-GAN,rrshid_test_0261_2543,thin,20.306167602539062,0.5785666704177856,8.413097381591797
spagan_review2026,SpA-GAN,rrshid_test_0262_2672,thin,17.34476089477539,0.5255838632583618,10.69099235534668
spagan_review2026,SpA-GAN,rrshid_test_0263_27,thin,27.602535247802734,0.7496157884597778,3.5189380645751953
spagan_review2026,SpA-GAN,rrshid_test_0264_2706,thin,20.7276611328125,0.4782087206840515,6.716071605682373
spagan_review2026,SpA-GAN,rrshid_test_0265_2725,thin,20.828420639038086,0.5470300912857056,6.130717754364014
spagan_review2026,SpA-GAN,rrshid_test_0266_2727,thin,18.848175048828125,0.4509165287017822,8.299761772155762
spagan_review2026,SpA-GAN,rrshid_test_0267_2738,thin,18.621978759765625,0.4307534098625183,8.149209022521973
spagan_review2026,SpA-GAN,rrshid_test_0268_2741,thin,17.227190017700195,0.4052894115447998,9.917025566101074
spagan_review2026,SpA-GAN,rrshid_test_0269_2749,thin,21.414308547973633,0.5835062861442566,5.641633033752441
spagan_review2026,SpA-GAN,rrshid_test_0270_2759,thin,17.900543212890625,0.47732168436050415,9.55769157409668
spagan_review2026,SpA-GAN,rrshid_test_0271_2772,thin,19.263103485107422,0.46959128975868225,7.479596138000488
spagan_review2026,SpA-GAN,rrshid_test_0272_2820,thin,19.179492950439453,0.43161407113075256,7.902166843414307
spagan_review2026,SpA-GAN,rrshid_test_0273_2863,thin,20.787769317626953,0.40629491209983826,7.021913528442383
spagan_review2026,SpA-GAN,rrshid_test_0274_2867,thin,19.521095275878906,0.4759889543056488,8.063627243041992
spagan_review2026,SpA-GAN,rrshid_test_0275_2892,thin,22.476226806640625,0.4983368217945099,5.95414924621582
spagan_review2026,SpA-GAN,rrshid_test_0276_2896,thin,20.257465362548828,0.46296602487564087,8.345563888549805
spagan_review2026,SpA-GAN,rrshid_test_0277_2898,thin,20.615720748901367,0.4726681411266327,7.876123428344727
spagan_review2026,SpA-GAN,rrshid_test_0278_2903,thin,20.391666412353516,0.4954385757446289,7.697725296020508
spagan_review2026,SpA-GAN,rrshid_test_0279_2908,thin,18.986312866210938,0.47180408239364624,8.211797714233398
spagan_review2026,SpA-GAN,rrshid_test_0280_2918,thin,19.95354461669922,0.5480331182479858,7.087761878967285
spagan_review2026,SpA-GAN,rrshid_test_0281_2919,thin,16.538354873657227,0.4469088315963745,9.952783584594727
spagan_review2026,SpA-GAN,rrshid_test_0282_2931,thin,20.909822463989258,0.5100101232528687,6.477748870849609
spagan_review2026,SpA-GAN,rrshid_test_0283_2940,thin,20.86235809326172,0.42302337288856506,8.320677757263184
spagan_review2026,SpA-GAN,rrshid_test_0284_2946,thin,19.228572845458984,0.45454537868499756,9.383676528930664
spagan_review2026,SpA-GAN,rrshid_test_0285_2953,thin,22.74998664855957,0.5287820100784302,5.944232940673828
spagan_review2026,SpA-GAN,rrshid_test_0286_2955,thin,20.14775276184082,0.48900213837623596,7.120134353637695
spagan_review2026,SpA-GAN,rrshid_test_0287_2956,thin,19.359071731567383,0.4725286662578583,7.88282585144043
spagan_review2026,SpA-GAN,rrshid_test_0288_2966,thin,17.91204261779785,0.3981049060821533,10.178223609924316
spagan_review2026,SpA-GAN,rrshid_test_0289_2976,thin,18.290254592895508,0.45019304752349854,9.474203109741211
spagan_review2026,SpA-GAN,rrshid_test_0290_2993,thin,13.028412818908691,0.17290300130844116,18.54256820678711
spagan_review2026,SpA-GAN,rrshid_test_0291_2996,thin,20.682022094726562,0.44786253571510315,8.503981590270996
spagan_review2026,SpA-GAN,rrshid_test_0292_2999,thin,22.570755004882812,0.4895889163017273,7.194553375244141
spagan_review2026,SpA-GAN,rrshid_test_0293_3008,thin,19.908039093017578,0.47848179936408997,9.0562162399292
spagan_review2026,SpA-GAN,rrshid_test_0294_3044,thin,23.522214889526367,0.5848138928413391,7.862661361694336
spagan_review2026,SpA-GAN,rrshid_test_0295_457,thin,24.49407386779785,0.5562565922737122,5.74763822555542
spagan_review2026,SpA-GAN,rrshid_test_0296_46,thin,25.13282585144043,0.7588489055633545,4.360199451446533
spagan_review2026,SpA-GAN,rrshid_test_0297_47,thin,25.02690887451172,0.7211213707923889,4.550661563873291
spagan_review2026,SpA-GAN,rrshid_test_0298_498,thin,22.266849517822266,0.6202138066291809,6.068049907684326
spagan_review2026,SpA-GAN,rrshid_test_0299_57,thin,24.919036865234375,0.79263836145401,5.542543888092041
spagan_review2026,SpA-GAN,rrshid_test_0300_823,thin,22.731521606445312,0.5964844822883606,6.397716999053955
spagan_review2026,SpA-GAN,rrshid_test_0301_88,thin,27.437475204467773,0.7078157067298889,4.192578315734863
spagan_review2026,SpA-GAN,rrshid_test_0302_95,thin,20.08525848388672,0.6313368082046509,8.979162216186523
spagan_review2026,SpA-GAN,rrshid_test_0303_972,thin,25.226076126098633,0.6560913920402527,4.54892110824585
spagan_review2026,SpA-GAN,rrshid_test_0304_990,thin,21.915807723999023,0.5093793272972107,6.880941867828369
dcil_review2026,DCIL,rrshid_test_0001_1,moderate,21.029787063598633,0.7107136249542236,6.071538925170898
dcil_review2026,DCIL,rrshid_test_0002_1014,moderate,27.88480567932129,0.843498706817627,2.974618673324585
dcil_review2026,DCIL,rrshid_test_0003_1021,moderate,27.110204696655273,0.8602291941642761,3.4458374977111816
dcil_review2026,DCIL,rrshid_test_0004_1048,moderate,29.47164535522461,0.8632162809371948,2.6065239906311035
dcil_review2026,DCIL,rrshid_test_0005_1067,moderate,28.461318969726562,0.8765454888343811,3.1762256622314453
dcil_review2026,DCIL,rrshid_test_0006_1072,moderate,27.677963256835938,0.8250400424003601,3.6017348766326904
dcil_review2026,DCIL,rrshid_test_0007_108,moderate,19.563716888427734,0.6102885603904724,8.916716575622559
dcil_review2026,DCIL,rrshid_test_0008_1098,moderate,25.488571166992188,0.7639579772949219,4.512260913848877
dcil_review2026,DCIL,rrshid_test_0009_1101,moderate,22.27872085571289,0.61333829164505,5.887621879577637
dcil_review2026,DCIL,rrshid_test_0010_1108,moderate,24.7093563079834,0.8313264846801758,3.942469596862793
dcil_review2026,DCIL,rrshid_test_0011_1134,moderate,24.823179244995117,0.8253924250602722,4.441160202026367
dcil_review2026,DCIL,rrshid_test_0012_1167,moderate,27.608816146850586,0.832995593547821,3.541210651397705
dcil_review2026,DCIL,rrshid_test_0013_1190,moderate,24.96354866027832,0.7477443814277649,5.139808654785156
dcil_review2026,DCIL,rrshid_test_0014_1201,moderate,24.495594024658203,0.7612493634223938,4.65411376953125
dcil_review2026,DCIL,rrshid_test_0015_1209,moderate,31.207849502563477,0.8799837827682495,2.7648825645446777
dcil_review2026,DCIL,rrshid_test_0016_1219,moderate,20.86115264892578,0.6024700999259949,6.921819686889648
dcil_review2026,DCIL,rrshid_test_0017_1233,moderate,26.630800247192383,0.8431413173675537,3.594970226287842
dcil_review2026,DCIL,rrshid_test_0018_1249,moderate,26.44963836669922,0.7404486536979675,5.006768226623535
dcil_review2026,DCIL,rrshid_test_0019_1253,moderate,20.562999725341797,0.6076878309249878,7.94321346282959
dcil_review2026,DCIL,rrshid_test_0020_1264,moderate,31.215307235717773,0.9062845706939697,2.667696714401245
dcil_review2026,DCIL,rrshid_test_0021_1271,moderate,25.455181121826172,0.7787371277809143,4.451809883117676
dcil_review2026,DCIL,rrshid_test_0022_1294,moderate,26.94615936279297,0.8074142932891846,3.690262794494629
dcil_review2026,DCIL,rrshid_test_0023_1299,moderate,23.440364837646484,0.6994041204452515,5.0704731941223145
dcil_review2026,DCIL,rrshid_test_0024_1305,moderate,28.963411331176758,0.8308362364768982,4.130580425262451
dcil_review2026,DCIL,rrshid_test_0025_1311,moderate,25.895118713378906,0.7240943908691406,4.7652506828308105
dcil_review2026,DCIL,rrshid_test_0026_1321,moderate,26.667804718017578,0.7897937893867493,5.032191753387451
dcil_review2026,DCIL,rrshid_test_0027_1339,moderate,24.884796142578125,0.7997419834136963,5.089652061462402
dcil_review2026,DCIL,rrshid_test_0028_134,moderate,29.21527099609375,0.8382757902145386,3.1414008140563965
dcil_review2026,DCIL,rrshid_test_0029_136,moderate,28.120868682861328,0.7562580108642578,3.5357766151428223
dcil_review2026,DCIL,rrshid_test_0030_1398,moderate,23.121044158935547,0.6800830364227295,6.134032249450684
dcil_review2026,DCIL,rrshid_test_0031_1408,moderate,25.515174865722656,0.7777245044708252,4.358037948608398
dcil_review2026,DCIL,rrshid_test_0032_1414,moderate,25.777324676513672,0.7585296034812927,4.329888820648193
dcil_review2026,DCIL,rrshid_test_0033_1443,moderate,27.151357650756836,0.7388436198234558,4.0951995849609375
dcil_review2026,DCIL,rrshid_test_0034_145,moderate,23.675928115844727,0.850367546081543,4.813109397888184
dcil_review2026,DCIL,rrshid_test_0035_1453,moderate,25.307350158691406,0.7813948392868042,4.0444231033325195
dcil_review2026,DCIL,rrshid_test_0036_1463,moderate,29.9583740234375,0.8563535213470459,3.157543897628784
dcil_review2026,DCIL,rrshid_test_0037_1469,moderate,24.751026153564453,0.7834777235984802,4.337392807006836
dcil_review2026,DCIL,rrshid_test_0038_154,moderate,23.986665725708008,0.673134446144104,5.7585225105285645
dcil_review2026,DCIL,rrshid_test_0039_1542,moderate,26.652759552001953,0.7913274168968201,3.942680597305298
dcil_review2026,DCIL,rrshid_test_0040_1543,moderate,24.340438842773438,0.6768258213996887,5.219022274017334
dcil_review2026,DCIL,rrshid_test_0041_1555,moderate,23.363948822021484,0.729273796081543,5.884893417358398
dcil_review2026,DCIL,rrshid_test_0042_1561,moderate,25.188079833984375,0.7299045324325562,5.101035118103027
dcil_review2026,DCIL,rrshid_test_0043_1563,moderate,26.901504516601562,0.7502561211585999,3.90991473197937
dcil_review2026,DCIL,rrshid_test_0044_1601,moderate,22.326602935791016,0.8499892354011536,6.221038341522217
dcil_review2026,DCIL,rrshid_test_0045_1606,moderate,18.596946716308594,0.4810425043106079,9.55439281463623
dcil_review2026,DCIL,rrshid_test_0046_1608,moderate,18.528705596923828,0.4746262729167938,9.191427230834961
dcil_review2026,DCIL,rrshid_test_0047_163,moderate,29.429153442382812,0.8456473350524902,2.8042140007019043
dcil_review2026,DCIL,rrshid_test_0048_1636,moderate,22.66208839416504,0.6635286211967468,5.4581618309021
dcil_review2026,DCIL,rrshid_test_0049_1666,moderate,19.876060485839844,0.5348940491676331,8.389942169189453
dcil_review2026,DCIL,rrshid_test_0050_1673,moderate,19.161598205566406,0.5334494113922119,9.380101203918457
dcil_review2026,DCIL,rrshid_test_0051_1691,moderate,20.429603576660156,0.5586503148078918,8.16970157623291
dcil_review2026,DCIL,rrshid_test_0052_1706,moderate,17.12236785888672,0.42772504687309265,11.879810333251953
dcil_review2026,DCIL,rrshid_test_0053_1741,moderate,18.58592987060547,0.5732147097587585,11.001082420349121
dcil_review2026,DCIL,rrshid_test_0054_1787,moderate,21.900531768798828,0.39305707812309265,6.705649375915527
dcil_review2026,DCIL,rrshid_test_0055_1809,moderate,20.485551834106445,0.5380834341049194,7.988314628601074
dcil_review2026,DCIL,rrshid_test_0056_1810,moderate,21.990314483642578,0.565925121307373,6.74726676940918
dcil_review2026,DCIL,rrshid_test_0057_1814,moderate,22.258869171142578,0.6437385678291321,6.414868354797363
dcil_review2026,DCIL,rrshid_test_0058_1822,moderate,20.74892807006836,0.4919290542602539,7.383204460144043
dcil_review2026,DCIL,rrshid_test_0059_1844,moderate,19.112316131591797,0.5898727774620056,8.850373268127441
dcil_review2026,DCIL,rrshid_test_0060_1856,moderate,20.725605010986328,0.47696924209594727,7.596615314483643
dcil_review2026,DCIL,rrshid_test_0061_1869,moderate,16.606538772583008,0.24636898934841156,12.502867698669434
dcil_review2026,DCIL,rrshid_test_0062_1873,moderate,19.243093490600586,0.3079884350299835,8.813738822937012
dcil_review2026,DCIL,rrshid_test_0063_1899,moderate,17.22676658630371,0.4014853835105896,11.209735870361328
dcil_review2026,DCIL,rrshid_test_0064_1900,moderate,22.629318237304688,0.6506842374801636,8.266188621520996
dcil_review2026,DCIL,rrshid_test_0065_1929,moderate,18.224088668823242,0.27979764342308044,10.298667907714844
dcil_review2026,DCIL,rrshid_test_0066_193,moderate,26.39940643310547,0.7506114840507507,4.307224273681641
dcil_review2026,DCIL,rrshid_test_0067_1931,moderate,19.224870681762695,0.20936155319213867,9.276666641235352
dcil_review2026,DCIL,rrshid_test_0068_1935,moderate,16.83414649963379,0.45734772086143494,12.229464530944824
dcil_review2026,DCIL,rrshid_test_0069_1961,moderate,18.67457389831543,0.6156827807426453,9.43215560913086
dcil_review2026,DCIL,rrshid_test_0070_1985,moderate,20.494394302368164,0.4473091661930084,10.43132495880127
dcil_review2026,DCIL,rrshid_test_0071_1989,moderate,18.72934341430664,0.47713613510131836,9.885013580322266
dcil_review2026,DCIL,rrshid_test_0072_2040,moderate,19.996381759643555,0.7030114531517029,7.933769702911377
dcil_review2026,DCIL,rrshid_test_0073_2041,moderate,18.41782569885254,0.7385820746421814,9.327313423156738
dcil_review2026,DCIL,rrshid_test_0074_2044,moderate,14.924172401428223,0.5198569893836975,13.368550300598145
dcil_review2026,DCIL,rrshid_test_0075_2049,moderate,23.096540451049805,0.5486156940460205,5.557180404663086
dcil_review2026,DCIL,rrshid_test_0076_2060,moderate,23.873149871826172,0.6591874957084656,5.698599815368652
dcil_review2026,DCIL,rrshid_test_0077_2061,moderate,23.612192153930664,0.6356411576271057,6.018547534942627
dcil_review2026,DCIL,rrshid_test_0078_2106,moderate,23.225502014160156,0.655806303024292,5.986269950866699
dcil_review2026,DCIL,rrshid_test_0079_2107,moderate,24.581809997558594,0.6490000486373901,4.5488481521606445
dcil_review2026,DCIL,rrshid_test_0080_2108,moderate,23.912952423095703,0.5846100449562073,5.084704875946045
dcil_review2026,DCIL,rrshid_test_0081_2116,moderate,21.975666046142578,0.6350283026695251,7.201911926269531
dcil_review2026,DCIL,rrshid_test_0082_2132,moderate,22.96358871459961,0.6374722123146057,5.958712577819824
dcil_review2026,DCIL,rrshid_test_0083_2143,moderate,23.39130401611328,0.6669065356254578,5.7953033447265625
dcil_review2026,DCIL,rrshid_test_0084_2146,moderate,14.977850914001465,0.465008944272995,14.338371276855469
dcil_review2026,DCIL,rrshid_test_0085_2174,moderate,24.6256160736084,0.6760740280151367,5.181564807891846
dcil_review2026,DCIL,rrshid_test_0086_2236,moderate,23.460100173950195,0.5922085046768188,5.51694393157959
dcil_review2026,DCIL,rrshid_test_0087_2237,moderate,23.859683990478516,0.588035523891449,5.609364986419678
dcil_review2026,DCIL,rrshid_test_0088_2261,moderate,21.380985260009766,0.6897040009498596,6.892608165740967
dcil_review2026,DCIL,rrshid_test_0089_2297,moderate,17.444433212280273,0.5310240983963013,11.21914291381836
dcil_review2026,DCIL,rrshid_test_0090_2299,moderate,19.954782485961914,0.5721529126167297,9.452392578125
dcil_review2026,DCIL,rrshid_test_0091_2313,moderate,21.886371612548828,0.572919487953186,8.052658081054688
dcil_review2026,DCIL,rrshid_test_0092_2331,moderate,21.35385513305664,0.5716540813446045,8.459834098815918
dcil_review2026,DCIL,rrshid_test_0093_2350,moderate,21.339075088500977,0.564015805721283,8.04621410369873
dcil_review2026,DCIL,rrshid_test_0094_2386,moderate,21.522436141967773,0.5488024353981018,8.106446266174316
dcil_review2026,DCIL,rrshid_test_0095_2405,moderate,20.288164138793945,0.5603421926498413,8.302664756774902
dcil_review2026,DCIL,rrshid_test_0096_2408,moderate,21.64554786682129,0.6544299125671387,6.6245036125183105
dcil_review2026,DCIL,rrshid_test_0097_2427,moderate,17.645612716674805,0.6694040894508362,9.058382034301758
dcil_review2026,DCIL,rrshid_test_0098_2434,moderate,21.825565338134766,0.611146092414856,6.2476325035095215
dcil_review2026,DCIL,rrshid_test_0099_2444,moderate,22.180397033691406,0.7593384385108948,7.832457542419434
dcil_review2026,DCIL,rrshid_test_0100_2446,moderate,19.796770095825195,0.7248897552490234,8.564878463745117
dcil_review2026,DCIL,rrshid_test_0101_2447,moderate,23.456043243408203,0.7464840412139893,5.705477714538574
dcil_review2026,DCIL,rrshid_test_0102_2474,moderate,20.54954719543457,0.7610594034194946,8.362290382385254
dcil_review2026,DCIL,rrshid_test_0103_2483,moderate,19.42416000366211,0.6698563694953918,8.686685562133789
dcil_review2026,DCIL,rrshid_test_0104_2505,moderate,23.63758087158203,0.7698611617088318,5.619866847991943
dcil_review2026,DCIL,rrshid_test_0105_2550,moderate,18.984466552734375,0.7758110761642456,9.040349006652832
dcil_review2026,DCIL,rrshid_test_0106_2561,moderate,18.981060028076172,0.6839264035224915,9.263422012329102
dcil_review2026,DCIL,rrshid_test_0107_2583,moderate,21.377164840698242,0.5483288764953613,7.203434467315674
dcil_review2026,DCIL,rrshid_test_0108_2585,moderate,23.34922981262207,0.789785623550415,5.753157138824463
dcil_review2026,DCIL,rrshid_test_0109_2615,moderate,20.124221801757812,0.6546201109886169,8.067728042602539
dcil_review2026,DCIL,rrshid_test_0110_2637,moderate,19.23269271850586,0.6375987529754639,7.650395393371582
dcil_review2026,DCIL,rrshid_test_0111_2650,moderate,22.1781005859375,0.6283777952194214,6.305319786071777
dcil_review2026,DCIL,rrshid_test_0112_2689,moderate,17.648563385009766,0.560687780380249,10.099621772766113
dcil_review2026,DCIL,rrshid_test_0113_2691,moderate,20.645572662353516,0.628334105014801,7.0448527336120605
dcil_review2026,DCIL,rrshid_test_0114_2719,moderate,20.669639587402344,0.5020982027053833,6.724877834320068
dcil_review2026,DCIL,rrshid_test_0115_2720,moderate,19.264156341552734,0.39447882771492004,9.055971145629883
dcil_review2026,DCIL,rrshid_test_0116_2790,moderate,18.984127044677734,0.4058164954185486,9.215203285217285
dcil_review2026,DCIL,rrshid_test_0117_2791,moderate,19.03181266784668,0.3593038320541382,9.97976303100586
dcil_review2026,DCIL,rrshid_test_0118_2809,moderate,19.937053680419922,0.37284815311431885,8.067503929138184
dcil_review2026,DCIL,rrshid_test_0119_2836,moderate,18.654052734375,0.4989186227321625,10.105331420898438
dcil_review2026,DCIL,rrshid_test_0120_2839,moderate,21.666370391845703,0.450410932302475,7.042124271392822
dcil_review2026,DCIL,rrshid_test_0121_2859,moderate,20.693485260009766,0.4073651134967804,8.63648796081543
dcil_review2026,DCIL,rrshid_test_0122_2888,moderate,21.476207733154297,0.4512418806552887,6.388637065887451
dcil_review2026,DCIL,rrshid_test_0123_2913,moderate,21.817222595214844,0.5878171920776367,5.877372741699219
dcil_review2026,DCIL,rrshid_test_0124_292,moderate,23.997488021850586,0.7210044264793396,5.762800216674805
dcil_review2026,DCIL,rrshid_test_0125_320,moderate,25.035354614257812,0.7310280799865723,5.725123882293701
dcil_review2026,DCIL,rrshid_test_0126_337,moderate,26.01556396484375,0.7764708995819092,3.7697479724884033
dcil_review2026,DCIL,rrshid_test_0127_338,moderate,26.207475662231445,0.7874354124069214,4.1073317527771
dcil_review2026,DCIL,rrshid_test_0128_35,moderate,26.072237014770508,0.7498594522476196,3.967433452606201
dcil_review2026,DCIL,rrshid_test_0129_360,moderate,27.423561096191406,0.7547476291656494,4.110838413238525
dcil_review2026,DCIL,rrshid_test_0130_373,moderate,25.181930541992188,0.7809896469116211,4.142416000366211
dcil_review2026,DCIL,rrshid_test_0131_411,moderate,27.371421813964844,0.8097635507583618,3.630300760269165
dcil_review2026,DCIL,rrshid_test_0132_417,moderate,26.9359130859375,0.7744208574295044,3.4702937602996826
dcil_review2026,DCIL,rrshid_test_0133_451,moderate,29.108325958251953,0.8120314478874207,3.389310836791992
dcil_review2026,DCIL,rrshid_test_0134_454,moderate,26.22714614868164,0.8054978847503662,3.7224178314208984
dcil_review2026,DCIL,rrshid_test_0135_49,moderate,25.132526397705078,0.7667044401168823,4.166253089904785
dcil_review2026,DCIL,rrshid_test_0136_579,moderate,23.724445343017578,0.6665128469467163,5.171655654907227
dcil_review2026,DCIL,rrshid_test_0137_65,moderate,24.426515579223633,0.7578540444374084,4.568932056427002
dcil_review2026,DCIL,rrshid_test_0138_699,moderate,23.484310150146484,0.7820228934288025,5.573249340057373
dcil_review2026,DCIL,rrshid_test_0139_701,moderate,24.96184539794922,0.7160035967826843,4.503887176513672
dcil_review2026,DCIL,rrshid_test_0140_703,moderate,27.02632713317871,0.8406112194061279,3.5136022567749023
dcil_review2026,DCIL,rrshid_test_0141_708,moderate,31.281726837158203,0.8971143364906311,2.3054087162017822
dcil_review2026,DCIL,rrshid_test_0142_71,moderate,24.403949737548828,0.7503268122673035,4.975122451782227
dcil_review2026,DCIL,rrshid_test_0143_712,moderate,27.984779357910156,0.8111034035682678,3.3542261123657227
dcil_review2026,DCIL,rrshid_test_0144_752,moderate,25.168193817138672,0.6940935850143433,5.134487152099609
dcil_review2026,DCIL,rrshid_test_0145_786,moderate,29.206260681152344,0.8719844222068787,2.9626500606536865
dcil_review2026,DCIL,rrshid_test_0146_789,moderate,27.01254653930664,0.8368157744407654,3.956206798553467
dcil_review2026,DCIL,rrshid_test_0147_81,moderate,30.760326385498047,0.8660822510719299,2.876925468444824
dcil_review2026,DCIL,rrshid_test_0148_864,moderate,28.0955867767334,0.8139089941978455,3.446204900741577
dcil_review2026,DCIL,rrshid_test_0149_907,moderate,26.584583282470703,0.8437478542327881,3.674839735031128
dcil_review2026,DCIL,rrshid_test_0150_929,moderate,28.652286529541016,0.8604884147644043,2.6178693771362305
dcil_review2026,DCIL,rrshid_test_0151_989,moderate,25.05042839050293,0.7521994709968567,4.976173400878906
dcil_review2026,DCIL,rrshid_test_0152_99,moderate,25.14690399169922,0.77207350730896,4.601916313171387
dcil_review2026,DCIL,rrshid_test_0153_1060,thick,24.383846282958984,0.6861844658851624,4.96409797668457
dcil_review2026,DCIL,rrshid_test_0154_1104,thick,24.804035186767578,0.6696193218231201,5.428470134735107
dcil_review2026,DCIL,rrshid_test_0155_1116,thick,23.603790283203125,0.7037888169288635,7.134311676025391
dcil_review2026,DCIL,rrshid_test_0156_1145,thick,23.387231826782227,0.6410167217254639,6.039491653442383
dcil_review2026,DCIL,rrshid_test_0157_1164,thick,19.733539581298828,0.6798561215400696,8.84450626373291
dcil_review2026,DCIL,rrshid_test_0158_1243,thick,22.271146774291992,0.7421445250511169,6.59797477722168
dcil_review2026,DCIL,rrshid_test_0159_1262,thick,27.543930053710938,0.7808274030685425,3.6671602725982666
dcil_review2026,DCIL,rrshid_test_0160_1369,thick,29.779836654663086,0.7948969006538391,3.49776029586792
dcil_review2026,DCIL,rrshid_test_0161_1370,thick,29.011594772338867,0.8210738301277161,3.3996198177337646
dcil_review2026,DCIL,rrshid_test_0162_1388,thick,23.795501708984375,0.7497979998588562,5.2055439949035645
dcil_review2026,DCIL,rrshid_test_0163_1520,thick,27.686147689819336,0.7263491153717041,3.6921448707580566
dcil_review2026,DCIL,rrshid_test_0164_156,thick,24.28173828125,0.673710286617279,5.335294723510742
dcil_review2026,DCIL,rrshid_test_0165_1852,thick,18.006845474243164,0.3128161132335663,10.87265682220459
dcil_review2026,DCIL,rrshid_test_0166_1891,thick,19.8262996673584,0.2850589156150818,8.778058052062988
dcil_review2026,DCIL,rrshid_test_0167_1907,thick,18.85999870300293,0.346303790807724,10.164810180664062
dcil_review2026,DCIL,rrshid_test_0168_1910,thick,19.50262451171875,0.2561747133731842,9.608154296875
dcil_review2026,DCIL,rrshid_test_0169_1911,thick,19.631359100341797,0.3762519955635071,8.706207275390625
dcil_review2026,DCIL,rrshid_test_0170_221,thick,29.665027618408203,0.8973483443260193,3.2996819019317627
dcil_review2026,DCIL,rrshid_test_0171_232,thick,24.786518096923828,0.8414404392242432,4.453185081481934
dcil_review2026,DCIL,rrshid_test_0172_2487,thick,20.461467742919922,0.7424188256263733,8.010568618774414
dcil_review2026,DCIL,rrshid_test_0173_2495,thick,11.35511302947998,0.360528826713562,23.246543884277344
dcil_review2026,DCIL,rrshid_test_0174_2527,thick,24.57707405090332,0.7629438638687134,4.633397102355957
dcil_review2026,DCIL,rrshid_test_0175_2568,thick,21.74007225036621,0.8252904415130615,6.6898322105407715
dcil_review2026,DCIL,rrshid_test_0176_2591,thick,24.458782196044922,0.8136307001113892,4.092064380645752
dcil_review2026,DCIL,rrshid_test_0177_2630,thick,20.84440040588379,0.7974531650543213,6.367719650268555
dcil_review2026,DCIL,rrshid_test_0178_2643,thick,17.607616424560547,0.47196897864341736,11.2287015914917
dcil_review2026,DCIL,rrshid_test_0179_2696,thick,17.927345275878906,0.37513238191604614,10.233593940734863
dcil_review2026,DCIL,rrshid_test_0180_274,thick,26.90354347229004,0.8281611204147339,3.443936586380005
dcil_review2026,DCIL,rrshid_test_0181_315,thick,25.94013023376465,0.856410026550293,3.737041473388672
dcil_review2026,DCIL,rrshid_test_0182_335,thick,24.524616241455078,0.6883004307746887,5.165578842163086
dcil_review2026,DCIL,rrshid_test_0183_353,thick,27.2110595703125,0.8271166682243347,3.42195725440979
dcil_review2026,DCIL,rrshid_test_0184_354,thick,23.24831771850586,0.7223055958747864,5.423679828643799
dcil_review2026,DCIL,rrshid_test_0185_362,thick,31.795677185058594,0.8653587102890015,2.6130504608154297
dcil_review2026,DCIL,rrshid_test_0186_374,thick,25.36829948425293,0.707272469997406,4.292352199554443
dcil_review2026,DCIL,rrshid_test_0187_404,thick,24.349895477294922,0.8528266549110413,5.00071907043457
dcil_review2026,DCIL,rrshid_test_0188_429,thick,25.06909942626953,0.7728613615036011,4.648102760314941
dcil_review2026,DCIL,rrshid_test_0189_431,thick,23.722734451293945,0.7338083386421204,5.448829650878906
dcil_review2026,DCIL,rrshid_test_0190_435,thick,24.02392578125,0.7202896475791931,5.124397277832031
dcil_review2026,DCIL,rrshid_test_0191_478,thick,22.941402435302734,0.8081369996070862,6.650241851806641
dcil_review2026,DCIL,rrshid_test_0192_480,thick,25.72748565673828,0.727540135383606,4.681829452514648
dcil_review2026,DCIL,rrshid_test_0193_486,thick,30.11585235595703,0.8918566107749939,2.8073315620422363
dcil_review2026,DCIL,rrshid_test_0194_508,thick,23.856807708740234,0.6667701601982117,6.192691802978516
dcil_review2026,DCIL,rrshid_test_0195_516,thick,28.648487091064453,0.9064853191375732,2.6827406883239746
dcil_review2026,DCIL,rrshid_test_0196_517,thick,28.814697265625,0.9040278196334839,3.0431532859802246
dcil_review2026,DCIL,rrshid_test_0197_520,thick,25.71342658996582,0.8484603762626648,4.01108980178833
dcil_review2026,DCIL,rrshid_test_0198_578,thick,25.321849822998047,0.6689082980155945,4.797698974609375
dcil_review2026,DCIL,rrshid_test_0199_589,thick,24.708065032958984,0.8184459209442139,4.518312454223633
dcil_review2026,DCIL,rrshid_test_0200_596,thick,26.201942443847656,0.8198516964912415,4.104178428649902
dcil_review2026,DCIL,rrshid_test_0201_598,thick,25.865386962890625,0.8273659944534302,5.227715969085693
dcil_review2026,DCIL,rrshid_test_0202_602,thick,23.235084533691406,0.7741753458976746,6.126382350921631
dcil_review2026,DCIL,rrshid_test_0203_609,thick,26.321544647216797,0.6570729613304138,4.762990474700928
dcil_review2026,DCIL,rrshid_test_0204_635,thick,25.679584503173828,0.7424367666244507,4.951457500457764
dcil_review2026,DCIL,rrshid_test_0205_638,thick,26.17854118347168,0.8313366174697876,4.99776554107666
dcil_review2026,DCIL,rrshid_test_0206_645,thick,23.499340057373047,0.730930507183075,5.833540916442871
dcil_review2026,DCIL,rrshid_test_0207_655,thick,25.569408416748047,0.7563996315002441,4.523822784423828
dcil_review2026,DCIL,rrshid_test_0208_674,thick,25.506996154785156,0.8159049153327942,4.317918300628662
dcil_review2026,DCIL,rrshid_test_0209_682,thick,25.455703735351562,0.7445290088653564,5.010693073272705
dcil_review2026,DCIL,rrshid_test_0210_684,thick,24.504806518554688,0.7774298191070557,5.117785453796387
dcil_review2026,DCIL,rrshid_test_0211_685,thick,22.838647842407227,0.7694005370140076,5.665205478668213
dcil_review2026,DCIL,rrshid_test_0212_698,thick,24.180992126464844,0.7788087725639343,5.896795272827148
dcil_review2026,DCIL,rrshid_test_0213_725,thick,24.323566436767578,0.7891473770141602,4.842886924743652
dcil_review2026,DCIL,rrshid_test_0214_757,thick,25.994417190551758,0.8022119998931885,4.3322930335998535
dcil_review2026,DCIL,rrshid_test_0215_759,thick,29.17102813720703,0.7650114297866821,3.672520875930786
dcil_review2026,DCIL,rrshid_test_0216_764,thick,28.1641845703125,0.8698322176933289,3.658348560333252
dcil_review2026,DCIL,rrshid_test_0217_765,thick,28.654977798461914,0.8793898224830627,3.1240320205688477
dcil_review2026,DCIL,rrshid_test_0218_801,thick,28.239227294921875,0.7678079009056091,3.8840250968933105
dcil_review2026,DCIL,rrshid_test_0219_820,thick,26.039445877075195,0.812330961227417,4.84779691696167
dcil_review2026,DCIL,rrshid_test_0220_851,thick,25.185718536376953,0.8230230212211609,5.305586814880371
dcil_review2026,DCIL,rrshid_test_0221_858,thick,23.961151123046875,0.5564583539962769,5.745885848999023
dcil_review2026,DCIL,rrshid_test_0222_885,thick,25.164913177490234,0.6997343897819519,5.340125560760498
dcil_review2026,DCIL,rrshid_test_0223_897,thick,26.366031646728516,0.7393595576286316,4.466835975646973
dcil_review2026,DCIL,rrshid_test_0224_899,thick,23.746910095214844,0.553997278213501,5.962118148803711
dcil_review2026,DCIL,rrshid_test_0225_911,thick,28.83979034423828,0.8333889245986938,3.608279228210449
dcil_review2026,DCIL,rrshid_test_0226_956,thick,28.04538345336914,0.7590404152870178,3.8374814987182617
dcil_review2026,DCIL,rrshid_test_0227_957,thick,29.5018310546875,0.84394770860672,3.090951442718506
dcil_review2026,DCIL,rrshid_test_0228_961,thick,26.689550399780273,0.6536459922790527,4.707943439483643
dcil_review2026,DCIL,rrshid_test_0229_1023,thin,30.802953720092773,0.9088877439498901,2.298990249633789
dcil_review2026,DCIL,rrshid_test_0230_1035,thin,26.054519653320312,0.7195662260055542,4.992222785949707
dcil_review2026,DCIL,rrshid_test_0231_1075,thin,24.816883087158203,0.7201448082923889,5.449036121368408
dcil_review2026,DCIL,rrshid_test_0232_1230,thin,27.604063034057617,0.8117555975914001,4.084262847900391
dcil_review2026,DCIL,rrshid_test_0233_1291,thin,27.28305435180664,0.828619122505188,4.114208698272705
dcil_review2026,DCIL,rrshid_test_0234_1292,thin,26.679075241088867,0.7650399208068848,4.543464183807373
dcil_review2026,DCIL,rrshid_test_0235_1295,thin,23.096275329589844,0.6823301315307617,5.136960983276367
dcil_review2026,DCIL,rrshid_test_0236_130,thin,22.531862258911133,0.6297849416732788,7.63670539855957
dcil_review2026,DCIL,rrshid_test_0237_1422,thin,25.486644744873047,0.7002768516540527,4.9080023765563965
dcil_review2026,DCIL,rrshid_test_0238_1432,thin,24.396503448486328,0.6551180481910706,4.997247695922852
dcil_review2026,DCIL,rrshid_test_0239_1571,thin,26.828460693359375,0.7936280369758606,4.313673496246338
dcil_review2026,DCIL,rrshid_test_0240_1615,thin,17.72337532043457,0.5993597507476807,9.317992210388184
dcil_review2026,DCIL,rrshid_test_0241_1738,thin,22.50530433654785,0.7064193487167358,6.903242111206055
dcil_review2026,DCIL,rrshid_test_0242_1744,thin,15.7883882522583,0.6299642324447632,12.050678253173828
dcil_review2026,DCIL,rrshid_test_0243_1746,thin,20.312253952026367,0.6176316142082214,8.039190292358398
dcil_review2026,DCIL,rrshid_test_0244_1747,thin,20.30673599243164,0.5467914342880249,8.39615535736084
dcil_review2026,DCIL,rrshid_test_0245_1762,thin,17.86078643798828,0.6472213864326477,10.056259155273438
dcil_review2026,DCIL,rrshid_test_0246_184,thin,28.149845123291016,0.8933491706848145,2.7794251441955566
dcil_review2026,DCIL,rrshid_test_0247_2033,thin,15.321793556213379,0.44594302773475647,13.736137390136719
dcil_review2026,DCIL,rrshid_test_0248_2036,thin,23.580753326416016,0.606626033782959,5.602284908294678
dcil_review2026,DCIL,rrshid_test_0249_2163,thin,21.23548698425293,0.6631613373756409,7.638180732727051
dcil_review2026,DCIL,rrshid_test_0250_2250,thin,23.98361587524414,0.6402112245559692,5.003771781921387
dcil_review2026,DCIL,rrshid_test_0251_2343,thin,19.964231491088867,0.5370299220085144,9.452141761779785
dcil_review2026,DCIL,rrshid_test_0252_2369,thin,20.411365509033203,0.5266041159629822,8.68071174621582
dcil_review2026,DCIL,rrshid_test_0253_2372,thin,20.059078216552734,0.4927417039871216,8.582036018371582
dcil_review2026,DCIL,rrshid_test_0254_2375,thin,20.178415298461914,0.5873371958732605,8.616683959960938
dcil_review2026,DCIL,rrshid_test_0255_2389,thin,19.069114685058594,0.5865005254745483,10.400948524475098
dcil_review2026,DCIL,rrshid_test_0256_2399,thin,20.268709182739258,0.5879836678504944,8.601327896118164
dcil_review2026,DCIL,rrshid_test_0257_2451,thin,20.44560432434082,0.5505293011665344,8.849002838134766
dcil_review2026,DCIL,rrshid_test_0258_2465,thin,21.7269344329834,0.6468881368637085,7.461373329162598
dcil_review2026,DCIL,rrshid_test_0259_2481,thin,19.287254333496094,0.5644307732582092,10.356786727905273
dcil_review2026,DCIL,rrshid_test_0260_2511,thin,22.2987003326416,0.6285336017608643,7.79319953918457
dcil_review2026,DCIL,rrshid_test_0261_2543,thin,22.359813690185547,0.6368909478187561,7.0386223793029785
dcil_review2026,DCIL,rrshid_test_0262_2672,thin,18.468921661376953,0.6021222472190857,12.036070823669434
dcil_review2026,DCIL,rrshid_test_0263_27,thin,27.51415252685547,0.7927180528640747,3.189232349395752
dcil_review2026,DCIL,rrshid_test_0264_2706,thin,17.385822296142578,0.38792935013771057,10.056317329406738
dcil_review2026,DCIL,rrshid_test_0265_2725,thin,16.099990844726562,0.3776911497116089,11.637500762939453
dcil_review2026,DCIL,rrshid_test_0266_2727,thin,17.237398147583008,0.41094771027565,10.393417358398438
dcil_review2026,DCIL,rrshid_test_0267_2738,thin,16.299549102783203,0.3383030891418457,11.851229667663574
dcil_review2026,DCIL,rrshid_test_0268_2741,thin,16.38135528564453,0.41072943806648254,12.227609634399414
dcil_review2026,DCIL,rrshid_test_0269_2749,thin,18.211509704589844,0.4132632911205292,9.842302322387695
dcil_review2026,DCIL,rrshid_test_0270_2759,thin,17.168195724487305,0.4217424690723419,11.448251724243164
dcil_review2026,DCIL,rrshid_test_0271_2772,thin,14.630401611328125,0.27457889914512634,13.99535083770752
dcil_review2026,DCIL,rrshid_test_0272_2820,thin,16.000274658203125,0.30690842866897583,12.00734806060791
dcil_review2026,DCIL,rrshid_test_0273_2863,thin,14.822755813598633,0.22718481719493866,13.292905807495117
dcil_review2026,DCIL,rrshid_test_0274_2867,thin,17.433502197265625,0.34424710273742676,10.776626586914062
dcil_review2026,DCIL,rrshid_test_0275_2892,thin,16.49020004272461,0.24529682099819183,11.31283950805664
dcil_review2026,DCIL,rrshid_test_0276_2896,thin,21.740190505981445,0.5470684766769409,7.888117790222168
dcil_review2026,DCIL,rrshid_test_0277_2898,thin,18.146289825439453,0.4114132225513458,10.502303123474121
dcil_review2026,DCIL,rrshid_test_0278_2903,thin,17.173768997192383,0.38163599371910095,11.046806335449219
dcil_review2026,DCIL,rrshid_test_0279_2908,thin,17.02393341064453,0.3216891884803772,11.4249849319458
dcil_review2026,DCIL,rrshid_test_0280_2918,thin,17.038724899291992,0.3814460039138794,11.32524585723877
dcil_review2026,DCIL,rrshid_test_0281_2919,thin,13.041177749633789,0.2924234867095947,16.24741554260254
dcil_review2026,DCIL,rrshid_test_0282_2931,thin,15.22245979309082,0.2427346408367157,12.763734817504883
dcil_review2026,DCIL,rrshid_test_0283_2940,thin,19.435302734375,0.3818303942680359,9.177388191223145
dcil_review2026,DCIL,rrshid_test_0284_2946,thin,20.616180419921875,0.5040891170501709,8.688028335571289
dcil_review2026,DCIL,rrshid_test_0285_2953,thin,16.194120407104492,0.3222053050994873,11.38692569732666
dcil_review2026,DCIL,rrshid_test_0286_2955,thin,15.483622550964355,0.28668439388275146,13.302558898925781
dcil_review2026,DCIL,rrshid_test_0287_2956,thin,14.914369583129883,0.31000998616218567,14.075187683105469
dcil_review2026,DCIL,rrshid_test_0288_2966,thin,16.877599716186523,0.35314077138900757,11.198104858398438
dcil_review2026,DCIL,rrshid_test_0289_2976,thin,18.657865524291992,0.38023412227630615,10.042913436889648
dcil_review2026,DCIL,rrshid_test_0290_2993,thin,14.247587203979492,0.17518065869808197,17.92169952392578
dcil_review2026,DCIL,rrshid_test_0291_2996,thin,20.618465423583984,0.25400182604789734,8.395188331604004
dcil_review2026,DCIL,rrshid_test_0292_2999,thin,19.47909927368164,0.32928889989852905,9.040024757385254
dcil_review2026,DCIL,rrshid_test_0293_3008,thin,19.534128189086914,0.4801570177078247,9.335660934448242
dcil_review2026,DCIL,rrshid_test_0294_3044,thin,19.688865661621094,0.5977723002433777,8.224811553955078
dcil_review2026,DCIL,rrshid_test_0295_457,thin,24.10211753845215,0.6215360760688782,4.951894283294678
dcil_review2026,DCIL,rrshid_test_0296_46,thin,24.786834716796875,0.785274088382721,4.279524803161621
dcil_review2026,DCIL,rrshid_test_0297_47,thin,24.613388061523438,0.7249172925949097,4.662248611450195
dcil_review2026,DCIL,rrshid_test_0298_498,thin,23.672203063964844,0.5958269238471985,5.032614231109619
dcil_review2026,DCIL,rrshid_test_0299_57,thin,29.899904251098633,0.8242379426956177,2.9146780967712402
dcil_review2026,DCIL,rrshid_test_0300_823,thin,25.24106788635254,0.6912953853607178,4.903291702270508
dcil_review2026,DCIL,rrshid_test_0301_88,thin,29.421594619750977,0.7911417484283447,3.1313366889953613
dcil_review2026,DCIL,rrshid_test_0302_95,thin,21.767730712890625,0.6786096096038818,6.6780195236206055
dcil_review2026,DCIL,rrshid_test_0303_972,thin,28.176515579223633,0.7472397089004517,3.3919029235839844
dcil_review2026,DCIL,rrshid_test_0304_990,thin,25.336978912353516,0.7591992616653442,4.879851818084717
dehazeformer_review2026,DehazeFormer,rrshid_test_0001_1,moderate,20.723072052001953,0.6668779253959656,7.0250749588012695
dehazeformer_review2026,DehazeFormer,rrshid_test_0002_1014,moderate,28.03652000427246,0.8478775024414062,2.928691864013672
dehazeformer_review2026,DehazeFormer,rrshid_test_0003_1021,moderate,27.78668975830078,0.8610535264015198,3.362802505493164
dehazeformer_review2026,DehazeFormer,rrshid_test_0004_1048,moderate,29.679279327392578,0.8651418685913086,2.5030884742736816
dehazeformer_review2026,DehazeFormer,rrshid_test_0005_1067,moderate,27.63006591796875,0.8612147569656372,3.186253786087036
dehazeformer_review2026,DehazeFormer,rrshid_test_0006_1072,moderate,28.933914184570312,0.8184515833854675,3.2300820350646973
dehazeformer_review2026,DehazeFormer,rrshid_test_0007_108,moderate,17.449501037597656,0.6208533048629761,10.894196510314941
dehazeformer_review2026,DehazeFormer,rrshid_test_0008_1098,moderate,25.494043350219727,0.7488338947296143,4.400247573852539
dehazeformer_review2026,DehazeFormer,rrshid_test_0009_1101,moderate,23.991682052612305,0.6378687620162964,4.835451126098633
dehazeformer_review2026,DehazeFormer,rrshid_test_0010_1108,moderate,24.140016555786133,0.8241375684738159,4.286875247955322
dehazeformer_review2026,DehazeFormer,rrshid_test_0011_1134,moderate,26.881389617919922,0.8355511426925659,3.6157071590423584
dehazeformer_review2026,DehazeFormer,rrshid_test_0012_1167,moderate,27.937822341918945,0.8314090967178345,3.392324924468994
dehazeformer_review2026,DehazeFormer,rrshid_test_0013_1190,moderate,25.262737274169922,0.7178777456283569,4.85533332824707
dehazeformer_review2026,DehazeFormer,rrshid_test_0014_1201,moderate,25.064565658569336,0.7621654868125916,4.185281276702881
dehazeformer_review2026,DehazeFormer,rrshid_test_0015_1209,moderate,31.3487548828125,0.8816359639167786,2.4250617027282715
dehazeformer_review2026,DehazeFormer,rrshid_test_0016_1219,moderate,21.45451545715332,0.5748130083084106,6.39696741104126
dehazeformer_review2026,DehazeFormer,rrshid_test_0017_1233,moderate,25.666353225708008,0.830528736114502,3.359506845474243
dehazeformer_review2026,DehazeFormer,rrshid_test_0018_1249,moderate,26.644474029541016,0.7224180102348328,4.321547508239746
dehazeformer_review2026,DehazeFormer,rrshid_test_0019_1253,moderate,20.489625930786133,0.573707103729248,8.128583908081055
dehazeformer_review2026,DehazeFormer,rrshid_test_0020_1264,moderate,30.173728942871094,0.8961002826690674,2.6274337768554688
dehazeformer_review2026,DehazeFormer,rrshid_test_0021_1271,moderate,25.122161865234375,0.7516697645187378,4.392910480499268
dehazeformer_review2026,DehazeFormer,rrshid_test_0022_1294,moderate,27.246139526367188,0.7994772791862488,3.420604705810547
dehazeformer_review2026,DehazeFormer,rrshid_test_0023_1299,moderate,23.744186401367188,0.6882967948913574,4.928365707397461
dehazeformer_review2026,DehazeFormer,rrshid_test_0024_1305,moderate,28.041963577270508,0.8136107325553894,3.964170217514038
dehazeformer_review2026,DehazeFormer,rrshid_test_0025_1311,moderate,26.252042770385742,0.7035465836524963,4.275464057922363
dehazeformer_review2026,DehazeFormer,rrshid_test_0026_1321,moderate,27.7987117767334,0.7723219990730286,4.358023166656494
dehazeformer_review2026,DehazeFormer,rrshid_test_0027_1339,moderate,25.98686981201172,0.777869701385498,4.523722171783447
dehazeformer_review2026,DehazeFormer,rrshid_test_0028_134,moderate,30.913372039794922,0.8433942794799805,2.5811352729797363
dehazeformer_review2026,DehazeFormer,rrshid_test_0029_136,moderate,28.828449249267578,0.7490042448043823,3.3150808811187744
dehazeformer_review2026,DehazeFormer,rrshid_test_0030_1398,moderate,22.67284393310547,0.6827049255371094,6.189520835876465
dehazeformer_review2026,DehazeFormer,rrshid_test_0031_1408,moderate,26.288917541503906,0.7731457352638245,3.9597222805023193
dehazeformer_review2026,DehazeFormer,rrshid_test_0032_1414,moderate,26.636045455932617,0.7639263868331909,3.8440239429473877
dehazeformer_review2026,DehazeFormer,rrshid_test_0033_1443,moderate,27.276805877685547,0.7149362564086914,4.015151023864746
dehazeformer_review2026,DehazeFormer,rrshid_test_0034_145,moderate,27.969940185546875,0.8702085018157959,3.317619562149048
dehazeformer_review2026,DehazeFormer,rrshid_test_0035_1453,moderate,25.25113868713379,0.7889690399169922,4.199589252471924
dehazeformer_review2026,DehazeFormer,rrshid_test_0036_1463,moderate,30.351648330688477,0.8515563011169434,3.0186359882354736
dehazeformer_review2026,DehazeFormer,rrshid_test_0037_1469,moderate,27.421619415283203,0.7823816537857056,3.8684020042419434
dehazeformer_review2026,DehazeFormer,rrshid_test_0038_154,moderate,24.408641815185547,0.6618857979774475,4.843198776245117
dehazeformer_review2026,DehazeFormer,rrshid_test_0039_1542,moderate,26.273605346679688,0.7852410078048706,3.748422145843506
dehazeformer_review2026,DehazeFormer,rrshid_test_0040_1543,moderate,24.540319442749023,0.6703607439994812,4.879383087158203
dehazeformer_review2026,DehazeFormer,rrshid_test_0041_1555,moderate,22.593830108642578,0.7140704393386841,6.283877372741699
dehazeformer_review2026,DehazeFormer,rrshid_test_0042_1561,moderate,25.262231826782227,0.72612065076828,4.707878589630127
dehazeformer_review2026,DehazeFormer,rrshid_test_0043_1563,moderate,27.368846893310547,0.7511688470840454,3.8285818099975586
dehazeformer_review2026,DehazeFormer,rrshid_test_0044_1601,moderate,26.69220733642578,0.8580755591392517,3.788304090499878
dehazeformer_review2026,DehazeFormer,rrshid_test_0045_1606,moderate,19.11256980895996,0.4734928011894226,9.151028633117676
dehazeformer_review2026,DehazeFormer,rrshid_test_0046_1608,moderate,17.134544372558594,0.4407486319541931,10.208148002624512
dehazeformer_review2026,DehazeFormer,rrshid_test_0047_163,moderate,30.390926361083984,0.8489373922348022,2.7981112003326416
dehazeformer_review2026,DehazeFormer,rrshid_test_0048_1636,moderate,23.033504486083984,0.6533202528953552,5.383615493774414
dehazeformer_review2026,DehazeFormer,rrshid_test_0049_1666,moderate,19.74171257019043,0.5084474682807922,8.433706283569336
dehazeformer_review2026,DehazeFormer,rrshid_test_0050_1673,moderate,18.075641632080078,0.49331143498420715,9.810730934143066
dehazeformer_review2026,DehazeFormer,rrshid_test_0051_1691,moderate,19.461448669433594,0.510414183139801,8.382731437683105
dehazeformer_review2026,DehazeFormer,rrshid_test_0052_1706,moderate,17.158018112182617,0.4079660177230835,10.892557144165039
dehazeformer_review2026,DehazeFormer,rrshid_test_0053_1741,moderate,18.820510864257812,0.5491119623184204,10.589022636413574
dehazeformer_review2026,DehazeFormer,rrshid_test_0054_1787,moderate,21.380062103271484,0.3893629312515259,6.944139003753662
dehazeformer_review2026,DehazeFormer,rrshid_test_0055_1809,moderate,21.520259857177734,0.5441038012504578,6.9983086585998535
dehazeformer_review2026,DehazeFormer,rrshid_test_0056_1810,moderate,20.490903854370117,0.5376768708229065,7.822843551635742
dehazeformer_review2026,DehazeFormer,rrshid_test_0057_1814,moderate,20.105960845947266,0.5946846604347229,8.097002983093262
dehazeformer_review2026,DehazeFormer,rrshid_test_0058_1822,moderate,17.722421646118164,0.456537663936615,10.432890892028809
dehazeformer_review2026,DehazeFormer,rrshid_test_0059_1844,moderate,15.949920654296875,0.5619635581970215,12.952924728393555
dehazeformer_review2026,DehazeFormer,rrshid_test_0060_1856,moderate,20.688302993774414,0.47508618235588074,7.233579158782959
dehazeformer_review2026,DehazeFormer,rrshid_test_0061_1869,moderate,18.211807250976562,0.26820704340934753,9.434704780578613
dehazeformer_review2026,DehazeFormer,rrshid_test_0062_1873,moderate,16.162084579467773,0.28540223836898804,12.106640815734863
dehazeformer_review2026,DehazeFormer,rrshid_test_0063_1899,moderate,16.8570613861084,0.39782649278640747,11.62784481048584
dehazeformer_review2026,DehazeFormer,rrshid_test_0064_1900,moderate,23.228425979614258,0.6359126567840576,7.459972381591797
dehazeformer_review2026,DehazeFormer,rrshid_test_0065_1929,moderate,18.021495819091797,0.2778046131134033,10.380414962768555
dehazeformer_review2026,DehazeFormer,rrshid_test_0066_193,moderate,24.331295013427734,0.7289808392524719,5.289508819580078
dehazeformer_review2026,DehazeFormer,rrshid_test_0067_1931,moderate,19.514041900634766,0.2072058767080307,8.299856185913086
dehazeformer_review2026,DehazeFormer,rrshid_test_0068_1935,moderate,17.353092193603516,0.46278467774391174,11.112449645996094
dehazeformer_review2026,DehazeFormer,rrshid_test_0069_1961,moderate,18.907093048095703,0.6123525500297546,9.382570266723633
dehazeformer_review2026,DehazeFormer,rrshid_test_0070_1985,moderate,20.016380310058594,0.35650187730789185,10.6465482711792
dehazeformer_review2026,DehazeFormer,rrshid_test_0071_1989,moderate,20.136796951293945,0.45900610089302063,8.556811332702637
dehazeformer_review2026,DehazeFormer,rrshid_test_0072_2040,moderate,20.31061553955078,0.6959233283996582,7.653125762939453
dehazeformer_review2026,DehazeFormer,rrshid_test_0073_2041,moderate,23.704246520996094,0.7587754130363464,5.1179280281066895
dehazeformer_review2026,DehazeFormer,rrshid_test_0074_2044,moderate,14.736824035644531,0.4980868101119995,14.508617401123047
dehazeformer_review2026,DehazeFormer,rrshid_test_0075_2049,moderate,20.23459243774414,0.5246291756629944,7.618416786193848
dehazeformer_review2026,DehazeFormer,rrshid_test_0076_2060,moderate,25.62484359741211,0.6593202352523804,4.593122482299805
dehazeformer_review2026,DehazeFormer,rrshid_test_0077_2061,moderate,23.867191314697266,0.6244434714317322,5.581869602203369
dehazeformer_review2026,DehazeFormer,rrshid_test_0078_2106,moderate,23.143070220947266,0.6308143734931946,5.9245924949646
dehazeformer_review2026,DehazeFormer,rrshid_test_0079_2107,moderate,23.301088333129883,0.6335650682449341,5.436305046081543
dehazeformer_review2026,DehazeFormer,rrshid_test_0080_2108,moderate,22.49671745300293,0.5626790523529053,5.857472896575928
dehazeformer_review2026,DehazeFormer,rrshid_test_0081_2116,moderate,22.67792510986328,0.6112706661224365,5.606812000274658
dehazeformer_review2026,DehazeFormer,rrshid_test_0082_2132,moderate,22.265422821044922,0.6085588335990906,6.2541961669921875
dehazeformer_review2026,DehazeFormer,rrshid_test_0083_2143,moderate,22.595539093017578,0.6321159601211548,6.087954998016357
dehazeformer_review2026,DehazeFormer,rrshid_test_0084_2146,moderate,17.612621307373047,0.4792545437812805,10.72194766998291
dehazeformer_review2026,DehazeFormer,rrshid_test_0085_2174,moderate,24.431581497192383,0.6510955095291138,5.192139625549316
dehazeformer_review2026,DehazeFormer,rrshid_test_0086_2236,moderate,23.03877067565918,0.5860737562179565,5.682982444763184
dehazeformer_review2026,DehazeFormer,rrshid_test_0087_2237,moderate,24.829675674438477,0.5854562520980835,4.919042110443115
dehazeformer_review2026,DehazeFormer,rrshid_test_0088_2261,moderate,21.991924285888672,0.6611021757125854,5.999427795410156
dehazeformer_review2026,DehazeFormer,rrshid_test_0089_2297,moderate,17.99374771118164,0.5130200386047363,9.535951614379883
dehazeformer_review2026,DehazeFormer,rrshid_test_0090_2299,moderate,19.97342872619629,0.5550426840782166,8.45468521118164
dehazeformer_review2026,DehazeFormer,rrshid_test_0091_2313,moderate,21.665546417236328,0.4994432330131531,8.360356330871582
dehazeformer_review2026,DehazeFormer,rrshid_test_0092_2331,moderate,21.003414154052734,0.5141591429710388,7.7108964920043945
dehazeformer_review2026,DehazeFormer,rrshid_test_0093_2350,moderate,20.70028305053711,0.5324810743331909,8.29548454284668
dehazeformer_review2026,DehazeFormer,rrshid_test_0094_2386,moderate,22.30261993408203,0.563154935836792,7.544826507568359
dehazeformer_review2026,DehazeFormer,rrshid_test_0095_2405,moderate,20.757627487182617,0.56162029504776,8.153182029724121
dehazeformer_review2026,DehazeFormer,rrshid_test_0096_2408,moderate,19.260448455810547,0.6296519637107849,8.168656349182129
dehazeformer_review2026,DehazeFormer,rrshid_test_0097_2427,moderate,16.38983917236328,0.6410347819328308,10.717145919799805
dehazeformer_review2026,DehazeFormer,rrshid_test_0098_2434,moderate,21.518476486206055,0.609235405921936,6.403250694274902
dehazeformer_review2026,DehazeFormer,rrshid_test_0099_2444,moderate,22.24853515625,0.7528931498527527,7.715605735778809
dehazeformer_review2026,DehazeFormer,rrshid_test_0100_2446,moderate,20.376216888427734,0.7304536700248718,6.384676933288574
dehazeformer_review2026,DehazeFormer,rrshid_test_0101_2447,moderate,23.33879280090332,0.7338470816612244,5.304941177368164
dehazeformer_review2026,DehazeFormer,rrshid_test_0102_2474,moderate,22.700992584228516,0.7537006139755249,5.780306816101074
dehazeformer_review2026,DehazeFormer,rrshid_test_0103_2483,moderate,20.082592010498047,0.657604455947876,7.434267044067383
dehazeformer_review2026,DehazeFormer,rrshid_test_0104_2505,moderate,24.106332778930664,0.7586100697517395,5.3182148933410645
dehazeformer_review2026,DehazeFormer,rrshid_test_0105_2550,moderate,23.23552131652832,0.7747305631637573,5.523041248321533
dehazeformer_review2026,DehazeFormer,rrshid_test_0106_2561,moderate,23.955821990966797,0.7340043783187866,5.293310642242432
dehazeformer_review2026,DehazeFormer,rrshid_test_0107_2583,moderate,20.268444061279297,0.5391463041305542,8.449726104736328
dehazeformer_review2026,DehazeFormer,rrshid_test_0108_2585,moderate,22.806547164916992,0.7672334909439087,6.047102928161621
dehazeformer_review2026,DehazeFormer,rrshid_test_0109_2615,moderate,21.205366134643555,0.6489996314048767,7.038408279418945
dehazeformer_review2026,DehazeFormer,rrshid_test_0110_2637,moderate,19.15733528137207,0.62172532081604,7.81669807434082
dehazeformer_review2026,DehazeFormer,rrshid_test_0111_2650,moderate,21.831560134887695,0.6125062704086304,6.4026923179626465
dehazeformer_review2026,DehazeFormer,rrshid_test_0112_2689,moderate,15.551202774047852,0.5509130358695984,11.006429672241211
dehazeformer_review2026,DehazeFormer,rrshid_test_0113_2691,moderate,20.850017547607422,0.6218755841255188,6.8775129318237305
dehazeformer_review2026,DehazeFormer,rrshid_test_0114_2719,moderate,20.71432876586914,0.47355082631111145,7.165792942047119
dehazeformer_review2026,DehazeFormer,rrshid_test_0115_2720,moderate,18.765390396118164,0.3799402415752411,9.837300300598145
dehazeformer_review2026,DehazeFormer,rrshid_test_0116_2790,moderate,19.284671783447266,0.3966676592826843,8.770750045776367
dehazeformer_review2026,DehazeFormer,rrshid_test_0117_2791,moderate,19.261737823486328,0.341701865196228,9.756146430969238
dehazeformer_review2026,DehazeFormer,rrshid_test_0118_2809,moderate,19.055444717407227,0.3238539695739746,9.395635604858398
dehazeformer_review2026,DehazeFormer,rrshid_test_0119_2836,moderate,17.73914337158203,0.48462793231010437,10.443795204162598
dehazeformer_review2026,DehazeFormer,rrshid_test_0120_2839,moderate,21.403213500976562,0.4405643939971924,7.020617485046387
dehazeformer_review2026,DehazeFormer,rrshid_test_0121_2859,moderate,20.903461456298828,0.40555596351623535,8.014074325561523
dehazeformer_review2026,DehazeFormer,rrshid_test_0122_2888,moderate,21.893695831298828,0.42963796854019165,6.407224178314209
dehazeformer_review2026,DehazeFormer,rrshid_test_0123_2913,moderate,21.234786987304688,0.5265858769416809,6.584146976470947
dehazeformer_review2026,DehazeFormer,rrshid_test_0124_292,moderate,25.116140365600586,0.7270299792289734,4.78762149810791
dehazeformer_review2026,DehazeFormer,rrshid_test_0125_320,moderate,24.855897903442383,0.6723747253417969,4.864616870880127
dehazeformer_review2026,DehazeFormer,rrshid_test_0126_337,moderate,25.83245086669922,0.7785758376121521,3.752103328704834
dehazeformer_review2026,DehazeFormer,rrshid_test_0127_338,moderate,25.326560974121094,0.7900443077087402,4.254169464111328
dehazeformer_review2026,DehazeFormer,rrshid_test_0128_35,moderate,26.456283569335938,0.7536645531654358,3.823155641555786
dehazeformer_review2026,DehazeFormer,rrshid_test_0129_360,moderate,25.037202835083008,0.7106484770774841,4.457686901092529
dehazeformer_review2026,DehazeFormer,rrshid_test_0130_373,moderate,25.992528915405273,0.7986320853233337,3.842966318130493
dehazeformer_review2026,DehazeFormer,rrshid_test_0131_411,moderate,26.994136810302734,0.8113312125205994,3.8495819568634033
dehazeformer_review2026,DehazeFormer,rrshid_test_0132_417,moderate,28.419466018676758,0.7988976240158081,2.7942686080932617
dehazeformer_review2026,DehazeFormer,rrshid_test_0133_451,moderate,28.78021240234375,0.8129199147224426,3.3605635166168213
dehazeformer_review2026,DehazeFormer,rrshid_test_0134_454,moderate,27.210004806518555,0.8174484968185425,3.277857780456543
dehazeformer_review2026,DehazeFormer,rrshid_test_0135_49,moderate,26.129152297973633,0.787681519985199,3.6458358764648438
dehazeformer_review2026,DehazeFormer,rrshid_test_0136_579,moderate,24.02935791015625,0.663601279258728,5.048394203186035
dehazeformer_review2026,DehazeFormer,rrshid_test_0137_65,moderate,26.70071792602539,0.7559906840324402,4.172220230102539
dehazeformer_review2026,DehazeFormer,rrshid_test_0138_699,moderate,23.36736297607422,0.7834310531616211,5.5832839012146
dehazeformer_review2026,DehazeFormer,rrshid_test_0139_701,moderate,24.147567749023438,0.7159245610237122,4.63421630859375
dehazeformer_review2026,DehazeFormer,rrshid_test_0140_703,moderate,27.042816162109375,0.8359037637710571,3.5990614891052246
dehazeformer_review2026,DehazeFormer,rrshid_test_0141_708,moderate,30.213085174560547,0.8806312680244446,2.760313034057617
dehazeformer_review2026,DehazeFormer,rrshid_test_0142_71,moderate,25.203821182250977,0.7664570212364197,4.516202926635742
dehazeformer_review2026,DehazeFormer,rrshid_test_0143_712,moderate,26.057872772216797,0.7754048705101013,4.006633758544922
dehazeformer_review2026,DehazeFormer,rrshid_test_0144_752,moderate,25.183101654052734,0.6590344905853271,4.983253002166748
dehazeformer_review2026,DehazeFormer,rrshid_test_0145_786,moderate,30.312917709350586,0.8748451471328735,2.5959789752960205
dehazeformer_review2026,DehazeFormer,rrshid_test_0146_789,moderate,26.299009323120117,0.8213557004928589,3.8833415508270264
dehazeformer_review2026,DehazeFormer,rrshid_test_0147_81,moderate,30.204551696777344,0.8625181317329407,2.948819875717163
dehazeformer_review2026,DehazeFormer,rrshid_test_0148_864,moderate,28.368297576904297,0.8141250014305115,3.3561205863952637
dehazeformer_review2026,DehazeFormer,rrshid_test_0149_907,moderate,26.374847412109375,0.8388255834579468,3.746788501739502
dehazeformer_review2026,DehazeFormer,rrshid_test_0150_929,moderate,28.670482635498047,0.8616278767585754,2.914867639541626
dehazeformer_review2026,DehazeFormer,rrshid_test_0151_989,moderate,24.42683982849121,0.7103562951087952,5.142123699188232
dehazeformer_review2026,DehazeFormer,rrshid_test_0152_99,moderate,28.017162322998047,0.7872451543807983,3.4795827865600586
dehazeformer_review2026,DehazeFormer,rrshid_test_0153_1060,thick,24.5170955657959,0.6763203144073486,5.136483192443848
dehazeformer_review2026,DehazeFormer,rrshid_test_0154_1104,thick,24.956941604614258,0.6676310896873474,5.545950412750244
dehazeformer_review2026,DehazeFormer,rrshid_test_0155_1116,thick,21.572914123535156,0.6680712103843689,8.590818405151367
dehazeformer_review2026,DehazeFormer,rrshid_test_0156_1145,thick,24.414369583129883,0.6340498924255371,7.84687614440918
dehazeformer_review2026,DehazeFormer,rrshid_test_0157_1164,thick,20.950580596923828,0.6269025802612305,8.588476181030273
dehazeformer_review2026,DehazeFormer,rrshid_test_0158_1243,thick,25.70704460144043,0.7364619374275208,4.840630054473877
dehazeformer_review2026,DehazeFormer,rrshid_test_0159_1262,thick,27.46910858154297,0.7607141733169556,3.9630842208862305
dehazeformer_review2026,DehazeFormer,rrshid_test_0160_1369,thick,24.253124237060547,0.7665635347366333,5.413087844848633
dehazeformer_review2026,DehazeFormer,rrshid_test_0161_1370,thick,28.70356559753418,0.8031966686248779,3.6746411323547363
dehazeformer_review2026,DehazeFormer,rrshid_test_0162_1388,thick,24.491825103759766,0.7488920092582703,4.784808158874512
dehazeformer_review2026,DehazeFormer,rrshid_test_0163_1520,thick,28.709077835083008,0.7146600484848022,3.434450387954712
dehazeformer_review2026,DehazeFormer,rrshid_test_0164_156,thick,23.813783645629883,0.6473265886306763,5.836394309997559
dehazeformer_review2026,DehazeFormer,rrshid_test_0165_1852,thick,18.380470275878906,0.3033551573753357,9.811043739318848
dehazeformer_review2026,DehazeFormer,rrshid_test_0166_1891,thick,19.159948348999023,0.2783876657485962,8.740164756774902
dehazeformer_review2026,DehazeFormer,rrshid_test_0167_1907,thick,19.945045471191406,0.3492544889450073,9.114731788635254
dehazeformer_review2026,DehazeFormer,rrshid_test_0168_1910,thick,19.675331115722656,0.24294500052928925,8.555404663085938
dehazeformer_review2026,DehazeFormer,rrshid_test_0169_1911,thick,19.893033981323242,0.36848998069763184,8.036884307861328
dehazeformer_review2026,DehazeFormer,rrshid_test_0170_221,thick,28.59004783630371,0.8854243159294128,3.623659610748291
dehazeformer_review2026,DehazeFormer,rrshid_test_0171_232,thick,26.856468200683594,0.8535047173500061,3.571460008621216
dehazeformer_review2026,DehazeFormer,rrshid_test_0172_2487,thick,18.832870483398438,0.6593496799468994,9.377469062805176
dehazeformer_review2026,DehazeFormer,rrshid_test_0173_2495,thick,19.451690673828125,0.48530733585357666,8.098346710205078
dehazeformer_review2026,DehazeFormer,rrshid_test_0174_2527,thick,21.557266235351562,0.7186592221260071,6.3619160652160645
dehazeformer_review2026,DehazeFormer,rrshid_test_0175_2568,thick,22.832393646240234,0.7568396329879761,5.819404125213623
dehazeformer_review2026,DehazeFormer,rrshid_test_0176_2591,thick,23.15581512451172,0.7753561735153198,4.9112958908081055
dehazeformer_review2026,DehazeFormer,rrshid_test_0177_2630,thick,22.35062599182129,0.7764942646026611,5.395022392272949
dehazeformer_review2026,DehazeFormer,rrshid_test_0178_2643,thick,16.964824676513672,0.450053334236145,12.148609161376953
dehazeformer_review2026,DehazeFormer,rrshid_test_0179_2696,thick,17.82965087890625,0.37393391132354736,10.082612037658691
dehazeformer_review2026,DehazeFormer,rrshid_test_0180_274,thick,26.38035011291504,0.8105423450469971,3.8022103309631348
dehazeformer_review2026,DehazeFormer,rrshid_test_0181_315,thick,27.429895401000977,0.8595733046531677,3.18346905708313
dehazeformer_review2026,DehazeFormer,rrshid_test_0182_335,thick,23.96512794494629,0.6768150329589844,5.568479537963867
dehazeformer_review2026,DehazeFormer,rrshid_test_0183_353,thick,25.367687225341797,0.7908773422241211,3.962709665298462
dehazeformer_review2026,DehazeFormer,rrshid_test_0184_354,thick,21.880599975585938,0.6668893098831177,6.623072147369385
dehazeformer_review2026,DehazeFormer,rrshid_test_0185_362,thick,31.02349853515625,0.8567598462104797,2.8046317100524902
dehazeformer_review2026,DehazeFormer,rrshid_test_0186_374,thick,25.543758392333984,0.6995061039924622,4.4306206703186035
dehazeformer_review2026,DehazeFormer,rrshid_test_0187_404,thick,20.26498794555664,0.760588526725769,7.647765636444092
dehazeformer_review2026,DehazeFormer,rrshid_test_0188_429,thick,24.68050765991211,0.7522114515304565,4.846510887145996
dehazeformer_review2026,DehazeFormer,rrshid_test_0189_431,thick,24.07440948486328,0.7156105637550354,4.8820648193359375
dehazeformer_review2026,DehazeFormer,rrshid_test_0190_435,thick,22.73336410522461,0.6855306029319763,5.778532028198242
dehazeformer_review2026,DehazeFormer,rrshid_test_0191_478,thick,24.274337768554688,0.7184041738510132,5.864202499389648
dehazeformer_review2026,DehazeFormer,rrshid_test_0192_480,thick,25.41221809387207,0.6901776790618896,4.9668402671813965
dehazeformer_review2026,DehazeFormer,rrshid_test_0193_486,thick,30.3187255859375,0.8861510753631592,2.7350945472717285
dehazeformer_review2026,DehazeFormer,rrshid_test_0194_508,thick,22.776168823242188,0.6195117831230164,6.449442386627197
dehazeformer_review2026,DehazeFormer,rrshid_test_0195_516,thick,28.077529907226562,0.8957335948944092,2.965073823928833
dehazeformer_review2026,DehazeFormer,rrshid_test_0196_517,thick,27.285140991210938,0.8880175352096558,3.416741371154785
dehazeformer_review2026,DehazeFormer,rrshid_test_0197_520,thick,27.75491714477539,0.8582635521888733,3.2395145893096924
dehazeformer_review2026,DehazeFormer,rrshid_test_0198_578,thick,25.397838592529297,0.6605581045150757,5.335697174072266
dehazeformer_review2026,DehazeFormer,rrshid_test_0199_589,thick,22.77643394470215,0.7848365306854248,4.812467575073242
dehazeformer_review2026,DehazeFormer,rrshid_test_0200_596,thick,26.147098541259766,0.8064182996749878,4.346915245056152
dehazeformer_review2026,DehazeFormer,rrshid_test_0201_598,thick,24.31177520751953,0.7415512204170227,5.824007034301758
dehazeformer_review2026,DehazeFormer,rrshid_test_0202_602,thick,22.67421531677246,0.6936642527580261,5.823490142822266
dehazeformer_review2026,DehazeFormer,rrshid_test_0203_609,thick,27.237565994262695,0.6537875533103943,5.1100544929504395
dehazeformer_review2026,DehazeFormer,rrshid_test_0204_635,thick,24.706619262695312,0.7229107618331909,5.900116443634033
dehazeformer_review2026,DehazeFormer,rrshid_test_0205_638,thick,24.86579704284668,0.7358676195144653,5.338926315307617
dehazeformer_review2026,DehazeFormer,rrshid_test_0206_645,thick,25.073287963867188,0.7232311964035034,5.275015830993652
dehazeformer_review2026,DehazeFormer,rrshid_test_0207_655,thick,25.656333923339844,0.7517519593238831,4.5130720138549805
dehazeformer_review2026,DehazeFormer,rrshid_test_0208_674,thick,25.02140235900879,0.8030669689178467,4.570345401763916
dehazeformer_review2026,DehazeFormer,rrshid_test_0209_682,thick,24.04062271118164,0.712037205696106,6.0589728355407715
dehazeformer_review2026,DehazeFormer,rrshid_test_0210_684,thick,21.549283981323242,0.7179981470108032,7.348306655883789
dehazeformer_review2026,DehazeFormer,rrshid_test_0211_685,thick,23.39288330078125,0.7439290285110474,5.609254837036133
dehazeformer_review2026,DehazeFormer,rrshid_test_0212_698,thick,24.832801818847656,0.7770766615867615,7.015006065368652
dehazeformer_review2026,DehazeFormer,rrshid_test_0213_725,thick,24.332063674926758,0.7579639554023743,4.763382434844971
dehazeformer_review2026,DehazeFormer,rrshid_test_0214_757,thick,31.033748626708984,0.8237650990486145,3.3153769969940186
dehazeformer_review2026,DehazeFormer,rrshid_test_0215_759,thick,29.241897583007812,0.7529999017715454,3.6030285358428955
dehazeformer_review2026,DehazeFormer,rrshid_test_0216_764,thick,27.3372859954834,0.853175938129425,3.671410083770752
dehazeformer_review2026,DehazeFormer,rrshid_test_0217_765,thick,29.171850204467773,0.8743225932121277,3.1431543827056885
dehazeformer_review2026,DehazeFormer,rrshid_test_0218_801,thick,28.057682037353516,0.7489668726921082,3.96596622467041
dehazeformer_review2026,DehazeFormer,rrshid_test_0219_820,thick,27.47076416015625,0.8126531839370728,4.4911675453186035
dehazeformer_review2026,DehazeFormer,rrshid_test_0220_851,thick,22.906389236450195,0.8038428425788879,6.522161483764648
dehazeformer_review2026,DehazeFormer,rrshid_test_0221_858,thick,23.95087242126465,0.5391852259635925,6.02059268951416
dehazeformer_review2026,DehazeFormer,rrshid_test_0222_885,thick,25.46269989013672,0.6815360188484192,5.355409622192383
dehazeformer_review2026,DehazeFormer,rrshid_test_0223_897,thick,26.363828659057617,0.7327701449394226,4.1974310874938965
dehazeformer_review2026,DehazeFormer,rrshid_test_0224_899,thick,23.819843292236328,0.5399015545845032,6.158802509307861
dehazeformer_review2026,DehazeFormer,rrshid_test_0225_911,thick,28.09946060180664,0.8165093660354614,3.692178964614868
dehazeformer_review2026,DehazeFormer,rrshid_test_0226_956,thick,24.382192611694336,0.7284381985664368,5.545595169067383
dehazeformer_review2026,DehazeFormer,rrshid_test_0227_957,thick,27.385950088500977,0.8192309737205505,3.8174495697021484
dehazeformer_review2026,DehazeFormer,rrshid_test_0228_961,thick,27.076818466186523,0.6321742534637451,4.634911060333252
dehazeformer_review2026,DehazeFormer,rrshid_test_0229_1023,thin,32.44187927246094,0.9220001101493835,1.7357686758041382
dehazeformer_review2026,DehazeFormer,rrshid_test_0230_1035,thin,27.247188568115234,0.6691845655441284,3.995551347732544
dehazeformer_review2026,DehazeFormer,rrshid_test_0231_1075,thin,26.205398559570312,0.6798104047775269,4.245508670806885
dehazeformer_review2026,DehazeFormer,rrshid_test_0232_1230,thin,27.24046516418457,0.7852644920349121,3.2623229026794434
dehazeformer_review2026,DehazeFormer,rrshid_test_0233_1291,thin,27.127798080444336,0.8089161515235901,3.5415778160095215
dehazeformer_review2026,DehazeFormer,rrshid_test_0234_1292,thin,25.93513298034668,0.7235998511314392,4.112192630767822
dehazeformer_review2026,DehazeFormer,rrshid_test_0235_1295,thin,24.11506462097168,0.6632425785064697,4.339776515960693
dehazeformer_review2026,DehazeFormer,rrshid_test_0236_130,thin,24.07529640197754,0.6250510811805725,4.974144458770752
dehazeformer_review2026,DehazeFormer,rrshid_test_0237_1422,thin,25.27442741394043,0.6739919781684875,4.700322151184082
dehazeformer_review2026,DehazeFormer,rrshid_test_0238_1432,thin,26.03428840637207,0.6588976979255676,4.080039024353027
dehazeformer_review2026,DehazeFormer,rrshid_test_0239_1571,thin,27.609050750732422,0.7858056426048279,3.612626075744629
dehazeformer_review2026,DehazeFormer,rrshid_test_0240_1615,thin,18.538835525512695,0.549940824508667,9.760848045349121
dehazeformer_review2026,DehazeFormer,rrshid_test_0241_1738,thin,22.42456817626953,0.5200870037078857,7.3228068351745605
dehazeformer_review2026,DehazeFormer,rrshid_test_0242_1744,thin,14.935836791992188,0.5183175802230835,12.870716094970703
dehazeformer_review2026,DehazeFormer,rrshid_test_0243_1746,thin,20.11602020263672,0.532201886177063,7.729781627655029
dehazeformer_review2026,DehazeFormer,rrshid_test_0244_1747,thin,19.119056701660156,0.48110753297805786,8.696402549743652
dehazeformer_review2026,DehazeFormer,rrshid_test_0245_1762,thin,18.12018585205078,0.6150050759315491,10.020398139953613
dehazeformer_review2026,DehazeFormer,rrshid_test_0246_184,thin,30.35284423828125,0.895423173904419,2.2385308742523193
dehazeformer_review2026,DehazeFormer,rrshid_test_0247_2033,thin,16.333086013793945,0.33053892850875854,12.302289962768555
dehazeformer_review2026,DehazeFormer,rrshid_test_0248_2036,thin,22.320884704589844,0.5356253385543823,6.759965896606445
dehazeformer_review2026,DehazeFormer,rrshid_test_0249_2163,thin,20.765886306762695,0.5647639036178589,7.042289733886719
dehazeformer_review2026,DehazeFormer,rrshid_test_0250_2250,thin,24.54359245300293,0.5900764465332031,4.825916767120361
dehazeformer_review2026,DehazeFormer,rrshid_test_0251_2343,thin,20.562984466552734,0.5502219796180725,8.464957237243652
dehazeformer_review2026,DehazeFormer,rrshid_test_0252_2369,thin,20.73686408996582,0.5160581469535828,7.8191938400268555
dehazeformer_review2026,DehazeFormer,rrshid_test_0253_2372,thin,20.757160186767578,0.49069589376449585,8.246184349060059
dehazeformer_review2026,DehazeFormer,rrshid_test_0254_2375,thin,19.116085052490234,0.5780996680259705,8.557577133178711
dehazeformer_review2026,DehazeFormer,rrshid_test_0255_2389,thin,20.291549682617188,0.5796430706977844,8.3148193359375
dehazeformer_review2026,DehazeFormer,rrshid_test_0256_2399,thin,20.87049674987793,0.5789751410484314,8.045392036437988
dehazeformer_review2026,DehazeFormer,rrshid_test_0257_2451,thin,22.2698974609375,0.5831024646759033,6.748073577880859
dehazeformer_review2026,DehazeFormer,rrshid_test_0258_2465,thin,23.429790496826172,0.6761639714241028,5.909389495849609
dehazeformer_review2026,DehazeFormer,rrshid_test_0259_2481,thin,20.68243408203125,0.5745388269424438,7.866359233856201
dehazeformer_review2026,DehazeFormer,rrshid_test_0260_2511,thin,24.08601951599121,0.659967839717865,5.355723857879639
dehazeformer_review2026,DehazeFormer,rrshid_test_0261_2543,thin,24.051036834716797,0.6939256191253662,5.498166084289551
dehazeformer_review2026,DehazeFormer,rrshid_test_0262_2672,thin,22.89056968688965,0.7353006601333618,7.3032331466674805
dehazeformer_review2026,DehazeFormer,rrshid_test_0263_27,thin,27.850051879882812,0.7936798334121704,3.0334203243255615
dehazeformer_review2026,DehazeFormer,rrshid_test_0264_2706,thin,22.01188087463379,0.5350297689437866,5.637640953063965
dehazeformer_review2026,DehazeFormer,rrshid_test_0265_2725,thin,22.776639938354492,0.6582677364349365,4.832884311676025
dehazeformer_review2026,DehazeFormer,rrshid_test_0266_2727,thin,19.977338790893555,0.4785518944263458,7.593322277069092
dehazeformer_review2026,DehazeFormer,rrshid_test_0267_2738,thin,20.06575584411621,0.49786677956581116,6.944301605224609
dehazeformer_review2026,DehazeFormer,rrshid_test_0268_2741,thin,18.81188201904297,0.490066260099411,8.832196235656738
dehazeformer_review2026,DehazeFormer,rrshid_test_0269_2749,thin,22.987586975097656,0.6123760342597961,4.797504901885986
dehazeformer_review2026,DehazeFormer,rrshid_test_0270_2759,thin,18.07878303527832,0.4929024875164032,8.674699783325195
dehazeformer_review2026,DehazeFormer,rrshid_test_0271_2772,thin,21.084651947021484,0.5287737846374512,6.361850738525391
dehazeformer_review2026,DehazeFormer,rrshid_test_0272_2820,thin,20.904518127441406,0.4980097711086273,6.558431625366211
dehazeformer_review2026,DehazeFormer,rrshid_test_0273_2863,thin,22.52596664428711,0.4738161861896515,5.863166809082031
dehazeformer_review2026,DehazeFormer,rrshid_test_0274_2867,thin,19.870479583740234,0.48270541429519653,7.408446311950684
dehazeformer_review2026,DehazeFormer,rrshid_test_0275_2892,thin,23.041912078857422,0.4896729290485382,5.415950298309326
dehazeformer_review2026,DehazeFormer,rrshid_test_0276_2896,thin,23.926666259765625,0.6067126393318176,5.368265151977539
dehazeformer_review2026,DehazeFormer,rrshid_test_0277_2898,thin,21.612770080566406,0.48837369680404663,7.069683074951172
dehazeformer_review2026,DehazeFormer,rrshid_test_0278_2903,thin,21.917339324951172,0.5332947373390198,6.656918525695801
dehazeformer_review2026,DehazeFormer,rrshid_test_0279_2908,thin,18.965749740600586,0.46838679909706116,7.9054765701293945
dehazeformer_review2026,DehazeFormer,rrshid_test_0280_2918,thin,20.865209579467773,0.5811973810195923,6.184749603271484
dehazeformer_review2026,DehazeFormer,rrshid_test_0281_2919,thin,17.529924392700195,0.5196552276611328,8.258471488952637
dehazeformer_review2026,DehazeFormer,rrshid_test_0282_2931,thin,21.705917358398438,0.5107077956199646,5.944261074066162
dehazeformer_review2026,DehazeFormer,rrshid_test_0283_2940,thin,21.010387420654297,0.4278237521648407,7.556461811065674
dehazeformer_review2026,DehazeFormer,rrshid_test_0284_2946,thin,23.941814422607422,0.5846361517906189,5.616649150848389
dehazeformer_review2026,DehazeFormer,rrshid_test_0285_2953,thin,23.727489471435547,0.5583283305168152,5.097983360290527
dehazeformer_review2026,DehazeFormer,rrshid_test_0286_2955,thin,21.029359817504883,0.5465855598449707,6.194578170776367
dehazeformer_review2026,DehazeFormer,rrshid_test_0287_2956,thin,20.065317153930664,0.5172261595726013,7.254616737365723
dehazeformer_review2026,DehazeFormer,rrshid_test_0288_2966,thin,20.925537109375,0.4771447777748108,7.42419958114624
dehazeformer_review2026,DehazeFormer,rrshid_test_0289_2976,thin,19.03722381591797,0.4583764374256134,8.740470886230469
dehazeformer_review2026,DehazeFormer,rrshid_test_0290_2993,thin,13.202714920043945,0.19988249242305756,17.804677963256836
dehazeformer_review2026,DehazeFormer,rrshid_test_0291_2996,thin,20.97893714904785,0.38929691910743713,7.525974273681641
dehazeformer_review2026,DehazeFormer,rrshid_test_0292_2999,thin,22.569866180419922,0.4740385413169861,6.629363059997559
dehazeformer_review2026,DehazeFormer,rrshid_test_0293_3008,thin,20.44525909423828,0.525418758392334,8.094176292419434
dehazeformer_review2026,DehazeFormer,rrshid_test_0294_3044,thin,24.22315216064453,0.6841601729393005,6.257173538208008
dehazeformer_review2026,DehazeFormer,rrshid_test_0295_457,thin,25.99118995666504,0.6501405835151672,4.219536304473877
dehazeformer_review2026,DehazeFormer,rrshid_test_0296_46,thin,26.717838287353516,0.7909734845161438,3.3774900436401367
dehazeformer_review2026,DehazeFormer,rrshid_test_0297_47,thin,26.39682960510254,0.7335609793663025,3.584368944168091
dehazeformer_review2026,DehazeFormer,rrshid_test_0298_498,thin,24.605552673339844,0.6108752489089966,4.568826675415039
dehazeformer_review2026,DehazeFormer,rrshid_test_0299_57,thin,29.86168098449707,0.8161038160324097,2.704561948776245
dehazeformer_review2026,DehazeFormer,rrshid_test_0300_823,thin,25.67322540283203,0.6838020086288452,4.524302005767822
dehazeformer_review2026,DehazeFormer,rrshid_test_0301_88,thin,29.57269859313965,0.7927314639091492,3.2768731117248535
dehazeformer_review2026,DehazeFormer,rrshid_test_0302_95,thin,22.615135192871094,0.7048585414886475,5.916686058044434
dehazeformer_review2026,DehazeFormer,rrshid_test_0303_972,thin,28.30289077758789,0.7420071363449097,3.0031898021698
dehazeformer_review2026,DehazeFormer,rrshid_test_0304_990,thin,23.677669525146484,0.6686232089996338,5.405089378356934
psmbnet_review2026,PSMB-Net,rrshid_test_0001_1,moderate,22.287311553955078,0.6952618360519409,7.511088848114014
psmbnet_review2026,PSMB-Net,rrshid_test_0002_1014,moderate,28.691333770751953,0.8626129627227783,2.661398410797119
psmbnet_review2026,PSMB-Net,rrshid_test_0003_1021,moderate,29.07087516784668,0.8709965944290161,3.028813362121582
psmbnet_review2026,PSMB-Net,rrshid_test_0004_1048,moderate,27.769441604614258,0.8682378530502319,3.4078705310821533
psmbnet_review2026,PSMB-Net,rrshid_test_0005_1067,moderate,27.665632247924805,0.8664017915725708,3.687032699584961
psmbnet_review2026,PSMB-Net,rrshid_test_0006_1072,moderate,28.45000457763672,0.8260930180549622,3.358045816421509
psmbnet_review2026,PSMB-Net,rrshid_test_0007_108,moderate,18.324254989624023,0.7125676870346069,10.424138069152832
psmbnet_review2026,PSMB-Net,rrshid_test_0008_1098,moderate,25.21938705444336,0.7318079471588135,4.220086574554443
psmbnet_review2026,PSMB-Net,rrshid_test_0009_1101,moderate,23.491683959960938,0.6341150403022766,5.412207126617432
psmbnet_review2026,PSMB-Net,rrshid_test_0010_1108,moderate,25.409183502197266,0.8400185704231262,4.183430194854736
psmbnet_review2026,PSMB-Net,rrshid_test_0011_1134,moderate,29.124099731445312,0.8458719253540039,3.0397610664367676
psmbnet_review2026,PSMB-Net,rrshid_test_0012_1167,moderate,27.52284049987793,0.8232090473175049,3.5246660709381104
psmbnet_review2026,PSMB-Net,rrshid_test_0013_1190,moderate,25.923282623291016,0.7428235411643982,4.215081691741943
psmbnet_review2026,PSMB-Net,rrshid_test_0014_1201,moderate,24.663116455078125,0.7665591239929199,4.031472682952881
psmbnet_review2026,PSMB-Net,rrshid_test_0015_1209,moderate,30.302579879760742,0.8762902021408081,2.9613282680511475
psmbnet_review2026,PSMB-Net,rrshid_test_0016_1219,moderate,21.965145111083984,0.6263970136642456,6.308469295501709
psmbnet_review2026,PSMB-Net,rrshid_test_0017_1233,moderate,26.417850494384766,0.8378050327301025,3.395057201385498
psmbnet_review2026,PSMB-Net,rrshid_test_0018_1249,moderate,26.683090209960938,0.7442696690559387,4.375805377960205
psmbnet_review2026,PSMB-Net,rrshid_test_0019_1253,moderate,21.068151473999023,0.6364311575889587,7.275216579437256
psmbnet_review2026,PSMB-Net,rrshid_test_0020_1264,moderate,30.431222915649414,0.9045827984809875,2.9995627403259277
psmbnet_review2026,PSMB-Net,rrshid_test_0021_1271,moderate,24.8420352935791,0.7667339444160461,4.354948043823242
psmbnet_review2026,PSMB-Net,rrshid_test_0022_1294,moderate,27.008243560791016,0.8027974367141724,3.716339349746704
psmbnet_review2026,PSMB-Net,rrshid_test_0023_1299,moderate,24.218624114990234,0.7197990417480469,5.313863754272461
psmbnet_review2026,PSMB-Net,rrshid_test_0024_1305,moderate,28.374460220336914,0.8293134570121765,3.976771831512451
psmbnet_review2026,PSMB-Net,rrshid_test_0025_1311,moderate,27.577136993408203,0.7316868305206299,3.652721405029297
psmbnet_review2026,PSMB-Net,rrshid_test_0026_1321,moderate,28.539146423339844,0.80024254322052,4.111387252807617
psmbnet_review2026,PSMB-Net,rrshid_test_0027_1339,moderate,20.62594985961914,0.7665033936500549,7.569070816040039
psmbnet_review2026,PSMB-Net,rrshid_test_0028_134,moderate,29.125547409057617,0.8435282707214355,3.5128531455993652
psmbnet_review2026,PSMB-Net,rrshid_test_0029_136,moderate,29.190353393554688,0.7717319130897522,4.089705467224121
psmbnet_review2026,PSMB-Net,rrshid_test_0030_1398,moderate,23.799726486206055,0.7129210829734802,9.30388069152832
psmbnet_review2026,PSMB-Net,rrshid_test_0031_1408,moderate,26.929399490356445,0.7937573790550232,3.8710618019104004
psmbnet_review2026,PSMB-Net,rrshid_test_0032_1414,moderate,26.689128875732422,0.7860203385353088,5.1064348220825195
psmbnet_review2026,PSMB-Net,rrshid_test_0033_1443,moderate,26.615528106689453,0.7407683730125427,5.770593643188477
psmbnet_review2026,PSMB-Net,rrshid_test_0034_145,moderate,23.595354080200195,0.8480396866798401,5.479651927947998
psmbnet_review2026,PSMB-Net,rrshid_test_0035_1453,moderate,27.38847541809082,0.8256939053535461,3.2730565071105957
psmbnet_review2026,PSMB-Net,rrshid_test_0036_1463,moderate,29.819293975830078,0.8564481139183044,3.3930623531341553
psmbnet_review2026,PSMB-Net,rrshid_test_0037_1469,moderate,27.06460952758789,0.8109471201896667,5.156613349914551
psmbnet_review2026,PSMB-Net,rrshid_test_0038_154,moderate,24.545574188232422,0.690926194190979,6.192027568817139
psmbnet_review2026,PSMB-Net,rrshid_test_0039_1542,moderate,27.61192512512207,0.819739580154419,3.562854290008545
psmbnet_review2026,PSMB-Net,rrshid_test_0040_1543,moderate,26.09941291809082,0.7322480082511902,4.452600002288818
psmbnet_review2026,PSMB-Net,rrshid_test_0041_1555,moderate,25.596939086914062,0.7404427528381348,5.518357276916504
psmbnet_review2026,PSMB-Net,rrshid_test_0042_1561,moderate,27.172348022460938,0.7653285264968872,4.285519599914551
psmbnet_review2026,PSMB-Net,rrshid_test_0043_1563,moderate,27.29120635986328,0.7668323516845703,4.072100639343262
psmbnet_review2026,PSMB-Net,rrshid_test_0044_1601,moderate,26.373289108276367,0.873206377029419,3.9398155212402344
psmbnet_review2026,PSMB-Net,rrshid_test_0045_1606,moderate,17.72373390197754,0.47245824337005615,9.530863761901855
psmbnet_review2026,PSMB-Net,rrshid_test_0046_1608,moderate,17.388803482055664,0.4789969027042389,10.066659927368164
psmbnet_review2026,PSMB-Net,rrshid_test_0047_163,moderate,25.543716430664062,0.8414345979690552,5.3610944747924805
psmbnet_review2026,PSMB-Net,rrshid_test_0048_1636,moderate,23.25164794921875,0.6423614621162415,5.952325344085693
psmbnet_review2026,PSMB-Net,rrshid_test_0049_1666,moderate,19.828699111938477,0.5342409610748291,8.753256797790527
psmbnet_review2026,PSMB-Net,rrshid_test_0050_1673,moderate,19.744892120361328,0.5424498319625854,8.558841705322266
psmbnet_review2026,PSMB-Net,rrshid_test_0051_1691,moderate,20.761383056640625,0.5591321587562561,7.8636322021484375
psmbnet_review2026,PSMB-Net,rrshid_test_0052_1706,moderate,18.01639747619629,0.4410780966281891,10.275015830993652
psmbnet_review2026,PSMB-Net,rrshid_test_0053_1741,moderate,21.665119171142578,0.6091450452804565,8.757806777954102
psmbnet_review2026,PSMB-Net,rrshid_test_0054_1787,moderate,21.370317459106445,0.3956432640552521,7.415383338928223
psmbnet_review2026,PSMB-Net,rrshid_test_0055_1809,moderate,20.564002990722656,0.5456548929214478,7.641155242919922
psmbnet_review2026,PSMB-Net,rrshid_test_0056_1810,moderate,22.71165657043457,0.582349956035614,5.907410144805908
psmbnet_review2026,PSMB-Net,rrshid_test_0057_1814,moderate,23.399932861328125,0.6589040160179138,5.607108116149902
psmbnet_review2026,PSMB-Net,rrshid_test_0058_1822,moderate,20.50735092163086,0.5113705396652222,7.672066688537598
psmbnet_review2026,PSMB-Net,rrshid_test_0059_1844,moderate,18.47722053527832,0.5783061385154724,9.960074424743652
psmbnet_review2026,PSMB-Net,rrshid_test_0060_1856,moderate,19.704925537109375,0.4626889228820801,8.44224739074707
psmbnet_review2026,PSMB-Net,rrshid_test_0061_1869,moderate,16.543779373168945,0.26503729820251465,13.064507484436035
psmbnet_review2026,PSMB-Net,rrshid_test_0062_1873,moderate,17.487751007080078,0.29547855257987976,10.78361701965332
psmbnet_review2026,PSMB-Net,rrshid_test_0063_1899,moderate,16.016252517700195,0.3817480504512787,12.94188117980957
psmbnet_review2026,PSMB-Net,rrshid_test_0064_1900,moderate,21.70870590209961,0.6153273582458496,8.035816192626953
psmbnet_review2026,PSMB-Net,rrshid_test_0065_1929,moderate,18.553064346313477,0.27873390913009644,9.696871757507324
psmbnet_review2026,PSMB-Net,rrshid_test_0066_193,moderate,24.850868225097656,0.7587826251983643,9.99378776550293
psmbnet_review2026,PSMB-Net,rrshid_test_0067_1931,moderate,18.6447696685791,0.21828389167785645,9.958288192749023
psmbnet_review2026,PSMB-Net,rrshid_test_0068_1935,moderate,18.499744415283203,0.45212626457214355,9.362227439880371
psmbnet_review2026,PSMB-Net,rrshid_test_0069_1961,moderate,20.560569763183594,0.6300956606864929,8.07715129852295
psmbnet_review2026,PSMB-Net,rrshid_test_0070_1985,moderate,20.779979705810547,0.44083189964294434,10.02077865600586
psmbnet_review2026,PSMB-Net,rrshid_test_0071_1989,moderate,21.918235778808594,0.5280145406723022,6.884138107299805
psmbnet_review2026,PSMB-Net,rrshid_test_0072_2040,moderate,22.5693416595459,0.7143798470497131,6.044091701507568
psmbnet_review2026,PSMB-Net,rrshid_test_0073_2041,moderate,18.287912368774414,0.7302929162979126,10.126169204711914
psmbnet_review2026,PSMB-Net,rrshid_test_0074_2044,moderate,13.865431785583496,0.48842188715934753,15.618351936340332
psmbnet_review2026,PSMB-Net,rrshid_test_0075_2049,moderate,22.92792510986328,0.5432548522949219,5.592612266540527
psmbnet_review2026,PSMB-Net,rrshid_test_0076_2060,moderate,25.57062339782715,0.6468895077705383,4.73886251449585
psmbnet_review2026,PSMB-Net,rrshid_test_0077_2061,moderate,22.95686912536621,0.6301344633102417,5.266632080078125
psmbnet_review2026,PSMB-Net,rrshid_test_0078_2106,moderate,23.758682250976562,0.6517154574394226,5.276325225830078
psmbnet_review2026,PSMB-Net,rrshid_test_0079_2107,moderate,24.131929397583008,0.6486600637435913,5.095292568206787
psmbnet_review2026,PSMB-Net,rrshid_test_0080_2108,moderate,20.492084503173828,0.5629850625991821,7.743305206298828
psmbnet_review2026,PSMB-Net,rrshid_test_0081_2116,moderate,21.012962341308594,0.6145051121711731,7.161141395568848
psmbnet_review2026,PSMB-Net,rrshid_test_0082_2132,moderate,21.280017852783203,0.608451783657074,7.903753757476807
psmbnet_review2026,PSMB-Net,rrshid_test_0083_2143,moderate,22.524154663085938,0.6510573029518127,6.20009708404541
psmbnet_review2026,PSMB-Net,rrshid_test_0084_2146,moderate,16.15727996826172,0.4790787100791931,12.934735298156738
psmbnet_review2026,PSMB-Net,rrshid_test_0085_2174,moderate,23.867856979370117,0.6652739644050598,5.553033351898193
psmbnet_review2026,PSMB-Net,rrshid_test_0086_2236,moderate,25.3819637298584,0.6058911085128784,4.8449554443359375
psmbnet_review2026,PSMB-Net,rrshid_test_0087_2237,moderate,22.549163818359375,0.5912289023399353,6.229193210601807
psmbnet_review2026,PSMB-Net,rrshid_test_0088_2261,moderate,22.235929489135742,0.6890099048614502,6.51495885848999
psmbnet_review2026,PSMB-Net,rrshid_test_0089_2297,moderate,19.062097549438477,0.6087968945503235,10.152585983276367
psmbnet_review2026,PSMB-Net,rrshid_test_0090_2299,moderate,18.212806701660156,0.6018812656402588,12.99427604675293
psmbnet_review2026,PSMB-Net,rrshid_test_0091_2313,moderate,22.163433074951172,0.582766592502594,7.612410068511963
psmbnet_review2026,PSMB-Net,rrshid_test_0092_2331,moderate,22.033206939697266,0.5965479612350464,7.6387619972229
psmbnet_review2026,PSMB-Net,rrshid_test_0093_2350,moderate,22.275066375732422,0.6135386824607849,7.565105438232422
psmbnet_review2026,PSMB-Net,rrshid_test_0094_2386,moderate,22.102949142456055,0.5695351958274841,7.036161422729492
psmbnet_review2026,PSMB-Net,rrshid_test_0095_2405,moderate,21.216510772705078,0.5913801193237305,7.660670280456543
psmbnet_review2026,PSMB-Net,rrshid_test_0096_2408,moderate,20.755834579467773,0.665179431438446,7.710337162017822
psmbnet_review2026,PSMB-Net,rrshid_test_0097_2427,moderate,18.564617156982422,0.666573703289032,8.956382751464844
psmbnet_review2026,PSMB-Net,rrshid_test_0098_2434,moderate,21.076923370361328,0.6174910664558411,7.34351110458374
psmbnet_review2026,PSMB-Net,rrshid_test_0099_2444,moderate,15.86279010772705,0.6881289482116699,14.84261417388916
psmbnet_review2026,PSMB-Net,rrshid_test_0100_2446,moderate,20.7022647857666,0.7399370670318604,7.065831184387207
psmbnet_review2026,PSMB-Net,rrshid_test_0101_2447,moderate,19.674823760986328,0.7129866480827332,7.904787063598633
psmbnet_review2026,PSMB-Net,rrshid_test_0102_2474,moderate,21.0063533782959,0.7511429190635681,8.226091384887695
psmbnet_review2026,PSMB-Net,rrshid_test_0103_2483,moderate,19.76872444152832,0.6674461364746094,7.518207550048828
psmbnet_review2026,PSMB-Net,rrshid_test_0104_2505,moderate,22.704421997070312,0.7686702609062195,6.384518146514893
psmbnet_review2026,PSMB-Net,rrshid_test_0105_2550,moderate,20.815584182739258,0.7364136576652527,7.875320911407471
psmbnet_review2026,PSMB-Net,rrshid_test_0106_2561,moderate,20.68259048461914,0.7424269318580627,7.381673812866211
psmbnet_review2026,PSMB-Net,rrshid_test_0107_2583,moderate,21.711204528808594,0.5800341963768005,7.372903347015381
psmbnet_review2026,PSMB-Net,rrshid_test_0108_2585,moderate,24.42669105529785,0.7851539254188538,4.815578937530518
psmbnet_review2026,PSMB-Net,rrshid_test_0109_2615,moderate,21.11905860900879,0.6815991997718811,7.76710319519043
psmbnet_review2026,PSMB-Net,rrshid_test_0110_2637,moderate,19.979175567626953,0.6446501612663269,9.45386791229248
psmbnet_review2026,PSMB-Net,rrshid_test_0111_2650,moderate,22.84356689453125,0.6591302752494812,6.629392623901367
psmbnet_review2026,PSMB-Net,rrshid_test_0112_2689,moderate,16.511341094970703,0.5752899646759033,11.946760177612305
psmbnet_review2026,PSMB-Net,rrshid_test_0113_2691,moderate,18.907817840576172,0.5982826352119446,9.767572402954102
psmbnet_review2026,PSMB-Net,rrshid_test_0114_2719,moderate,17.746946334838867,0.420034795999527,11.192413330078125
psmbnet_review2026,PSMB-Net,rrshid_test_0115_2720,moderate,18.618919372558594,0.39548787474632263,11.14482593536377
psmbnet_review2026,PSMB-Net,rrshid_test_0116_2790,moderate,20.0900936126709,0.43419697880744934,9.158588409423828
psmbnet_review2026,PSMB-Net,rrshid_test_0117_2791,moderate,17.604602813720703,0.3882167637348175,12.374957084655762
psmbnet_review2026,PSMB-Net,rrshid_test_0118_2809,moderate,19.889596939086914,0.3954070210456848,9.9248685836792
psmbnet_review2026,PSMB-Net,rrshid_test_0119_2836,moderate,19.72567367553711,0.5445407629013062,9.949721336364746
psmbnet_review2026,PSMB-Net,rrshid_test_0120_2839,moderate,22.09731674194336,0.5060749053955078,7.343390464782715
psmbnet_review2026,PSMB-Net,rrshid_test_0121_2859,moderate,21.82353973388672,0.5119415521621704,7.594317436218262
psmbnet_review2026,PSMB-Net,rrshid_test_0122_2888,moderate,21.433856964111328,0.4877997636795044,8.446065902709961
psmbnet_review2026,PSMB-Net,rrshid_test_0123_2913,moderate,20.75880241394043,0.569096028804779,7.95184326171875
psmbnet_review2026,PSMB-Net,rrshid_test_0124_292,moderate,23.01305389404297,0.7274595499038696,14.665205955505371
psmbnet_review2026,PSMB-Net,rrshid_test_0125_320,moderate,24.692474365234375,0.6932495832443237,5.24534273147583
psmbnet_review2026,PSMB-Net,rrshid_test_0126_337,moderate,26.244190216064453,0.7827976942062378,4.474738121032715
psmbnet_review2026,PSMB-Net,rrshid_test_0127_338,moderate,26.147422790527344,0.7962058186531067,4.851022720336914
psmbnet_review2026,PSMB-Net,rrshid_test_0128_35,moderate,27.540311813354492,0.7809839844703674,4.958427906036377
psmbnet_review2026,PSMB-Net,rrshid_test_0129_360,moderate,27.707202911376953,0.75620436668396,3.752744436264038
psmbnet_review2026,PSMB-Net,rrshid_test_0130_373,moderate,26.360321044921875,0.8156695365905762,4.728030204772949
psmbnet_review2026,PSMB-Net,rrshid_test_0131_411,moderate,27.975494384765625,0.8273590803146362,3.3143503665924072
psmbnet_review2026,PSMB-Net,rrshid_test_0132_417,moderate,23.5789794921875,0.7504323124885559,4.940364837646484
psmbnet_review2026,PSMB-Net,rrshid_test_0133_451,moderate,28.433673858642578,0.8129681944847107,3.342866897583008
psmbnet_review2026,PSMB-Net,rrshid_test_0134_454,moderate,27.831092834472656,0.8281636238098145,3.175034761428833
psmbnet_review2026,PSMB-Net,rrshid_test_0135_49,moderate,27.098224639892578,0.8113994002342224,3.3397862911224365
psmbnet_review2026,PSMB-Net,rrshid_test_0136_579,moderate,24.18804168701172,0.6777203679084778,5.477338790893555
psmbnet_review2026,PSMB-Net,rrshid_test_0137_65,moderate,27.102327346801758,0.7933440804481506,4.79517126083374
psmbnet_review2026,PSMB-Net,rrshid_test_0138_699,moderate,24.437767028808594,0.8248399496078491,4.915977954864502
psmbnet_review2026,PSMB-Net,rrshid_test_0139_701,moderate,26.196462631225586,0.7342084646224976,3.912903308868408
psmbnet_review2026,PSMB-Net,rrshid_test_0140_703,moderate,27.989013671875,0.8510452508926392,3.1063594818115234
psmbnet_review2026,PSMB-Net,rrshid_test_0141_708,moderate,27.55852699279785,0.8596722483634949,3.096548080444336
psmbnet_review2026,PSMB-Net,rrshid_test_0142_71,moderate,25.28474998474121,0.786579966545105,4.693316459655762
psmbnet_review2026,PSMB-Net,rrshid_test_0143_712,moderate,26.895854949951172,0.7766138911247253,3.3571534156799316
psmbnet_review2026,PSMB-Net,rrshid_test_0144_752,moderate,24.234901428222656,0.6564539074897766,5.531707286834717
psmbnet_review2026,PSMB-Net,rrshid_test_0145_786,moderate,29.695222854614258,0.8711522817611694,2.9269180297851562
psmbnet_review2026,PSMB-Net,rrshid_test_0146_789,moderate,27.137828826904297,0.8365115523338318,3.650932788848877
psmbnet_review2026,PSMB-Net,rrshid_test_0147_81,moderate,29.190549850463867,0.8761882185935974,3.1214780807495117
psmbnet_review2026,PSMB-Net,rrshid_test_0148_864,moderate,28.593936920166016,0.8216909170150757,3.291194438934326
psmbnet_review2026,PSMB-Net,rrshid_test_0149_907,moderate,28.003328323364258,0.8439826965332031,3.069648027420044
psmbnet_review2026,PSMB-Net,rrshid_test_0150_929,moderate,27.249204635620117,0.8661541938781738,3.3967065811157227
psmbnet_review2026,PSMB-Net,rrshid_test_0151_989,moderate,25.462955474853516,0.7399545311927795,4.968699932098389
psmbnet_review2026,PSMB-Net,rrshid_test_0152_99,moderate,28.206453323364258,0.8177485466003418,3.7746851444244385
psmbnet_review2026,PSMB-Net,rrshid_test_0153_1060,thick,27.154848098754883,0.7619855403900146,3.945957899093628
psmbnet_review2026,PSMB-Net,rrshid_test_0154_1104,thick,27.296178817749023,0.7527787685394287,3.8519856929779053
psmbnet_review2026,PSMB-Net,rrshid_test_0155_1116,thick,25.971519470214844,0.7544648051261902,9.253988265991211
psmbnet_review2026,PSMB-Net,rrshid_test_0156_1145,thick,26.330068588256836,0.777743935585022,11.10759449005127
psmbnet_review2026,PSMB-Net,rrshid_test_0157_1164,thick,21.451351165771484,0.5799344182014465,7.760554313659668
psmbnet_review2026,PSMB-Net,rrshid_test_0158_1243,thick,25.671855926513672,0.7623257040977478,5.345055103302002
psmbnet_review2026,PSMB-Net,rrshid_test_0159_1262,thick,26.856704711914062,0.7842463850975037,4.126560211181641
psmbnet_review2026,PSMB-Net,rrshid_test_0160_1369,thick,24.39134979248047,0.7767206430435181,5.939813137054443
psmbnet_review2026,PSMB-Net,rrshid_test_0161_1370,thick,26.817214965820312,0.8184976577758789,4.7689080238342285
psmbnet_review2026,PSMB-Net,rrshid_test_0162_1388,thick,23.878719329833984,0.7578585743904114,5.0746612548828125
psmbnet_review2026,PSMB-Net,rrshid_test_0163_1520,thick,26.668546676635742,0.7368000745773315,4.1323089599609375
psmbnet_review2026,PSMB-Net,rrshid_test_0164_156,thick,25.842620849609375,0.722592830657959,4.823296546936035
psmbnet_review2026,PSMB-Net,rrshid_test_0165_1852,thick,17.923221588134766,0.32208308577537537,9.779770851135254
psmbnet_review2026,PSMB-Net,rrshid_test_0166_1891,thick,17.24484634399414,0.26596760749816895,10.776945114135742
psmbnet_review2026,PSMB-Net,rrshid_test_0167_1907,thick,19.889244079589844,0.3532073199748993,8.034281730651855
psmbnet_review2026,PSMB-Net,rrshid_test_0168_1910,thick,17.086666107177734,0.25640031695365906,11.20490550994873
psmbnet_review2026,PSMB-Net,rrshid_test_0169_1911,thick,18.958087921142578,0.3678014576435089,8.866340637207031
psmbnet_review2026,PSMB-Net,rrshid_test_0170_221,thick,28.93376350402832,0.9009698033332825,2.6571755409240723
psmbnet_review2026,PSMB-Net,rrshid_test_0171_232,thick,26.904382705688477,0.8723642230033875,3.8298592567443848
psmbnet_review2026,PSMB-Net,rrshid_test_0172_2487,thick,16.228445053100586,0.6736051440238953,12.806148529052734
psmbnet_review2026,PSMB-Net,rrshid_test_0173_2495,thick,16.634952545166016,0.3060893416404724,14.467659950256348
psmbnet_review2026,PSMB-Net,rrshid_test_0174_2527,thick,24.949718475341797,0.7662176489830017,4.550743103027344
psmbnet_review2026,PSMB-Net,rrshid_test_0175_2568,thick,26.12198829650879,0.8610536456108093,4.5948486328125
psmbnet_review2026,PSMB-Net,rrshid_test_0176_2591,thick,26.12450408935547,0.8539057374000549,4.872312545776367
psmbnet_review2026,PSMB-Net,rrshid_test_0177_2630,thick,15.02367877960205,0.73589026927948,14.497504234313965
psmbnet_review2026,PSMB-Net,rrshid_test_0178_2643,thick,17.066835403442383,0.47128868103027344,11.081060409545898
psmbnet_review2026,PSMB-Net,rrshid_test_0179_2696,thick,18.469825744628906,0.3931735157966614,9.712630271911621
psmbnet_review2026,PSMB-Net,rrshid_test_0180_274,thick,27.308834075927734,0.8356015086174011,3.2857096195220947
psmbnet_review2026,PSMB-Net,rrshid_test_0181_315,thick,25.140117645263672,0.8686279654502869,3.8073110580444336
psmbnet_review2026,PSMB-Net,rrshid_test_0182_335,thick,24.25387954711914,0.7273370623588562,5.221495151519775
psmbnet_review2026,PSMB-Net,rrshid_test_0183_353,thick,28.149757385253906,0.8511426448822021,3.0641744136810303
psmbnet_review2026,PSMB-Net,rrshid_test_0184_354,thick,22.21207618713379,0.703334391117096,6.064868450164795
psmbnet_review2026,PSMB-Net,rrshid_test_0185_362,thick,30.94881820678711,0.8622215390205383,2.521031379699707
psmbnet_review2026,PSMB-Net,rrshid_test_0186_374,thick,26.214399337768555,0.7497915625572205,4.378978252410889
psmbnet_review2026,PSMB-Net,rrshid_test_0187_404,thick,24.467975616455078,0.874086320400238,4.398593902587891
psmbnet_review2026,PSMB-Net,rrshid_test_0188_429,thick,26.577730178833008,0.7914131879806519,4.365188121795654
psmbnet_review2026,PSMB-Net,rrshid_test_0189_431,thick,26.666542053222656,0.7726705074310303,4.38718843460083
psmbnet_review2026,PSMB-Net,rrshid_test_0190_435,thick,24.14788246154785,0.7252137660980225,5.311301231384277
psmbnet_review2026,PSMB-Net,rrshid_test_0191_478,thick,24.064788818359375,0.8101646304130554,5.924441337585449
psmbnet_review2026,PSMB-Net,rrshid_test_0192_480,thick,25.5150203704834,0.7201265692710876,4.457785129547119
psmbnet_review2026,PSMB-Net,rrshid_test_0193_486,thick,31.029586791992188,0.9073110818862915,2.36590576171875
psmbnet_review2026,PSMB-Net,rrshid_test_0194_508,thick,24.54970359802246,0.6973390579223633,6.80262565612793
psmbnet_review2026,PSMB-Net,rrshid_test_0195_516,thick,29.58254623413086,0.9039801359176636,2.9686663150787354
psmbnet_review2026,PSMB-Net,rrshid_test_0196_517,thick,30.39459228515625,0.9076049327850342,3.004061222076416
psmbnet_review2026,PSMB-Net,rrshid_test_0197_520,thick,28.220396041870117,0.8652586936950684,2.8782193660736084
psmbnet_review2026,PSMB-Net,rrshid_test_0198_578,thick,24.339611053466797,0.7308648824691772,7.071241855621338
psmbnet_review2026,PSMB-Net,rrshid_test_0199_589,thick,27.483234405517578,0.868139922618866,3.722273111343384
psmbnet_review2026,PSMB-Net,rrshid_test_0200_596,thick,26.456283569335938,0.811063826084137,4.051870346069336
psmbnet_review2026,PSMB-Net,rrshid_test_0201_598,thick,25.707992553710938,0.8078318238258362,4.904080867767334
psmbnet_review2026,PSMB-Net,rrshid_test_0202_602,thick,23.777372360229492,0.7487012147903442,5.293349266052246
psmbnet_review2026,PSMB-Net,rrshid_test_0203_609,thick,21.500057220458984,0.6245635151863098,9.04145622253418
psmbnet_review2026,PSMB-Net,rrshid_test_0204_635,thick,24.4881591796875,0.6837518811225891,5.047708511352539
psmbnet_review2026,PSMB-Net,rrshid_test_0205_638,thick,26.686481475830078,0.8037334680557251,4.504459381103516
psmbnet_review2026,PSMB-Net,rrshid_test_0206_645,thick,24.831743240356445,0.7685551047325134,5.13116455078125
psmbnet_review2026,PSMB-Net,rrshid_test_0207_655,thick,27.954456329345703,0.8247812986373901,3.545881509780884
psmbnet_review2026,PSMB-Net,rrshid_test_0208_674,thick,25.911970138549805,0.8085757493972778,3.8850576877593994
psmbnet_review2026,PSMB-Net,rrshid_test_0209_682,thick,25.583274841308594,0.7625476717948914,5.234115123748779
psmbnet_review2026,PSMB-Net,rrshid_test_0210_684,thick,25.078506469726562,0.7953810691833496,4.935526371002197
psmbnet_review2026,PSMB-Net,rrshid_test_0211_685,thick,23.674243927001953,0.8303678631782532,5.114500999450684
psmbnet_review2026,PSMB-Net,rrshid_test_0212_698,thick,27.607603073120117,0.8277279138565063,6.59230375289917
psmbnet_review2026,PSMB-Net,rrshid_test_0213_725,thick,26.728239059448242,0.8474889993667603,4.101650714874268
psmbnet_review2026,PSMB-Net,rrshid_test_0214_757,thick,31.198444366455078,0.8314386606216431,2.7871360778808594
psmbnet_review2026,PSMB-Net,rrshid_test_0215_759,thick,29.543888092041016,0.7731313705444336,3.4304585456848145
psmbnet_review2026,PSMB-Net,rrshid_test_0216_764,thick,28.01481056213379,0.8743559718132019,3.4810068607330322
psmbnet_review2026,PSMB-Net,rrshid_test_0217_765,thick,27.247913360595703,0.8749701380729675,3.7193708419799805
psmbnet_review2026,PSMB-Net,rrshid_test_0218_801,thick,28.917922973632812,0.7845688462257385,3.6838600635528564
psmbnet_review2026,PSMB-Net,rrshid_test_0219_820,thick,29.385025024414062,0.8557689189910889,3.630037784576416
psmbnet_review2026,PSMB-Net,rrshid_test_0220_851,thick,23.501989364624023,0.8061275482177734,5.624961853027344
psmbnet_review2026,PSMB-Net,rrshid_test_0221_858,thick,24.39358139038086,0.6438449621200562,8.270086288452148
psmbnet_review2026,PSMB-Net,rrshid_test_0222_885,thick,22.959598541259766,0.7055056691169739,6.664560317993164
psmbnet_review2026,PSMB-Net,rrshid_test_0223_897,thick,28.086931228637695,0.8007254004478455,3.7312302589416504
psmbnet_review2026,PSMB-Net,rrshid_test_0224_899,thick,24.988183975219727,0.6290544271469116,9.21017074584961
psmbnet_review2026,PSMB-Net,rrshid_test_0225_911,thick,29.55488395690918,0.8429134488105774,3.308809757232666
psmbnet_review2026,PSMB-Net,rrshid_test_0226_956,thick,26.738431930541992,0.7585241794586182,3.9086616039276123
psmbnet_review2026,PSMB-Net,rrshid_test_0227_957,thick,27.442596435546875,0.8292286992073059,3.4601306915283203
psmbnet_review2026,PSMB-Net,rrshid_test_0228_961,thick,28.118295669555664,0.6753462553024292,4.079324722290039
psmbnet_review2026,PSMB-Net,rrshid_test_0229_1023,thin,28.00787925720215,0.8970297574996948,2.925977945327759
psmbnet_review2026,PSMB-Net,rrshid_test_0230_1035,thin,26.49805450439453,0.7177844643592834,6.182106971740723
psmbnet_review2026,PSMB-Net,rrshid_test_0231_1075,thin,26.89282989501953,0.7233772873878479,4.801356315612793
psmbnet_review2026,PSMB-Net,rrshid_test_0232_1230,thin,27.19610023498535,0.7989088296890259,3.2803540229797363
psmbnet_review2026,PSMB-Net,rrshid_test_0233_1291,thin,27.324920654296875,0.8205007910728455,3.684675693511963
psmbnet_review2026,PSMB-Net,rrshid_test_0234_1292,thin,26.577110290527344,0.7636696696281433,3.925975799560547
psmbnet_review2026,PSMB-Net,rrshid_test_0235_1295,thin,22.705251693725586,0.6880812644958496,5.053921699523926
psmbnet_review2026,PSMB-Net,rrshid_test_0236_130,thin,24.802143096923828,0.7066805958747864,5.482182502746582
psmbnet_review2026,PSMB-Net,rrshid_test_0237_1422,thin,25.45844841003418,0.6939026713371277,6.147256851196289
psmbnet_review2026,PSMB-Net,rrshid_test_0238_1432,thin,27.694190979003906,0.7511926889419556,5.107934474945068
psmbnet_review2026,PSMB-Net,rrshid_test_0239_1571,thin,26.296173095703125,0.821598470211029,4.421755790710449
psmbnet_review2026,PSMB-Net,rrshid_test_0240_1615,thin,17.635799407958984,0.5648468136787415,10.224639892578125
psmbnet_review2026,PSMB-Net,rrshid_test_0241_1738,thin,24.255826950073242,0.7162969708442688,5.325866222381592
psmbnet_review2026,PSMB-Net,rrshid_test_0242_1744,thin,17.707416534423828,0.6099824905395508,9.204252243041992
psmbnet_review2026,PSMB-Net,rrshid_test_0243_1746,thin,20.975587844848633,0.6226496696472168,7.7846503257751465
psmbnet_review2026,PSMB-Net,rrshid_test_0244_1747,thin,20.950294494628906,0.5485270023345947,7.60545539855957
psmbnet_review2026,PSMB-Net,rrshid_test_0245_1762,thin,22.61435317993164,0.6899218559265137,5.767265319824219
psmbnet_review2026,PSMB-Net,rrshid_test_0246_184,thin,31.220565795898438,0.9159277081489563,2.1192307472229004
psmbnet_review2026,PSMB-Net,rrshid_test_0247_2033,thin,16.99078941345215,0.4872182607650757,11.562891960144043
psmbnet_review2026,PSMB-Net,rrshid_test_0248_2036,thin,19.33412742614746,0.5787522196769714,9.011493682861328
psmbnet_review2026,PSMB-Net,rrshid_test_0249_2163,thin,22.296083450317383,0.6702726483345032,6.614847660064697
psmbnet_review2026,PSMB-Net,rrshid_test_0250_2250,thin,22.643600463867188,0.6089613437652588,7.254322528839111
psmbnet_review2026,PSMB-Net,rrshid_test_0251_2343,thin,21.466995239257812,0.6128692030906677,8.820005416870117
psmbnet_review2026,PSMB-Net,rrshid_test_0252_2369,thin,21.21112823486328,0.6300808787345886,7.336542129516602
psmbnet_review2026,PSMB-Net,rrshid_test_0253_2372,thin,21.82997703552246,0.6087350845336914,6.856830596923828
psmbnet_review2026,PSMB-Net,rrshid_test_0254_2375,thin,19.817108154296875,0.6270040273666382,8.591957092285156
psmbnet_review2026,PSMB-Net,rrshid_test_0255_2389,thin,20.375940322875977,0.6250103116035461,8.49898910522461
psmbnet_review2026,PSMB-Net,rrshid_test_0256_2399,thin,20.766246795654297,0.626708984375,7.599337577819824
psmbnet_review2026,PSMB-Net,rrshid_test_0257_2451,thin,22.118854522705078,0.6555819511413574,7.383187294006348
psmbnet_review2026,PSMB-Net,rrshid_test_0258_2465,thin,24.70884132385254,0.7130335569381714,5.785463809967041
psmbnet_review2026,PSMB-Net,rrshid_test_0259_2481,thin,21.682336807250977,0.6464901566505432,8.281828880310059
psmbnet_review2026,PSMB-Net,rrshid_test_0260_2511,thin,23.515941619873047,0.6810963153839111,6.829916477203369
psmbnet_review2026,PSMB-Net,rrshid_test_0261_2543,thin,23.345287322998047,0.7016595005989075,6.242725372314453
psmbnet_review2026,PSMB-Net,rrshid_test_0262_2672,thin,22.756431579589844,0.7287337779998779,9.603862762451172
psmbnet_review2026,PSMB-Net,rrshid_test_0263_27,thin,26.131790161132812,0.7992759943008423,4.294206142425537
psmbnet_review2026,PSMB-Net,rrshid_test_0264_2706,thin,22.924297332763672,0.5698539018630981,5.2740864753723145
psmbnet_review2026,PSMB-Net,rrshid_test_0265_2725,thin,20.898283004760742,0.636336624622345,6.164283752441406
psmbnet_review2026,PSMB-Net,rrshid_test_0266_2727,thin,20.985179901123047,0.5721250772476196,6.598963260650635
psmbnet_review2026,PSMB-Net,rrshid_test_0267_2738,thin,22.749958038330078,0.6023348569869995,6.07163667678833
psmbnet_review2026,PSMB-Net,rrshid_test_0268_2741,thin,21.47397232055664,0.5816165804862976,7.684935569763184
psmbnet_review2026,PSMB-Net,rrshid_test_0269_2749,thin,24.775171279907227,0.6779338121414185,4.2872467041015625
psmbnet_review2026,PSMB-Net,rrshid_test_0270_2759,thin,21.380592346191406,0.6160016655921936,6.995406627655029
psmbnet_review2026,PSMB-Net,rrshid_test_0271_2772,thin,22.583608627319336,0.6059622168540955,5.894840717315674
psmbnet_review2026,PSMB-Net,rrshid_test_0272_2820,thin,22.331769943237305,0.5696580410003662,5.942380905151367
psmbnet_review2026,PSMB-Net,rrshid_test_0273_2863,thin,24.36703872680664,0.5997109413146973,4.930728435516357
psmbnet_review2026,PSMB-Net,rrshid_test_0274_2867,thin,21.511919021606445,0.5897729992866516,6.555788993835449
psmbnet_review2026,PSMB-Net,rrshid_test_0275_2892,thin,23.386919021606445,0.5881779193878174,5.376735210418701
psmbnet_review2026,PSMB-Net,rrshid_test_0276_2896,thin,24.27840805053711,0.651561439037323,5.216220378875732
psmbnet_review2026,PSMB-Net,rrshid_test_0277_2898,thin,23.221342086791992,0.5986955761909485,6.336330413818359
psmbnet_review2026,PSMB-Net,rrshid_test_0278_2903,thin,23.826168060302734,0.6393211483955383,5.794006824493408
psmbnet_review2026,PSMB-Net,rrshid_test_0279_2908,thin,20.980024337768555,0.5660565495491028,7.292566776275635
psmbnet_review2026,PSMB-Net,rrshid_test_0280_2918,thin,21.80171012878418,0.6307348608970642,5.97837495803833
psmbnet_review2026,PSMB-Net,rrshid_test_0281_2919,thin,18.98137855529785,0.5269424915313721,8.491633415222168
psmbnet_review2026,PSMB-Net,rrshid_test_0282_2931,thin,23.266746520996094,0.6164474487304688,5.077125549316406
psmbnet_review2026,PSMB-Net,rrshid_test_0283_2940,thin,23.31842803955078,0.6003192067146301,6.129143238067627
psmbnet_review2026,PSMB-Net,rrshid_test_0284_2946,thin,24.444599151611328,0.635205090045929,5.540696144104004
psmbnet_review2026,PSMB-Net,rrshid_test_0285_2953,thin,25.080387115478516,0.6434000134468079,4.743640422821045
psmbnet_review2026,PSMB-Net,rrshid_test_0286_2955,thin,22.502086639404297,0.6006786227226257,5.904687881469727
psmbnet_review2026,PSMB-Net,rrshid_test_0287_2956,thin,20.621002197265625,0.5627284049987793,7.456523895263672
psmbnet_review2026,PSMB-Net,rrshid_test_0288_2966,thin,20.620075225830078,0.5490942001342773,7.491150856018066
psmbnet_review2026,PSMB-Net,rrshid_test_0289_2976,thin,22.416906356811523,0.602729320526123,6.861763954162598
psmbnet_review2026,PSMB-Net,rrshid_test_0290_2993,thin,13.39501953125,0.2349669635295868,17.432920455932617
psmbnet_review2026,PSMB-Net,rrshid_test_0291_2996,thin,24.44497299194336,0.6074291467666626,5.959696292877197
psmbnet_review2026,PSMB-Net,rrshid_test_0292_2999,thin,25.63158416748047,0.6525448560714722,5.283341407775879
psmbnet_review2026,PSMB-Net,rrshid_test_0293_3008,thin,23.429523468017578,0.651989221572876,6.232178211212158
psmbnet_review2026,PSMB-Net,rrshid_test_0294_3044,thin,24.157325744628906,0.7584028244018555,6.289088249206543
psmbnet_review2026,PSMB-Net,rrshid_test_0295_457,thin,26.54214859008789,0.6892832517623901,5.932687282562256
psmbnet_review2026,PSMB-Net,rrshid_test_0296_46,thin,27.436330795288086,0.8331454396247864,3.5666146278381348
psmbnet_review2026,PSMB-Net,rrshid_test_0297_47,thin,26.42225456237793,0.7792890667915344,4.005374908447266
psmbnet_review2026,PSMB-Net,rrshid_test_0298_498,thin,24.35938262939453,0.615971028804779,4.842172145843506
psmbnet_review2026,PSMB-Net,rrshid_test_0299_57,thin,27.463668823242188,0.8153496384620667,8.396994590759277
psmbnet_review2026,PSMB-Net,rrshid_test_0300_823,thin,26.02102279663086,0.7278278470039368,4.78773832321167
psmbnet_review2026,PSMB-Net,rrshid_test_0301_88,thin,30.209810256958008,0.8488739132881165,4.425131320953369
psmbnet_review2026,PSMB-Net,rrshid_test_0302_95,thin,22.176677703857422,0.6913493871688843,8.107999801635742
psmbnet_review2026,PSMB-Net,rrshid_test_0303_972,thin,29.29813575744629,0.7854848504066467,4.136988639831543
psmbnet_review2026,PSMB-Net,rrshid_test_0304_990,thin,25.848163604736328,0.7434399127960205,5.3448710441589355
trinitynet_review2026,Trinity-Net,rrshid_test_0001_1,moderate,22.123825073242188,0.6931217312812805,7.829906463623047
trinitynet_review2026,Trinity-Net,rrshid_test_0002_1014,moderate,28.770145416259766,0.8567585945129395,3.0631613731384277
trinitynet_review2026,Trinity-Net,rrshid_test_0003_1021,moderate,27.022132873535156,0.8554812073707581,4.140140056610107
trinitynet_review2026,Trinity-Net,rrshid_test_0004_1048,moderate,29.025283813476562,0.8628110885620117,3.5500595569610596
trinitynet_review2026,Trinity-Net,rrshid_test_0005_1067,moderate,27.934783935546875,0.8660300970077515,3.579127788543701
trinitynet_review2026,Trinity-Net,rrshid_test_0006_1072,moderate,26.829875946044922,0.8110471963882446,4.102972030639648
trinitynet_review2026,Trinity-Net,rrshid_test_0007_108,moderate,17.079811096191406,0.6237879395484924,10.966364860534668
trinitynet_review2026,Trinity-Net,rrshid_test_0008_1098,moderate,24.85532569885254,0.754112184047699,4.853911399841309
trinitynet_review2026,Trinity-Net,rrshid_test_0009_1101,moderate,24.303056716918945,0.6449256539344788,5.548972129821777
trinitynet_review2026,Trinity-Net,rrshid_test_0010_1108,moderate,25.7924861907959,0.8465991020202637,4.224410057067871
trinitynet_review2026,Trinity-Net,rrshid_test_0011_1134,moderate,24.162904739379883,0.8068843483924866,5.030656814575195
trinitynet_review2026,Trinity-Net,rrshid_test_0012_1167,moderate,28.009334564208984,0.8345491886138916,3.395616054534912
trinitynet_review2026,Trinity-Net,rrshid_test_0013_1190,moderate,25.136587142944336,0.7310563921928406,4.979626655578613
trinitynet_review2026,Trinity-Net,rrshid_test_0014_1201,moderate,23.31407356262207,0.7551603317260742,4.776803493499756
trinitynet_review2026,Trinity-Net,rrshid_test_0015_1209,moderate,30.732458114624023,0.8790290355682373,3.0493273735046387
trinitynet_review2026,Trinity-Net,rrshid_test_0016_1219,moderate,20.9033203125,0.5871950387954712,6.891542434692383
trinitynet_review2026,Trinity-Net,rrshid_test_0017_1233,moderate,26.399221420288086,0.8357738256454468,3.364652395248413
trinitynet_review2026,Trinity-Net,rrshid_test_0018_1249,moderate,26.574697494506836,0.7392846941947937,4.8885650634765625
trinitynet_review2026,Trinity-Net,rrshid_test_0019_1253,moderate,21.321510314941406,0.6152545213699341,7.772851467132568
trinitynet_review2026,Trinity-Net,rrshid_test_0020_1264,moderate,29.950740814208984,0.8986971378326416,2.7586045265197754
trinitynet_review2026,Trinity-Net,rrshid_test_0021_1271,moderate,25.683189392089844,0.7646295428276062,4.545923233032227
trinitynet_review2026,Trinity-Net,rrshid_test_0022_1294,moderate,27.207244873046875,0.8044304251670837,3.5160529613494873
trinitynet_review2026,Trinity-Net,rrshid_test_0023_1299,moderate,23.281221389770508,0.6920263767242432,4.992847919464111
trinitynet_review2026,Trinity-Net,rrshid_test_0024_1305,moderate,28.352684020996094,0.8235273957252502,4.0380330085754395
trinitynet_review2026,Trinity-Net,rrshid_test_0025_1311,moderate,24.68379020690918,0.6997807621955872,5.442625045776367
trinitynet_review2026,Trinity-Net,rrshid_test_0026_1321,moderate,27.9556884765625,0.7916802763938904,4.7628960609436035
trinitynet_review2026,Trinity-Net,rrshid_test_0027_1339,moderate,25.41766357421875,0.795796275138855,4.849441051483154
trinitynet_review2026,Trinity-Net,rrshid_test_0028_134,moderate,27.51781463623047,0.8291735053062439,4.007684707641602
trinitynet_review2026,Trinity-Net,rrshid_test_0029_136,moderate,25.426570892333984,0.7439375519752502,5.267305374145508
trinitynet_review2026,Trinity-Net,rrshid_test_0030_1398,moderate,23.676471710205078,0.7145223617553711,6.797076225280762
trinitynet_review2026,Trinity-Net,rrshid_test_0031_1408,moderate,24.896230697631836,0.7736964821815491,5.481165885925293
trinitynet_review2026,Trinity-Net,rrshid_test_0032_1414,moderate,25.868864059448242,0.7617443799972534,4.7028985023498535
trinitynet_review2026,Trinity-Net,rrshid_test_0033_1443,moderate,26.160083770751953,0.7303035855293274,6.176609039306641
trinitynet_review2026,Trinity-Net,rrshid_test_0034_145,moderate,23.863128662109375,0.8419798016548157,5.2859416007995605
trinitynet_review2026,Trinity-Net,rrshid_test_0035_1453,moderate,26.37332534790039,0.8066284656524658,3.8409388065338135
trinitynet_review2026,Trinity-Net,rrshid_test_0036_1463,moderate,29.245040893554688,0.852004885673523,3.572187662124634
trinitynet_review2026,Trinity-Net,rrshid_test_0037_1469,moderate,25.67247200012207,0.7923749685287476,5.706905364990234
trinitynet_review2026,Trinity-Net,rrshid_test_0038_154,moderate,22.60190200805664,0.6647067666053772,7.977553844451904
trinitynet_review2026,Trinity-Net,rrshid_test_0039_1542,moderate,26.16312026977539,0.7893888354301453,4.495155334472656
trinitynet_review2026,Trinity-Net,rrshid_test_0040_1543,moderate,24.49219512939453,0.6975638270378113,5.975479602813721
trinitynet_review2026,Trinity-Net,rrshid_test_0041_1555,moderate,26.878835678100586,0.745007336139679,5.2049360275268555
trinitynet_review2026,Trinity-Net,rrshid_test_0042_1561,moderate,23.370847702026367,0.7248834371566772,6.625053405761719
trinitynet_review2026,Trinity-Net,rrshid_test_0043_1563,moderate,26.410648345947266,0.754301905632019,4.493431568145752
trinitynet_review2026,Trinity-Net,rrshid_test_0044_1601,moderate,27.72136688232422,0.8663844466209412,3.960613965988159
trinitynet_review2026,Trinity-Net,rrshid_test_0045_1606,moderate,19.768749237060547,0.4941650331020355,8.936772346496582
trinitynet_review2026,Trinity-Net,rrshid_test_0046_1608,moderate,17.119657516479492,0.45269933342933655,10.334593772888184
trinitynet_review2026,Trinity-Net,rrshid_test_0047_163,moderate,30.310272216796875,0.853516697883606,3.5147650241851807
trinitynet_review2026,Trinity-Net,rrshid_test_0048_1636,moderate,22.362110137939453,0.6411652565002441,6.181140899658203
trinitynet_review2026,Trinity-Net,rrshid_test_0049_1666,moderate,20.028324127197266,0.5411606431007385,8.19232177734375
trinitynet_review2026,Trinity-Net,rrshid_test_0050_1673,moderate,18.11109733581543,0.516838550567627,10.59135627746582
trinitynet_review2026,Trinity-Net,rrshid_test_0051_1691,moderate,19.82563591003418,0.5394684672355652,8.786279678344727
trinitynet_review2026,Trinity-Net,rrshid_test_0052_1706,moderate,17.623104095458984,0.4259112477302551,11.132113456726074
trinitynet_review2026,Trinity-Net,rrshid_test_0053_1741,moderate,21.344881057739258,0.5967689752578735,9.308557510375977
trinitynet_review2026,Trinity-Net,rrshid_test_0054_1787,moderate,21.33283805847168,0.39003390073776245,8.778254508972168
trinitynet_review2026,Trinity-Net,rrshid_test_0055_1809,moderate,20.1278076171875,0.5506848096847534,8.489867210388184
trinitynet_review2026,Trinity-Net,rrshid_test_0056_1810,moderate,21.15911102294922,0.5615254640579224,7.39207649230957
trinitynet_review2026,Trinity-Net,rrshid_test_0057_1814,moderate,22.033878326416016,0.6444831490516663,7.270432472229004
trinitynet_review2026,Trinity-Net,rrshid_test_0058_1822,moderate,21.395103454589844,0.5146108865737915,8.138240814208984
trinitynet_review2026,Trinity-Net,rrshid_test_0059_1844,moderate,14.572210311889648,0.5623977780342102,15.706920623779297
trinitynet_review2026,Trinity-Net,rrshid_test_0060_1856,moderate,21.01931381225586,0.48567742109298706,7.090944290161133
trinitynet_review2026,Trinity-Net,rrshid_test_0061_1869,moderate,17.757661819458008,0.25877925753593445,10.805303573608398
trinitynet_review2026,Trinity-Net,rrshid_test_0062_1873,moderate,18.539329528808594,0.30422359704971313,9.607928276062012
trinitynet_review2026,Trinity-Net,rrshid_test_0063_1899,moderate,15.603206634521484,0.389604389667511,13.30776309967041
trinitynet_review2026,Trinity-Net,rrshid_test_0064_1900,moderate,21.0575008392334,0.6372426152229309,9.131993293762207
trinitynet_review2026,Trinity-Net,rrshid_test_0065_1929,moderate,17.038211822509766,0.27334558963775635,11.449296951293945
trinitynet_review2026,Trinity-Net,rrshid_test_0066_193,moderate,22.000734329223633,0.7257214784622192,8.954540252685547
trinitynet_review2026,Trinity-Net,rrshid_test_0067_1931,moderate,19.04079818725586,0.2005046159029007,8.979135513305664
trinitynet_review2026,Trinity-Net,rrshid_test_0068_1935,moderate,19.6439208984375,0.4933962821960449,8.438007354736328
trinitynet_review2026,Trinity-Net,rrshid_test_0069_1961,moderate,19.121726989746094,0.61431485414505,9.2142972946167
trinitynet_review2026,Trinity-Net,rrshid_test_0070_1985,moderate,16.2979736328125,0.3592950701713562,13.92811393737793
trinitynet_review2026,Trinity-Net,rrshid_test_0071_1989,moderate,18.506227493286133,0.4749840199947357,10.024152755737305
trinitynet_review2026,Trinity-Net,rrshid_test_0072_2040,moderate,18.05926513671875,0.6751105189323425,10.009565353393555
trinitynet_review2026,Trinity-Net,rrshid_test_0073_2041,moderate,20.7752685546875,0.7591294050216675,7.131958484649658
trinitynet_review2026,Trinity-Net,rrshid_test_0074_2044,moderate,13.206348419189453,0.49325862526893616,17.48443603515625
trinitynet_review2026,Trinity-Net,rrshid_test_0075_2049,moderate,20.135202407836914,0.5261483192443848,7.684844970703125
trinitynet_review2026,Trinity-Net,rrshid_test_0076_2060,moderate,25.066890716552734,0.6656196117401123,5.144598960876465
trinitynet_review2026,Trinity-Net,rrshid_test_0077_2061,moderate,23.932504653930664,0.6303657293319702,5.837213516235352
trinitynet_review2026,Trinity-Net,rrshid_test_0078_2106,moderate,20.721221923828125,0.6374371647834778,7.205132484436035
trinitynet_review2026,Trinity-Net,rrshid_test_0079_2107,moderate,21.81380844116211,0.6401693224906921,6.607296466827393
trinitynet_review2026,Trinity-Net,rrshid_test_0080_2108,moderate,23.539030075073242,0.5692176818847656,5.200603485107422
trinitynet_review2026,Trinity-Net,rrshid_test_0081_2116,moderate,22.830411911010742,0.6366969347000122,6.231118679046631
trinitynet_review2026,Trinity-Net,rrshid_test_0082_2132,moderate,22.77467918395996,0.6150413155555725,6.40144157409668
trinitynet_review2026,Trinity-Net,rrshid_test_0083_2143,moderate,21.51335906982422,0.6340275406837463,6.781679630279541
trinitynet_review2026,Trinity-Net,rrshid_test_0084_2146,moderate,14.105769157409668,0.44416502118110657,15.597654342651367
trinitynet_review2026,Trinity-Net,rrshid_test_0085_2174,moderate,24.0591983795166,0.6623465418815613,5.084871292114258
trinitynet_review2026,Trinity-Net,rrshid_test_0086_2236,moderate,23.019695281982422,0.5903556942939758,5.617802143096924
trinitynet_review2026,Trinity-Net,rrshid_test_0087_2237,moderate,24.13779067993164,0.588027834892273,5.249916076660156
trinitynet_review2026,Trinity-Net,rrshid_test_0088_2261,moderate,21.396114349365234,0.6830379366874695,6.676356315612793
trinitynet_review2026,Trinity-Net,rrshid_test_0089_2297,moderate,11.695457458496094,0.45244675874710083,18.393875122070312
trinitynet_review2026,Trinity-Net,rrshid_test_0090_2299,moderate,16.062213897705078,0.5708972215652466,13.304553031921387
trinitynet_review2026,Trinity-Net,rrshid_test_0091_2313,moderate,21.804656982421875,0.5542226433753967,8.47521686553955
trinitynet_review2026,Trinity-Net,rrshid_test_0092_2331,moderate,21.950313568115234,0.5804178714752197,8.409384727478027
trinitynet_review2026,Trinity-Net,rrshid_test_0093_2350,moderate,22.053028106689453,0.5761926770210266,8.088637351989746
trinitynet_review2026,Trinity-Net,rrshid_test_0094_2386,moderate,22.895166397094727,0.5827442407608032,6.573444843292236
trinitynet_review2026,Trinity-Net,rrshid_test_0095_2405,moderate,21.861278533935547,0.5893228054046631,8.134231567382812
trinitynet_review2026,Trinity-Net,rrshid_test_0096_2408,moderate,18.449081420898438,0.6446496844291687,10.47791576385498
trinitynet_review2026,Trinity-Net,rrshid_test_0097_2427,moderate,16.060073852539062,0.6596335172653198,14.580907821655273
trinitynet_review2026,Trinity-Net,rrshid_test_0098_2434,moderate,20.255931854248047,0.6141496300697327,9.13690185546875
trinitynet_review2026,Trinity-Net,rrshid_test_0099_2444,moderate,19.50693702697754,0.7495079636573792,10.671605110168457
trinitynet_review2026,Trinity-Net,rrshid_test_0100_2446,moderate,18.066904067993164,0.7270853519439697,12.714746475219727
trinitynet_review2026,Trinity-Net,rrshid_test_0101_2447,moderate,17.026714324951172,0.703210175037384,13.611785888671875
trinitynet_review2026,Trinity-Net,rrshid_test_0102_2474,moderate,18.544370651245117,0.7440953850746155,12.386408805847168
trinitynet_review2026,Trinity-Net,rrshid_test_0103_2483,moderate,16.598093032836914,0.644549548625946,13.315122604370117
trinitynet_review2026,Trinity-Net,rrshid_test_0104_2505,moderate,23.520389556884766,0.7722479104995728,5.77922248840332
trinitynet_review2026,Trinity-Net,rrshid_test_0105_2550,moderate,24.34637451171875,0.7960214018821716,9.164522171020508
trinitynet_review2026,Trinity-Net,rrshid_test_0106_2561,moderate,23.694658279418945,0.7342107892036438,5.391998291015625
trinitynet_review2026,Trinity-Net,rrshid_test_0107_2583,moderate,19.937116622924805,0.5454961061477661,9.088323593139648
trinitynet_review2026,Trinity-Net,rrshid_test_0108_2585,moderate,22.741262435913086,0.7835726737976074,7.600046634674072
trinitynet_review2026,Trinity-Net,rrshid_test_0109_2615,moderate,19.286754608154297,0.6549760103225708,10.56908130645752
trinitynet_review2026,Trinity-Net,rrshid_test_0110_2637,moderate,18.852155685424805,0.6435277462005615,11.044092178344727
trinitynet_review2026,Trinity-Net,rrshid_test_0111_2650,moderate,22.580020904541016,0.6493558883666992,7.871671199798584
trinitynet_review2026,Trinity-Net,rrshid_test_0112_2689,moderate,16.408462524414062,0.5715540647506714,13.676193237304688
trinitynet_review2026,Trinity-Net,rrshid_test_0113_2691,moderate,19.542823791503906,0.6243375539779663,11.681597709655762
trinitynet_review2026,Trinity-Net,rrshid_test_0114_2719,moderate,20.607864379882812,0.4824523329734802,7.570461273193359
trinitynet_review2026,Trinity-Net,rrshid_test_0115_2720,moderate,18.87606430053711,0.39352160692214966,9.664740562438965
trinitynet_review2026,Trinity-Net,rrshid_test_0116_2790,moderate,19.768903732299805,0.41412580013275146,9.076271057128906
trinitynet_review2026,Trinity-Net,rrshid_test_0117_2791,moderate,18.88981056213379,0.3688344359397888,9.906557083129883
trinitynet_review2026,Trinity-Net,rrshid_test_0118_2809,moderate,20.22713851928711,0.3854222297668457,8.563193321228027
trinitynet_review2026,Trinity-Net,rrshid_test_0119_2836,moderate,18.83940887451172,0.5156229138374329,10.406293869018555
trinitynet_review2026,Trinity-Net,rrshid_test_0120_2839,moderate,21.4829044342041,0.4904014766216278,7.5599493980407715
trinitynet_review2026,Trinity-Net,rrshid_test_0121_2859,moderate,20.16085433959961,0.4224618673324585,8.947197914123535
trinitynet_review2026,Trinity-Net,rrshid_test_0122_2888,moderate,20.451383590698242,0.44256317615509033,8.093704223632812
trinitynet_review2026,Trinity-Net,rrshid_test_0123_2913,moderate,21.52885627746582,0.5704642534255981,6.770727634429932
trinitynet_review2026,Trinity-Net,rrshid_test_0124_292,moderate,23.799631118774414,0.7304530739784241,7.436485767364502
trinitynet_review2026,Trinity-Net,rrshid_test_0125_320,moderate,24.207429885864258,0.6938258409500122,5.654641151428223
trinitynet_review2026,Trinity-Net,rrshid_test_0126_337,moderate,24.80042266845703,0.7773009538650513,5.176636695861816
trinitynet_review2026,Trinity-Net,rrshid_test_0127_338,moderate,25.120697021484375,0.7902504801750183,5.762821197509766
trinitynet_review2026,Trinity-Net,rrshid_test_0128_35,moderate,26.066781997680664,0.7588014006614685,5.021196365356445
trinitynet_review2026,Trinity-Net,rrshid_test_0129_360,moderate,26.976926803588867,0.7390429973602295,4.123704433441162
trinitynet_review2026,Trinity-Net,rrshid_test_0130_373,moderate,24.57700538635254,0.787915050983429,5.1122307777404785
trinitynet_review2026,Trinity-Net,rrshid_test_0131_411,moderate,28.392305374145508,0.8244324326515198,3.8229408264160156
trinitynet_review2026,Trinity-Net,rrshid_test_0132_417,moderate,24.34675407409668,0.7417415976524353,5.085205554962158
trinitynet_review2026,Trinity-Net,rrshid_test_0133_451,moderate,28.29123306274414,0.817272424697876,4.172943115234375
trinitynet_review2026,Trinity-Net,rrshid_test_0134_454,moderate,26.515872955322266,0.8123611807823181,4.243268966674805
trinitynet_review2026,Trinity-Net,rrshid_test_0135_49,moderate,26.057098388671875,0.7913077473640442,3.958402395248413
trinitynet_review2026,Trinity-Net,rrshid_test_0136_579,moderate,23.83669090270996,0.675110399723053,6.883274078369141
trinitynet_review2026,Trinity-Net,rrshid_test_0137_65,moderate,25.688411712646484,0.7717040777206421,5.663435935974121
trinitynet_review2026,Trinity-Net,rrshid_test_0138_699,moderate,24.595256805419922,0.8153296709060669,4.886190414428711
trinitynet_review2026,Trinity-Net,rrshid_test_0139_701,moderate,25.0270938873291,0.7250887751579285,4.556985855102539
trinitynet_review2026,Trinity-Net,rrshid_test_0140_703,moderate,26.2801456451416,0.8311620950698853,4.4365763664245605
trinitynet_review2026,Trinity-Net,rrshid_test_0141_708,moderate,30.335582733154297,0.8835898637771606,2.755866050720215
trinitynet_review2026,Trinity-Net,rrshid_test_0142_71,moderate,24.705101013183594,0.7666571140289307,5.39795446395874
trinitynet_review2026,Trinity-Net,rrshid_test_0143_712,moderate,26.39442253112793,0.7814012765884399,4.248336315155029
trinitynet_review2026,Trinity-Net,rrshid_test_0144_752,moderate,25.146984100341797,0.6709059476852417,5.374042510986328
trinitynet_review2026,Trinity-Net,rrshid_test_0145_786,moderate,27.931293487548828,0.8568927049636841,3.6521835327148438
trinitynet_review2026,Trinity-Net,rrshid_test_0146_789,moderate,26.69381332397461,0.8344148397445679,4.495194435119629
trinitynet_review2026,Trinity-Net,rrshid_test_0147_81,moderate,29.051982879638672,0.8620201349258423,3.4724276065826416
trinitynet_review2026,Trinity-Net,rrshid_test_0148_864,moderate,28.588298797607422,0.8159813284873962,3.8108859062194824
trinitynet_review2026,Trinity-Net,rrshid_test_0149_907,moderate,26.888099670410156,0.8424355983734131,3.5498790740966797
trinitynet_review2026,Trinity-Net,rrshid_test_0150_929,moderate,28.29242515563965,0.8577953577041626,3.5033490657806396
trinitynet_review2026,Trinity-Net,rrshid_test_0151_989,moderate,24.944429397583008,0.7265583872795105,5.7070393562316895
trinitynet_review2026,Trinity-Net,rrshid_test_0152_99,moderate,27.30902862548828,0.7918360233306885,4.281808853149414
trinitynet_review2026,Trinity-Net,rrshid_test_0153_1060,thick,24.937828063964844,0.7021913528442383,4.81559944152832
trinitynet_review2026,Trinity-Net,rrshid_test_0154_1104,thick,25.341150283813477,0.6942615509033203,5.343984127044678
trinitynet_review2026,Trinity-Net,rrshid_test_0155_1116,thick,24.801523208618164,0.7234392762184143,7.450705051422119
trinitynet_review2026,Trinity-Net,rrshid_test_0156_1145,thick,24.839017868041992,0.695437490940094,8.533724784851074
trinitynet_review2026,Trinity-Net,rrshid_test_0157_1164,thick,18.98099708557129,0.6536110639572144,10.152263641357422
trinitynet_review2026,Trinity-Net,rrshid_test_0158_1243,thick,24.96090316772461,0.7564926147460938,5.157254695892334
trinitynet_review2026,Trinity-Net,rrshid_test_0159_1262,thick,27.191757202148438,0.7771498560905457,3.772632598876953
trinitynet_review2026,Trinity-Net,rrshid_test_0160_1369,thick,27.067916870117188,0.790346086025238,4.4025421142578125
trinitynet_review2026,Trinity-Net,rrshid_test_0161_1370,thick,27.47365951538086,0.8111460208892822,3.9715564250946045
trinitynet_review2026,Trinity-Net,rrshid_test_0162_1388,thick,24.774402618408203,0.7584177255630493,4.879792213439941
trinitynet_review2026,Trinity-Net,rrshid_test_0163_1520,thick,28.602672576904297,0.7341439723968506,3.278108835220337
trinitynet_review2026,Trinity-Net,rrshid_test_0164_156,thick,23.400239944458008,0.674168586730957,6.959883689880371
trinitynet_review2026,Trinity-Net,rrshid_test_0165_1852,thick,18.30368995666504,0.30663803219795227,11.13479995727539
trinitynet_review2026,Trinity-Net,rrshid_test_0166_1891,thick,18.907482147216797,0.2783636152744293,10.387445449829102
trinitynet_review2026,Trinity-Net,rrshid_test_0167_1907,thick,17.49234390258789,0.3338885009288788,11.885444641113281
trinitynet_review2026,Trinity-Net,rrshid_test_0168_1910,thick,18.50476837158203,0.24254019558429718,11.057181358337402
trinitynet_review2026,Trinity-Net,rrshid_test_0169_1911,thick,20.718109130859375,0.3776260316371918,9.245025634765625
trinitynet_review2026,Trinity-Net,rrshid_test_0170_221,thick,28.586517333984375,0.8979739546775818,3.0107743740081787
trinitynet_review2026,Trinity-Net,rrshid_test_0171_232,thick,22.23982810974121,0.8089642524719238,6.079159736633301
trinitynet_review2026,Trinity-Net,rrshid_test_0172_2487,thick,20.394229888916016,0.7262952923774719,8.315210342407227
trinitynet_review2026,Trinity-Net,rrshid_test_0173_2495,thick,12.775755882263184,0.6075906753540039,19.68670654296875
trinitynet_review2026,Trinity-Net,rrshid_test_0174_2527,thick,16.506881713867188,0.721280574798584,12.634379386901855
trinitynet_review2026,Trinity-Net,rrshid_test_0175_2568,thick,24.335500717163086,0.8524128198623657,4.662909507751465
trinitynet_review2026,Trinity-Net,rrshid_test_0176_2591,thick,24.510957717895508,0.8305724263191223,4.874661445617676
trinitynet_review2026,Trinity-Net,rrshid_test_0177_2630,thick,21.363506317138672,0.8024542927742004,6.762738227844238
trinitynet_review2026,Trinity-Net,rrshid_test_0178_2643,thick,15.616955757141113,0.4836154580116272,13.318765640258789
trinitynet_review2026,Trinity-Net,rrshid_test_0179_2696,thick,16.92254638671875,0.36199671030044556,11.300982475280762
trinitynet_review2026,Trinity-Net,rrshid_test_0180_274,thick,26.251487731933594,0.8100546002388,4.2610554695129395
trinitynet_review2026,Trinity-Net,rrshid_test_0181_315,thick,27.116668701171875,0.8562413454055786,3.765493392944336
trinitynet_review2026,Trinity-Net,rrshid_test_0182_335,thick,25.5084228515625,0.7028160095214844,4.669151306152344
trinitynet_review2026,Trinity-Net,rrshid_test_0183_353,thick,25.909072875976562,0.8004317283630371,4.313239574432373
trinitynet_review2026,Trinity-Net,rrshid_test_0184_354,thick,24.317256927490234,0.7193397283554077,5.50277042388916
trinitynet_review2026,Trinity-Net,rrshid_test_0185_362,thick,29.81912612915039,0.8648493885993958,2.6230103969573975
trinitynet_review2026,Trinity-Net,rrshid_test_0186_374,thick,24.31158447265625,0.7205194234848022,5.164236068725586
trinitynet_review2026,Trinity-Net,rrshid_test_0187_404,thick,18.32675552368164,0.7743595838546753,8.75355339050293
trinitynet_review2026,Trinity-Net,rrshid_test_0188_429,thick,26.1190185546875,0.7813270092010498,4.23972749710083
trinitynet_review2026,Trinity-Net,rrshid_test_0189_431,thick,22.212608337402344,0.7180745005607605,6.2046966552734375
trinitynet_review2026,Trinity-Net,rrshid_test_0190_435,thick,23.083389282226562,0.7162006497383118,5.978588104248047
trinitynet_review2026,Trinity-Net,rrshid_test_0191_478,thick,24.722612380981445,0.790109395980835,7.579596519470215
trinitynet_review2026,Trinity-Net,rrshid_test_0192_480,thick,23.651113510131836,0.6955910325050354,6.16874885559082
trinitynet_review2026,Trinity-Net,rrshid_test_0193_486,thick,29.058883666992188,0.8796016573905945,3.4294228553771973
trinitynet_review2026,Trinity-Net,rrshid_test_0194_508,thick,24.146286010742188,0.6673051714897156,5.867849349975586
trinitynet_review2026,Trinity-Net,rrshid_test_0195_516,thick,28.194843292236328,0.9057230353355408,2.853872776031494
trinitynet_review2026,Trinity-Net,rrshid_test_0196_517,thick,27.925947189331055,0.900044858455658,3.2292628288269043
trinitynet_review2026,Trinity-Net,rrshid_test_0197_520,thick,23.139665603637695,0.7927787899971008,5.85040807723999
trinitynet_review2026,Trinity-Net,rrshid_test_0198_578,thick,25.120040893554688,0.6769492626190186,5.806947708129883
trinitynet_review2026,Trinity-Net,rrshid_test_0199_589,thick,23.464391708374023,0.8254740238189697,5.108522415161133
trinitynet_review2026,Trinity-Net,rrshid_test_0200_596,thick,27.16007423400879,0.8307808637619019,3.6422553062438965
trinitynet_review2026,Trinity-Net,rrshid_test_0201_598,thick,21.79840087890625,0.7870256900787354,9.077272415161133
trinitynet_review2026,Trinity-Net,rrshid_test_0202_602,thick,21.922367095947266,0.7670149803161621,7.395419120788574
trinitynet_review2026,Trinity-Net,rrshid_test_0203_609,thick,27.359426498413086,0.6704610586166382,4.8746795654296875
trinitynet_review2026,Trinity-Net,rrshid_test_0204_635,thick,23.04631805419922,0.7111205458641052,6.691464424133301
trinitynet_review2026,Trinity-Net,rrshid_test_0205_638,thick,22.742481231689453,0.7695537209510803,8.494644165039062
trinitynet_review2026,Trinity-Net,rrshid_test_0206_645,thick,21.6538143157959,0.7046680450439453,7.565093040466309
trinitynet_review2026,Trinity-Net,rrshid_test_0207_655,thick,25.130176544189453,0.7609683275222778,4.422882080078125
trinitynet_review2026,Trinity-Net,rrshid_test_0208_674,thick,26.195772171020508,0.8216699361801147,3.8682498931884766
trinitynet_review2026,Trinity-Net,rrshid_test_0209_682,thick,24.815555572509766,0.7324206233024597,5.388801097869873
trinitynet_review2026,Trinity-Net,rrshid_test_0210_684,thick,23.427108764648438,0.7701128125190735,5.873425483703613
trinitynet_review2026,Trinity-Net,rrshid_test_0211_685,thick,24.17605209350586,0.7876691222190857,5.637990474700928
trinitynet_review2026,Trinity-Net,rrshid_test_0212_698,thick,24.335952758789062,0.7915244698524475,6.842916965484619
trinitynet_review2026,Trinity-Net,rrshid_test_0213_725,thick,24.420907974243164,0.8003444671630859,4.882528305053711
trinitynet_review2026,Trinity-Net,rrshid_test_0214_757,thick,29.957876205444336,0.8288461565971375,3.1715691089630127
trinitynet_review2026,Trinity-Net,rrshid_test_0215_759,thick,28.382558822631836,0.7651599645614624,3.6108527183532715
trinitynet_review2026,Trinity-Net,rrshid_test_0216_764,thick,27.914722442626953,0.8694412708282471,3.5038747787475586
trinitynet_review2026,Trinity-Net,rrshid_test_0217_765,thick,28.47970962524414,0.8797586560249329,3.188282012939453
trinitynet_review2026,Trinity-Net,rrshid_test_0218_801,thick,26.34058952331543,0.763794481754303,4.258626461029053
trinitynet_review2026,Trinity-Net,rrshid_test_0219_820,thick,27.300277709960938,0.8258150219917297,4.081066608428955
trinitynet_review2026,Trinity-Net,rrshid_test_0220_851,thick,27.55502700805664,0.8469141125679016,3.7004294395446777
trinitynet_review2026,Trinity-Net,rrshid_test_0221_858,thick,24.179378509521484,0.5790199637413025,5.963837146759033
trinitynet_review2026,Trinity-Net,rrshid_test_0222_885,thick,18.951980590820312,0.6588796973228455,9.621552467346191
trinitynet_review2026,Trinity-Net,rrshid_test_0223_897,thick,25.679790496826172,0.7510524988174438,4.418888568878174
trinitynet_review2026,Trinity-Net,rrshid_test_0224_899,thick,24.107149124145508,0.5717984437942505,6.488790035247803
trinitynet_review2026,Trinity-Net,rrshid_test_0225_911,thick,29.184303283691406,0.8333431482315063,3.320596694946289
trinitynet_review2026,Trinity-Net,rrshid_test_0226_956,thick,27.201154708862305,0.7599663138389587,3.941572666168213
trinitynet_review2026,Trinity-Net,rrshid_test_0227_957,thick,27.83820915222168,0.8294709920883179,3.6006386280059814
trinitynet_review2026,Trinity-Net,rrshid_test_0228_961,thick,24.252819061279297,0.6517849564552307,5.678710460662842
trinitynet_review2026,Trinity-Net,rrshid_test_0229_1023,thin,30.241443634033203,0.9022520780563354,2.7368836402893066
trinitynet_review2026,Trinity-Net,rrshid_test_0230_1035,thin,26.664352416992188,0.6981703639030457,4.563921928405762
trinitynet_review2026,Trinity-Net,rrshid_test_0231_1075,thin,25.37320899963379,0.7033395767211914,4.945096015930176
trinitynet_review2026,Trinity-Net,rrshid_test_0232_1230,thin,25.567190170288086,0.7782573103904724,3.6556437015533447
trinitynet_review2026,Trinity-Net,rrshid_test_0233_1291,thin,26.449878692626953,0.8076631426811218,4.259057521820068
trinitynet_review2026,Trinity-Net,rrshid_test_0234_1292,thin,25.90337562561035,0.7298747301101685,4.338772773742676
trinitynet_review2026,Trinity-Net,rrshid_test_0235_1295,thin,22.90512466430664,0.6545826196670532,5.26908016204834
trinitynet_review2026,Trinity-Net,rrshid_test_0236_130,thin,23.69622230529785,0.6565334796905518,6.0705671310424805
trinitynet_review2026,Trinity-Net,rrshid_test_0237_1422,thin,24.793222427368164,0.6704806089401245,5.2606987953186035
trinitynet_review2026,Trinity-Net,rrshid_test_0238_1432,thin,25.878459930419922,0.6880557537078857,4.553193092346191
trinitynet_review2026,Trinity-Net,rrshid_test_0239_1571,thin,27.07381820678711,0.8035479187965393,4.519654273986816
trinitynet_review2026,Trinity-Net,rrshid_test_0240_1615,thin,18.50191879272461,0.5916215777397156,9.15836238861084
trinitynet_review2026,Trinity-Net,rrshid_test_0241_1738,thin,24.53244972229004,0.642414927482605,5.114586353302002
trinitynet_review2026,Trinity-Net,rrshid_test_0242_1744,thin,18.471363067626953,0.6087354421615601,9.70768928527832
trinitynet_review2026,Trinity-Net,rrshid_test_0243_1746,thin,19.548599243164062,0.5789614915847778,9.552915573120117
trinitynet_review2026,Trinity-Net,rrshid_test_0244_1747,thin,19.22092628479004,0.5118577480316162,9.77630615234375
trinitynet_review2026,Trinity-Net,rrshid_test_0245_1762,thin,21.765789031982422,0.6903582215309143,6.34063720703125
trinitynet_review2026,Trinity-Net,rrshid_test_0246_184,thin,28.951927185058594,0.8930349349975586,2.9720587730407715
trinitynet_review2026,Trinity-Net,rrshid_test_0247_2033,thin,14.659067153930664,0.3601725995540619,14.888875961303711
trinitynet_review2026,Trinity-Net,rrshid_test_0248_2036,thin,23.289899826049805,0.599169135093689,6.619100093841553
trinitynet_review2026,Trinity-Net,rrshid_test_0249_2163,thin,21.07217025756836,0.6238585114479065,7.622539520263672
trinitynet_review2026,Trinity-Net,rrshid_test_0250_2250,thin,23.27413558959961,0.603446900844574,5.586747169494629
trinitynet_review2026,Trinity-Net,rrshid_test_0251_2343,thin,20.308975219726562,0.5724328756332397,10.745532989501953
trinitynet_review2026,Trinity-Net,rrshid_test_0252_2369,thin,19.44037628173828,0.539552628993988,10.54342269897461
trinitynet_review2026,Trinity-Net,rrshid_test_0253_2372,thin,21.534229278564453,0.5658804178237915,8.585678100585938
trinitynet_review2026,Trinity-Net,rrshid_test_0254_2375,thin,20.764062881469727,0.6273395419120789,9.795361518859863
trinitynet_review2026,Trinity-Net,rrshid_test_0255_2389,thin,20.935251235961914,0.6366064548492432,9.430566787719727
trinitynet_review2026,Trinity-Net,rrshid_test_0256_2399,thin,20.362632751464844,0.6049736142158508,9.154764175415039
trinitynet_review2026,Trinity-Net,rrshid_test_0257_2451,thin,22.38819122314453,0.6238267421722412,7.056085109710693
trinitynet_review2026,Trinity-Net,rrshid_test_0258_2465,thin,22.23527717590332,0.6878803372383118,8.52136516571045
trinitynet_review2026,Trinity-Net,rrshid_test_0259_2481,thin,21.226558685302734,0.6283448338508606,8.714301109313965
trinitynet_review2026,Trinity-Net,rrshid_test_0260_2511,thin,23.266555786132812,0.6723865866661072,9.37098503112793
trinitynet_review2026,Trinity-Net,rrshid_test_0261_2543,thin,24.763511657714844,0.7277942895889282,6.965897560119629
trinitynet_review2026,Trinity-Net,rrshid_test_0262_2672,thin,19.729217529296875,0.64838045835495,14.555025100708008
trinitynet_review2026,Trinity-Net,rrshid_test_0263_27,thin,26.252647399902344,0.7838639616966248,4.283359527587891
trinitynet_review2026,Trinity-Net,rrshid_test_0264_2706,thin,22.65634536743164,0.5652627944946289,5.3776679039001465
trinitynet_review2026,Trinity-Net,rrshid_test_0265_2725,thin,23.633838653564453,0.6575892567634583,5.358295917510986
trinitynet_review2026,Trinity-Net,rrshid_test_0266_2727,thin,20.923660278320312,0.5319312214851379,6.917553424835205
trinitynet_review2026,Trinity-Net,rrshid_test_0267_2738,thin,21.866437911987305,0.5626663565635681,6.068637847900391
trinitynet_review2026,Trinity-Net,rrshid_test_0268_2741,thin,20.548513412475586,0.5409024953842163,7.9973835945129395
trinitynet_review2026,Trinity-Net,rrshid_test_0269_2749,thin,25.00037956237793,0.6663848757743835,4.244222640991211
trinitynet_review2026,Trinity-Net,rrshid_test_0270_2759,thin,19.906076431274414,0.5488228797912598,7.90120267868042
trinitynet_review2026,Trinity-Net,rrshid_test_0271_2772,thin,21.7214298248291,0.5718416571617126,6.088077068328857
trinitynet_review2026,Trinity-Net,rrshid_test_0272_2820,thin,22.50631332397461,0.5664518475532532,5.659842491149902
trinitynet_review2026,Trinity-Net,rrshid_test_0273_2863,thin,22.800905227661133,0.5355685353279114,5.745490074157715
trinitynet_review2026,Trinity-Net,rrshid_test_0274_2867,thin,21.427017211914062,0.5664358735084534,6.540780067443848
trinitynet_review2026,Trinity-Net,rrshid_test_0275_2892,thin,24.715261459350586,0.5731419324874878,4.50550651550293
trinitynet_review2026,Trinity-Net,rrshid_test_0276_2896,thin,24.27408218383789,0.6368333101272583,5.075526714324951
trinitynet_review2026,Trinity-Net,rrshid_test_0277_2898,thin,21.99214744567871,0.5368184447288513,7.319543838500977
trinitynet_review2026,Trinity-Net,rrshid_test_0278_2903,thin,22.94278335571289,0.5943476557731628,6.373865604400635
trinitynet_review2026,Trinity-Net,rrshid_test_0279_2908,thin,21.09758758544922,0.5303741693496704,6.746939659118652
trinitynet_review2026,Trinity-Net,rrshid_test_0280_2918,thin,21.473285675048828,0.5996000170707703,6.01548433303833
trinitynet_review2026,Trinity-Net,rrshid_test_0281_2919,thin,18.276493072509766,0.5321550369262695,7.948686599731445
trinitynet_review2026,Trinity-Net,rrshid_test_0282_2931,thin,22.35894775390625,0.5674071311950684,5.502433776855469
trinitynet_review2026,Trinity-Net,rrshid_test_0283_2940,thin,22.22475242614746,0.48951035737991333,6.869962692260742
trinitynet_review2026,Trinity-Net,rrshid_test_0284_2946,thin,24.084930419921875,0.6353490352630615,5.676548957824707
trinitynet_review2026,Trinity-Net,rrshid_test_0285_2953,thin,23.191892623901367,0.5815925598144531,5.27415657043457
trinitynet_review2026,Trinity-Net,rrshid_test_0286_2955,thin,21.450695037841797,0.5615068674087524,6.1291279792785645
trinitynet_review2026,Trinity-Net,rrshid_test_0287_2956,thin,20.852313995361328,0.5622730255126953,6.649362564086914
trinitynet_review2026,Trinity-Net,rrshid_test_0288_2966,thin,20.722646713256836,0.5120847225189209,7.3500471115112305
trinitynet_review2026,Trinity-Net,rrshid_test_0289_2976,thin,19.23619270324707,0.4963899850845337,8.619800567626953
trinitynet_review2026,Trinity-Net,rrshid_test_0290_2993,thin,15.92973518371582,0.2380557656288147,14.115077018737793
trinitynet_review2026,Trinity-Net,rrshid_test_0291_2996,thin,22.821786880493164,0.46591612696647644,6.544060230255127
trinitynet_review2026,Trinity-Net,rrshid_test_0292_2999,thin,24.456928253173828,0.5675698518753052,5.790323734283447
trinitynet_review2026,Trinity-Net,rrshid_test_0293_3008,thin,21.98249053955078,0.5698994994163513,6.928472995758057
trinitynet_review2026,Trinity-Net,rrshid_test_0294_3044,thin,26.638835906982422,0.7613818645477295,5.807542324066162
trinitynet_review2026,Trinity-Net,rrshid_test_0295_457,thin,24.250905990600586,0.6440216302871704,4.920680999755859
trinitynet_review2026,Trinity-Net,rrshid_test_0296_46,thin,25.790441513061523,0.8120469450950623,4.231086254119873
trinitynet_review2026,Trinity-Net,rrshid_test_0297_47,thin,25.35759162902832,0.7533174753189087,4.480287551879883
trinitynet_review2026,Trinity-Net,rrshid_test_0298_498,thin,24.46539878845215,0.6273177266120911,4.852827072143555
trinitynet_review2026,Trinity-Net,rrshid_test_0299_57,thin,30.320674896240234,0.8346180319786072,3.7827303409576416
trinitynet_review2026,Trinity-Net,rrshid_test_0300_823,thin,25.349313735961914,0.6995013356208801,4.511346340179443
trinitynet_review2026,Trinity-Net,rrshid_test_0301_88,thin,30.058563232421875,0.8146548867225647,3.355224609375
trinitynet_review2026,Trinity-Net,rrshid_test_0302_95,thin,23.694595336914062,0.7225077748298645,5.746390342712402
trinitynet_review2026,Trinity-Net,rrshid_test_0303_972,thin,28.019927978515625,0.7451300024986267,3.7032876014709473
trinitynet_review2026,Trinity-Net,rrshid_test_0304_990,thin,25.151195526123047,0.7121138572692871,4.884073257446289
lfdnet_review2026,LFD-Net,rrshid_test_0001_1,moderate,20.405454635620117,0.6142879724502563,7.617642402648926
lfdnet_review2026,LFD-Net,rrshid_test_0002_1014,moderate,26.70718765258789,0.7884292602539062,5.923847198486328
lfdnet_review2026,LFD-Net,rrshid_test_0003_1021,moderate,27.37771987915039,0.7730978727340698,7.739762783050537
lfdnet_review2026,LFD-Net,rrshid_test_0004_1048,moderate,26.50992202758789,0.8166893124580383,5.027650356292725
lfdnet_review2026,LFD-Net,rrshid_test_0005_1067,moderate,24.32575225830078,0.7645329236984253,6.47695255279541
lfdnet_review2026,LFD-Net,rrshid_test_0006_1072,moderate,24.50469970703125,0.7135387659072876,5.769864559173584
lfdnet_review2026,LFD-Net,rrshid_test_0007_108,moderate,21.445430755615234,0.6488563418388367,8.299725532531738
lfdnet_review2026,LFD-Net,rrshid_test_0008_1098,moderate,24.217241287231445,0.672339677810669,7.418395519256592
lfdnet_review2026,LFD-Net,rrshid_test_0009_1101,moderate,23.688018798828125,0.5844292640686035,6.286312580108643
lfdnet_review2026,LFD-Net,rrshid_test_0010_1108,moderate,24.48642921447754,0.7608453631401062,7.4833149909973145
lfdnet_review2026,LFD-Net,rrshid_test_0011_1134,moderate,20.65362548828125,0.680558443069458,8.047017097473145
lfdnet_review2026,LFD-Net,rrshid_test_0012_1167,moderate,24.614036560058594,0.7555480599403381,4.684087753295898
lfdnet_review2026,LFD-Net,rrshid_test_0013_1190,moderate,22.49431800842285,0.5815372467041016,5.690239429473877
lfdnet_review2026,LFD-Net,rrshid_test_0014_1201,moderate,21.50508689880371,0.6284158229827881,7.115213394165039
lfdnet_review2026,LFD-Net,rrshid_test_0015_1209,moderate,29.69795036315918,0.7925943732261658,4.176781177520752
lfdnet_review2026,LFD-Net,rrshid_test_0016_1219,moderate,18.845335006713867,0.41589388251304626,8.767976760864258
lfdnet_review2026,LFD-Net,rrshid_test_0017_1233,moderate,23.00014877319336,0.7355778217315674,5.009122371673584
lfdnet_review2026,LFD-Net,rrshid_test_0018_1249,moderate,23.56075668334961,0.6058931350708008,6.797592639923096
lfdnet_review2026,LFD-Net,rrshid_test_0019_1253,moderate,18.826969146728516,0.5040169358253479,10.555559158325195
lfdnet_review2026,LFD-Net,rrshid_test_0020_1264,moderate,27.291223526000977,0.8081559538841248,4.713980197906494
lfdnet_review2026,LFD-Net,rrshid_test_0021_1271,moderate,22.135513305664062,0.6527159214019775,6.537433624267578
lfdnet_review2026,LFD-Net,rrshid_test_0022_1294,moderate,24.790037155151367,0.6888393759727478,5.3157639503479
lfdnet_review2026,LFD-Net,rrshid_test_0023_1299,moderate,20.408527374267578,0.4502379298210144,7.87999963760376
lfdnet_review2026,LFD-Net,rrshid_test_0024_1305,moderate,23.098957061767578,0.6572439074516296,6.64307165145874
lfdnet_review2026,LFD-Net,rrshid_test_0025_1311,moderate,22.041051864624023,0.5424959659576416,6.599821090698242
lfdnet_review2026,LFD-Net,rrshid_test_0026_1321,moderate,24.222719192504883,0.6485022306442261,7.097846508026123
lfdnet_review2026,LFD-Net,rrshid_test_0027_1339,moderate,20.04789161682129,0.5145812630653381,8.904308319091797
lfdnet_review2026,LFD-Net,rrshid_test_0028_134,moderate,27.142885208129883,0.7571529746055603,5.433073043823242
lfdnet_review2026,LFD-Net,rrshid_test_0029_136,moderate,23.963550567626953,0.6508861780166626,6.703507900238037
lfdnet_review2026,LFD-Net,rrshid_test_0030_1398,moderate,20.967416763305664,0.6208888292312622,8.174985885620117
lfdnet_review2026,LFD-Net,rrshid_test_0031_1408,moderate,24.98285484313965,0.7101206183433533,6.332859516143799
lfdnet_review2026,LFD-Net,rrshid_test_0032_1414,moderate,25.05343246459961,0.7133127450942993,6.047856330871582
lfdnet_review2026,LFD-Net,rrshid_test_0033_1443,moderate,23.475053787231445,0.61961430311203,5.762938499450684
lfdnet_review2026,LFD-Net,rrshid_test_0034_145,moderate,17.77483367919922,0.700093686580658,10.219694137573242
lfdnet_review2026,LFD-Net,rrshid_test_0035_1453,moderate,24.884902954101562,0.7432558536529541,6.359179496765137
lfdnet_review2026,LFD-Net,rrshid_test_0036_1463,moderate,27.421592712402344,0.7855455875396729,4.767677307128906
lfdnet_review2026,LFD-Net,rrshid_test_0037_1469,moderate,22.34992027282715,0.7271506786346436,5.6381988525390625
lfdnet_review2026,LFD-Net,rrshid_test_0038_154,moderate,19.649425506591797,0.524741530418396,9.358888626098633
lfdnet_review2026,LFD-Net,rrshid_test_0039_1542,moderate,23.827112197875977,0.705600917339325,6.427072525024414
lfdnet_review2026,LFD-Net,rrshid_test_0040_1543,moderate,21.57452392578125,0.5980579853057861,7.568376064300537
lfdnet_review2026,LFD-Net,rrshid_test_0041_1555,moderate,24.23888397216797,0.6129810810089111,6.304393291473389
lfdnet_review2026,LFD-Net,rrshid_test_0042_1561,moderate,20.152286529541016,0.6138203144073486,8.750984191894531
lfdnet_review2026,LFD-Net,rrshid_test_0043_1563,moderate,25.991498947143555,0.6731035113334656,5.822331428527832
lfdnet_review2026,LFD-Net,rrshid_test_0044_1601,moderate,22.491443634033203,0.8250772356987,6.910109043121338
lfdnet_review2026,LFD-Net,rrshid_test_0045_1606,moderate,17.289377212524414,0.44747188687324524,12.057634353637695
lfdnet_review2026,LFD-Net,rrshid_test_0046_1608,moderate,15.188949584960938,0.3533129394054413,14.63064956665039
lfdnet_review2026,LFD-Net,rrshid_test_0047_163,moderate,27.96068572998047,0.7913758754730225,4.88843297958374
lfdnet_review2026,LFD-Net,rrshid_test_0048_1636,moderate,19.637216567993164,0.5684334635734558,10.32089614868164
lfdnet_review2026,LFD-Net,rrshid_test_0049_1666,moderate,16.265623092651367,0.40862059593200684,13.850547790527344
lfdnet_review2026,LFD-Net,rrshid_test_0050_1673,moderate,13.500720977783203,0.32924583554267883,18.1705265045166
lfdnet_review2026,LFD-Net,rrshid_test_0051_1691,moderate,14.996335983276367,0.3656684458255768,15.566067695617676
lfdnet_review2026,LFD-Net,rrshid_test_0052_1706,moderate,14.240198135375977,0.302715539932251,17.528886795043945
lfdnet_review2026,LFD-Net,rrshid_test_0053_1741,moderate,19.980520248413086,0.47545289993286133,10.657642364501953
lfdnet_review2026,LFD-Net,rrshid_test_0054_1787,moderate,18.697946548461914,0.3444262146949768,14.056260108947754
lfdnet_review2026,LFD-Net,rrshid_test_0055_1809,moderate,18.94812774658203,0.49014100432395935,11.791387557983398
lfdnet_review2026,LFD-Net,rrshid_test_0056_1810,moderate,20.83273696899414,0.5073350667953491,10.60392951965332
lfdnet_review2026,LFD-Net,rrshid_test_0057_1814,moderate,20.58563232421875,0.5531476140022278,9.659035682678223
lfdnet_review2026,LFD-Net,rrshid_test_0058_1822,moderate,17.3563175201416,0.4064832031726837,14.529935836791992
lfdnet_review2026,LFD-Net,rrshid_test_0059_1844,moderate,13.40624713897705,0.4899456202983856,20.607486724853516
lfdnet_review2026,LFD-Net,rrshid_test_0060_1856,moderate,18.104820251464844,0.4314543306827545,14.092334747314453
lfdnet_review2026,LFD-Net,rrshid_test_0061_1869,moderate,15.510458946228027,0.20953114330768585,16.056068420410156
lfdnet_review2026,LFD-Net,rrshid_test_0062_1873,moderate,16.92721939086914,0.2729344964027405,15.189401626586914
lfdnet_review2026,LFD-Net,rrshid_test_0063_1899,moderate,16.157821655273438,0.3649364113807678,15.963220596313477
lfdnet_review2026,LFD-Net,rrshid_test_0064_1900,moderate,21.174909591674805,0.5648654103279114,10.037458419799805
lfdnet_review2026,LFD-Net,rrshid_test_0065_1929,moderate,17.125709533691406,0.25245800614356995,15.590690612792969
lfdnet_review2026,LFD-Net,rrshid_test_0066_193,moderate,21.475536346435547,0.6893043518066406,7.657770156860352
lfdnet_review2026,LFD-Net,rrshid_test_0067_1931,moderate,18.881484985351562,0.19253404438495636,11.552456855773926
lfdnet_review2026,LFD-Net,rrshid_test_0068_1935,moderate,16.93413734436035,0.43033328652381897,14.757362365722656
lfdnet_review2026,LFD-Net,rrshid_test_0069_1961,moderate,17.26494026184082,0.5369153618812561,12.753948211669922
lfdnet_review2026,LFD-Net,rrshid_test_0070_1985,moderate,17.58415412902832,0.23204655945301056,12.644909858703613
lfdnet_review2026,LFD-Net,rrshid_test_0071_1989,moderate,17.8051700592041,0.3445029556751251,11.719796180725098
lfdnet_review2026,LFD-Net,rrshid_test_0072_2040,moderate,21.612302780151367,0.6278773546218872,8.07345962524414
lfdnet_review2026,LFD-Net,rrshid_test_0073_2041,moderate,22.582603454589844,0.6994619965553284,6.99765157699585
lfdnet_review2026,LFD-Net,rrshid_test_0074_2044,moderate,12.820636749267578,0.40974339842796326,20.812725067138672
lfdnet_review2026,LFD-Net,rrshid_test_0075_2049,moderate,22.217863082885742,0.49709534645080566,7.504393577575684
lfdnet_review2026,LFD-Net,rrshid_test_0076_2060,moderate,23.470457077026367,0.6074652671813965,6.933298587799072
lfdnet_review2026,LFD-Net,rrshid_test_0077_2061,moderate,21.2114315032959,0.551806628704071,7.3216962814331055
lfdnet_review2026,LFD-Net,rrshid_test_0078_2106,moderate,21.491561889648438,0.525921106338501,8.341744422912598
lfdnet_review2026,LFD-Net,rrshid_test_0079_2107,moderate,20.47589874267578,0.534183144569397,8.74186897277832
lfdnet_review2026,LFD-Net,rrshid_test_0080_2108,moderate,21.115856170654297,0.4544523060321808,7.758193492889404
lfdnet_review2026,LFD-Net,rrshid_test_0081_2116,moderate,17.601497650146484,0.4823814630508423,8.876497268676758
lfdnet_review2026,LFD-Net,rrshid_test_0082_2132,moderate,18.66980743408203,0.4950626492500305,9.898072242736816
lfdnet_review2026,LFD-Net,rrshid_test_0083_2143,moderate,21.23796272277832,0.572739839553833,8.090974807739258
lfdnet_review2026,LFD-Net,rrshid_test_0084_2146,moderate,14.94474983215332,0.3818112909793854,15.639852523803711
lfdnet_review2026,LFD-Net,rrshid_test_0085_2174,moderate,20.65606117248535,0.5540431141853333,9.738053321838379
lfdnet_review2026,LFD-Net,rrshid_test_0086_2236,moderate,21.56682777404785,0.5109875202178955,7.666455268859863
lfdnet_review2026,LFD-Net,rrshid_test_0087_2237,moderate,21.539905548095703,0.48377588391304016,7.728078365325928
lfdnet_review2026,LFD-Net,rrshid_test_0088_2261,moderate,20.27498435974121,0.5469716191291809,8.18994426727295
lfdnet_review2026,LFD-Net,rrshid_test_0089_2297,moderate,9.902615547180176,0.32080551981925964,23.665529251098633
lfdnet_review2026,LFD-Net,rrshid_test_0090_2299,moderate,12.367532730102539,0.4464816451072693,22.093461990356445
lfdnet_review2026,LFD-Net,rrshid_test_0091_2313,moderate,18.419797897338867,0.45177239179611206,14.290250778198242
lfdnet_review2026,LFD-Net,rrshid_test_0092_2331,moderate,18.712121963500977,0.44423994421958923,13.047669410705566
lfdnet_review2026,LFD-Net,rrshid_test_0093_2350,moderate,19.557809829711914,0.48131248354911804,12.503214836120605
lfdnet_review2026,LFD-Net,rrshid_test_0094_2386,moderate,19.433208465576172,0.4860534071922302,10.85785961151123
lfdnet_review2026,LFD-Net,rrshid_test_0095_2405,moderate,19.873153686523438,0.5235710740089417,13.063714981079102
lfdnet_review2026,LFD-Net,rrshid_test_0096_2408,moderate,17.193639755249023,0.5863877534866333,15.253389358520508
lfdnet_review2026,LFD-Net,rrshid_test_0097_2427,moderate,15.475454330444336,0.5777856707572937,23.302764892578125
lfdnet_review2026,LFD-Net,rrshid_test_0098_2434,moderate,17.263351440429688,0.5182761549949646,14.490036964416504
lfdnet_review2026,LFD-Net,rrshid_test_0099_2444,moderate,18.439716339111328,0.7009252309799194,18.84930419921875
lfdnet_review2026,LFD-Net,rrshid_test_0100_2446,moderate,16.01559066772461,0.6426984667778015,20.732284545898438
lfdnet_review2026,LFD-Net,rrshid_test_0101_2447,moderate,14.704283714294434,0.6037305593490601,20.3756103515625
lfdnet_review2026,LFD-Net,rrshid_test_0102_2474,moderate,16.538585662841797,0.6686581969261169,20.579936981201172
lfdnet_review2026,LFD-Net,rrshid_test_0103_2483,moderate,15.523362159729004,0.5563645362854004,21.382532119750977
lfdnet_review2026,LFD-Net,rrshid_test_0104_2505,moderate,21.633098602294922,0.6593244671821594,7.330568313598633
lfdnet_review2026,LFD-Net,rrshid_test_0105_2550,moderate,21.847822189331055,0.6196205615997314,14.608527183532715
lfdnet_review2026,LFD-Net,rrshid_test_0106_2561,moderate,18.06498908996582,0.5776396989822388,10.974053382873535
lfdnet_review2026,LFD-Net,rrshid_test_0107_2583,moderate,19.045621871948242,0.4747774600982666,11.865044593811035
lfdnet_review2026,LFD-Net,rrshid_test_0108_2585,moderate,22.60125732421875,0.6914137601852417,9.160242080688477
lfdnet_review2026,LFD-Net,rrshid_test_0109_2615,moderate,18.831998825073242,0.5958528518676758,11.7149019241333
lfdnet_review2026,LFD-Net,rrshid_test_0110_2637,moderate,17.175540924072266,0.5759574174880981,14.69039535522461
lfdnet_review2026,LFD-Net,rrshid_test_0111_2650,moderate,19.333513259887695,0.5626699924468994,12.40921401977539
lfdnet_review2026,LFD-Net,rrshid_test_0112_2689,moderate,15.5816068649292,0.4972170293331146,19.769624710083008
lfdnet_review2026,LFD-Net,rrshid_test_0113_2691,moderate,17.881675720214844,0.5379493832588196,18.46485710144043
lfdnet_review2026,LFD-Net,rrshid_test_0114_2719,moderate,16.696203231811523,0.3711158335208893,13.217594146728516
lfdnet_review2026,LFD-Net,rrshid_test_0115_2720,moderate,16.13651466369629,0.32114437222480774,14.886495590209961
lfdnet_review2026,LFD-Net,rrshid_test_0116_2790,moderate,18.523094177246094,0.3579900860786438,11.811866760253906
lfdnet_review2026,LFD-Net,rrshid_test_0117_2791,moderate,15.37708854675293,0.27036699652671814,15.40092658996582
lfdnet_review2026,LFD-Net,rrshid_test_0118_2809,moderate,17.211536407470703,0.3113586902618408,12.451035499572754
lfdnet_review2026,LFD-Net,rrshid_test_0119_2836,moderate,16.71980094909668,0.4381710886955261,13.907944679260254
lfdnet_review2026,LFD-Net,rrshid_test_0120_2839,moderate,19.287837982177734,0.36047396063804626,10.875411033630371
lfdnet_review2026,LFD-Net,rrshid_test_0121_2859,moderate,19.765769958496094,0.37442904710769653,10.01667308807373
lfdnet_review2026,LFD-Net,rrshid_test_0122_2888,moderate,19.294830322265625,0.36745843291282654,10.754629135131836
lfdnet_review2026,LFD-Net,rrshid_test_0123_2913,moderate,16.470048904418945,0.3714650273323059,13.319820404052734
lfdnet_review2026,LFD-Net,rrshid_test_0124_292,moderate,22.02822494506836,0.6372692584991455,10.479108810424805
lfdnet_review2026,LFD-Net,rrshid_test_0125_320,moderate,21.200639724731445,0.5754454135894775,7.125527381896973
lfdnet_review2026,LFD-Net,rrshid_test_0126_337,moderate,23.758102416992188,0.6852660179138184,7.181618690490723
lfdnet_review2026,LFD-Net,rrshid_test_0127_338,moderate,24.401412963867188,0.695850133895874,7.67544412612915
lfdnet_review2026,LFD-Net,rrshid_test_0128_35,moderate,25.167428970336914,0.700232744216919,6.176274299621582
lfdnet_review2026,LFD-Net,rrshid_test_0129_360,moderate,24.23091697692871,0.6367660760879517,5.648273468017578
lfdnet_review2026,LFD-Net,rrshid_test_0130_373,moderate,23.90746307373047,0.7184457778930664,7.459591865539551
lfdnet_review2026,LFD-Net,rrshid_test_0131_411,moderate,25.028162002563477,0.738223671913147,7.640700340270996
lfdnet_review2026,LFD-Net,rrshid_test_0132_417,moderate,24.83633804321289,0.7080215215682983,5.702971935272217
lfdnet_review2026,LFD-Net,rrshid_test_0133_451,moderate,22.765575408935547,0.7135283350944519,9.175782203674316
lfdnet_review2026,LFD-Net,rrshid_test_0134_454,moderate,23.754594802856445,0.7325692772865295,7.729895114898682
lfdnet_review2026,LFD-Net,rrshid_test_0135_49,moderate,24.541412353515625,0.7271945476531982,6.420300483703613
lfdnet_review2026,LFD-Net,rrshid_test_0136_579,moderate,22.34330177307129,0.5657097697257996,8.468717575073242
lfdnet_review2026,LFD-Net,rrshid_test_0137_65,moderate,22.166210174560547,0.6988528966903687,5.868249893188477
lfdnet_review2026,LFD-Net,rrshid_test_0138_699,moderate,22.590120315551758,0.7097166776657104,8.424966812133789
lfdnet_review2026,LFD-Net,rrshid_test_0139_701,moderate,23.843135833740234,0.6642698049545288,6.825063705444336
lfdnet_review2026,LFD-Net,rrshid_test_0140_703,moderate,25.15596580505371,0.7359365820884705,7.228659629821777
lfdnet_review2026,LFD-Net,rrshid_test_0141_708,moderate,25.47283935546875,0.792525589466095,4.762423515319824
lfdnet_review2026,LFD-Net,rrshid_test_0142_71,moderate,24.35884666442871,0.7246478199958801,6.150950908660889
lfdnet_review2026,LFD-Net,rrshid_test_0143_712,moderate,23.314199447631836,0.6610948443412781,6.4293365478515625
lfdnet_review2026,LFD-Net,rrshid_test_0144_752,moderate,22.477642059326172,0.5162996649742126,6.302263259887695
lfdnet_review2026,LFD-Net,rrshid_test_0145_786,moderate,25.370563507080078,0.7429379820823669,5.377438545227051
lfdnet_review2026,LFD-Net,rrshid_test_0146_789,moderate,22.40093994140625,0.6984770894050598,7.115630626678467
lfdnet_review2026,LFD-Net,rrshid_test_0147_81,moderate,27.206172943115234,0.7948772311210632,5.193016052246094
lfdnet_review2026,LFD-Net,rrshid_test_0148_864,moderate,26.123228073120117,0.7365062236785889,5.021380424499512
lfdnet_review2026,LFD-Net,rrshid_test_0149_907,moderate,25.27402687072754,0.7579646706581116,5.057412624359131
lfdnet_review2026,LFD-Net,rrshid_test_0150_929,moderate,24.043346405029297,0.7697436809539795,5.610234260559082
lfdnet_review2026,LFD-Net,rrshid_test_0151_989,moderate,22.03014373779297,0.5654454827308655,6.594644069671631
lfdnet_review2026,LFD-Net,rrshid_test_0152_99,moderate,25.631423950195312,0.7229608297348022,5.35755729675293
lfdnet_review2026,LFD-Net,rrshid_test_0153_1060,thick,22.64118194580078,0.5139414072036743,7.856488227844238
lfdnet_review2026,LFD-Net,rrshid_test_0154_1104,thick,22.26952362060547,0.505051851272583,8.869668960571289
lfdnet_review2026,LFD-Net,rrshid_test_0155_1116,thick,22.435657501220703,0.4993766248226166,10.669707298278809
lfdnet_review2026,LFD-Net,rrshid_test_0156_1145,thick,21.059019088745117,0.5314368009567261,10.085878372192383
lfdnet_review2026,LFD-Net,rrshid_test_0157_1164,thick,17.92052459716797,0.5469977855682373,14.413460731506348
lfdnet_review2026,LFD-Net,rrshid_test_0158_1243,thick,22.69341468811035,0.5160794854164124,9.129887580871582
lfdnet_review2026,LFD-Net,rrshid_test_0159_1262,thick,22.196619033813477,0.5287901759147644,8.445321083068848
lfdnet_review2026,LFD-Net,rrshid_test_0160_1369,thick,23.197498321533203,0.5959267616271973,7.232141971588135
lfdnet_review2026,LFD-Net,rrshid_test_0161_1370,thick,19.264659881591797,0.5697730183601379,10.086917877197266
lfdnet_review2026,LFD-Net,rrshid_test_0162_1388,thick,23.182239532470703,0.6385156512260437,8.71452522277832
lfdnet_review2026,LFD-Net,rrshid_test_0163_1520,thick,24.23517608642578,0.569591224193573,7.7313690185546875
lfdnet_review2026,LFD-Net,rrshid_test_0164_156,thick,18.909643173217773,0.48378533124923706,9.98983383178711
lfdnet_review2026,LFD-Net,rrshid_test_0165_1852,thick,14.704076766967773,0.24726755917072296,17.77325439453125
lfdnet_review2026,LFD-Net,rrshid_test_0166_1891,thick,17.853986740112305,0.2499203234910965,14.697004318237305
lfdnet_review2026,LFD-Net,rrshid_test_0167_1907,thick,13.488582611083984,0.24924977123737335,19.864416122436523
lfdnet_review2026,LFD-Net,rrshid_test_0168_1910,thick,17.170146942138672,0.2195640504360199,14.592779159545898
lfdnet_review2026,LFD-Net,rrshid_test_0169_1911,thick,17.049362182617188,0.31409457325935364,13.171426773071289
lfdnet_review2026,LFD-Net,rrshid_test_0170_221,thick,21.52311134338379,0.6837471127510071,9.66590404510498
lfdnet_review2026,LFD-Net,rrshid_test_0171_232,thick,16.17954444885254,0.5765963196754456,13.900993347167969
lfdnet_review2026,LFD-Net,rrshid_test_0172_2487,thick,19.000362396240234,0.6377283930778503,10.978854179382324
lfdnet_review2026,LFD-Net,rrshid_test_0173_2495,thick,14.195662498474121,0.429738849401474,18.489952087402344
lfdnet_review2026,LFD-Net,rrshid_test_0174_2527,thick,18.492143630981445,0.6224259734153748,12.977992057800293
lfdnet_review2026,LFD-Net,rrshid_test_0175_2568,thick,22.038158416748047,0.7201216816902161,8.34088134765625
lfdnet_review2026,LFD-Net,rrshid_test_0176_2591,thick,18.22578239440918,0.6675665974617004,11.811725616455078
lfdnet_review2026,LFD-Net,rrshid_test_0177_2630,thick,19.612525939941406,0.6879822015762329,9.537494659423828
lfdnet_review2026,LFD-Net,rrshid_test_0178_2643,thick,16.091644287109375,0.404109388589859,14.877725601196289
lfdnet_review2026,LFD-Net,rrshid_test_0179_2696,thick,14.87144947052002,0.2868812382221222,17.198890686035156
lfdnet_review2026,LFD-Net,rrshid_test_0180_274,thick,21.527820587158203,0.6376484036445618,9.1856689453125
lfdnet_review2026,LFD-Net,rrshid_test_0181_315,thick,21.076725006103516,0.6556718945503235,8.362149238586426
lfdnet_review2026,LFD-Net,rrshid_test_0182_335,thick,22.449586868286133,0.5384283065795898,7.410624980926514
lfdnet_review2026,LFD-Net,rrshid_test_0183_353,thick,21.810379028320312,0.6447675228118896,9.345731735229492
lfdnet_review2026,LFD-Net,rrshid_test_0184_354,thick,21.612350463867188,0.5653678178787231,7.950484275817871
lfdnet_review2026,LFD-Net,rrshid_test_0185_362,thick,22.550426483154297,0.6822056770324707,7.347560405731201
lfdnet_review2026,LFD-Net,rrshid_test_0186_374,thick,23.070714950561523,0.5296576023101807,6.951992034912109
lfdnet_review2026,LFD-Net,rrshid_test_0187_404,thick,14.43133544921875,0.4996924102306366,15.279218673706055
lfdnet_review2026,LFD-Net,rrshid_test_0188_429,thick,17.37830924987793,0.4767603576183319,14.660149574279785
lfdnet_review2026,LFD-Net,rrshid_test_0189_431,thick,21.411130905151367,0.5387638807296753,11.088802337646484
lfdnet_review2026,LFD-Net,rrshid_test_0190_435,thick,20.419849395751953,0.532112181186676,9.1103515625
lfdnet_review2026,LFD-Net,rrshid_test_0191_478,thick,21.00159454345703,0.5472864508628845,9.688763618469238
lfdnet_review2026,LFD-Net,rrshid_test_0192_480,thick,18.54581642150879,0.5131196975708008,10.595046043395996
lfdnet_review2026,LFD-Net,rrshid_test_0193_486,thick,21.661012649536133,0.6810253262519836,8.233512878417969
lfdnet_review2026,LFD-Net,rrshid_test_0194_508,thick,22.14133071899414,0.5083160996437073,8.283825874328613
lfdnet_review2026,LFD-Net,rrshid_test_0195_516,thick,18.474647521972656,0.6021008491516113,11.27393913269043
lfdnet_review2026,LFD-Net,rrshid_test_0196_517,thick,19.62986183166504,0.6320052146911621,10.07155990600586
lfdnet_review2026,LFD-Net,rrshid_test_0197_520,thick,15.793285369873047,0.4920719563961029,14.429561614990234
lfdnet_review2026,LFD-Net,rrshid_test_0198_578,thick,23.47364044189453,0.554728627204895,8.361599922180176
lfdnet_review2026,LFD-Net,rrshid_test_0199_589,thick,20.434171676635742,0.6641178131103516,8.731472969055176
lfdnet_review2026,LFD-Net,rrshid_test_0200_596,thick,20.829463958740234,0.6008756160736084,8.605359077453613
lfdnet_review2026,LFD-Net,rrshid_test_0201_598,thick,21.51675033569336,0.601753294467926,8.76033878326416
lfdnet_review2026,LFD-Net,rrshid_test_0202_602,thick,19.871076583862305,0.5533926486968994,9.619453430175781
lfdnet_review2026,LFD-Net,rrshid_test_0203_609,thick,23.605775833129883,0.5614132285118103,7.05558443069458
lfdnet_review2026,LFD-Net,rrshid_test_0204_635,thick,21.825483322143555,0.5788519978523254,7.616770267486572
lfdnet_review2026,LFD-Net,rrshid_test_0205_638,thick,22.05733871459961,0.627493679523468,8.458115577697754
lfdnet_review2026,LFD-Net,rrshid_test_0206_645,thick,16.662891387939453,0.470967561006546,13.056158065795898
lfdnet_review2026,LFD-Net,rrshid_test_0207_655,thick,21.478084564208984,0.6062988638877869,10.43592643737793
lfdnet_review2026,LFD-Net,rrshid_test_0208_674,thick,22.275714874267578,0.6431030631065369,7.754617214202881
lfdnet_review2026,LFD-Net,rrshid_test_0209_682,thick,21.97739028930664,0.5636652112007141,8.840968132019043
lfdnet_review2026,LFD-Net,rrshid_test_0210_684,thick,16.928829193115234,0.4822596311569214,13.251853942871094
lfdnet_review2026,LFD-Net,rrshid_test_0211_685,thick,20.254724502563477,0.5693792700767517,9.289602279663086
lfdnet_review2026,LFD-Net,rrshid_test_0212_698,thick,23.2302188873291,0.6665459871292114,8.526115417480469
lfdnet_review2026,LFD-Net,rrshid_test_0213_725,thick,20.83322525024414,0.6212232112884521,8.67245864868164
lfdnet_review2026,LFD-Net,rrshid_test_0214_757,thick,19.20362663269043,0.5546119213104248,11.448629379272461
lfdnet_review2026,LFD-Net,rrshid_test_0215_759,thick,19.113000869750977,0.512252151966095,13.928665161132812
lfdnet_review2026,LFD-Net,rrshid_test_0216_764,thick,22.76465606689453,0.7016000747680664,7.580593109130859
lfdnet_review2026,LFD-Net,rrshid_test_0217_765,thick,23.28617286682129,0.7269075512886047,7.3230133056640625
lfdnet_review2026,LFD-Net,rrshid_test_0218_801,thick,20.35752296447754,0.5265100002288818,11.234780311584473
lfdnet_review2026,LFD-Net,rrshid_test_0219_820,thick,21.8100643157959,0.6282763481140137,10.298892974853516
lfdnet_review2026,LFD-Net,rrshid_test_0220_851,thick,21.14335823059082,0.6230558753013611,7.942270755767822
lfdnet_review2026,LFD-Net,rrshid_test_0221_858,thick,22.327539443969727,0.43569374084472656,7.397759437561035
lfdnet_review2026,LFD-Net,rrshid_test_0222_885,thick,21.71146583557129,0.5261343121528625,8.386860847473145
lfdnet_review2026,LFD-Net,rrshid_test_0223_897,thick,23.409191131591797,0.5829991102218628,6.852148056030273
lfdnet_review2026,LFD-Net,rrshid_test_0224_899,thick,22.1612548828125,0.432807981967926,7.383203506469727
lfdnet_review2026,LFD-Net,rrshid_test_0225_911,thick,24.881607055664062,0.6811777949333191,7.284489631652832
lfdnet_review2026,LFD-Net,rrshid_test_0226_956,thick,23.02682876586914,0.5780004858970642,8.003419876098633
lfdnet_review2026,LFD-Net,rrshid_test_0227_957,thick,22.215179443359375,0.6722394824028015,9.354121208190918
lfdnet_review2026,LFD-Net,rrshid_test_0228_961,thick,22.762954711914062,0.47594910860061646,8.47134017944336
lfdnet_review2026,LFD-Net,rrshid_test_0229_1023,thin,28.266807556152344,0.8740729093551636,4.217485427856445
lfdnet_review2026,LFD-Net,rrshid_test_0230_1035,thin,26.148983001708984,0.630146861076355,7.010720729827881
lfdnet_review2026,LFD-Net,rrshid_test_0231_1075,thin,24.60760498046875,0.6254058480262756,7.271525859832764
lfdnet_review2026,LFD-Net,rrshid_test_0232_1230,thin,24.7164363861084,0.6848401427268982,6.098294258117676
lfdnet_review2026,LFD-Net,rrshid_test_0233_1291,thin,23.957473754882812,0.7064265012741089,5.893187999725342
lfdnet_review2026,LFD-Net,rrshid_test_0234_1292,thin,23.420177459716797,0.603168249130249,6.378082275390625
lfdnet_review2026,LFD-Net,rrshid_test_0235_1295,thin,19.669279098510742,0.5113978385925293,8.140640258789062
lfdnet_review2026,LFD-Net,rrshid_test_0236_130,thin,19.913650512695312,0.5849438905715942,9.728943824768066
lfdnet_review2026,LFD-Net,rrshid_test_0237_1422,thin,21.847017288208008,0.5233027935028076,7.804800987243652
lfdnet_review2026,LFD-Net,rrshid_test_0238_1432,thin,25.996334075927734,0.6787288188934326,5.8899359703063965
lfdnet_review2026,LFD-Net,rrshid_test_0239_1571,thin,25.673194885253906,0.771578311920166,6.31222677230835
lfdnet_review2026,LFD-Net,rrshid_test_0240_1615,thin,15.406599044799805,0.488574355840683,12.330449104309082
lfdnet_review2026,LFD-Net,rrshid_test_0241_1738,thin,22.832412719726562,0.5191877484321594,6.338056564331055
lfdnet_review2026,LFD-Net,rrshid_test_0242_1744,thin,12.919025421142578,0.4800278842449188,16.158544540405273
lfdnet_review2026,LFD-Net,rrshid_test_0243_1746,thin,16.111042022705078,0.46031811833381653,11.733002662658691
lfdnet_review2026,LFD-Net,rrshid_test_0244_1747,thin,17.711650848388672,0.437867671251297,10.571829795837402
lfdnet_review2026,LFD-Net,rrshid_test_0245_1762,thin,18.14048957824707,0.6484056711196899,8.413809776306152
lfdnet_review2026,LFD-Net,rrshid_test_0246_184,thin,26.717864990234375,0.8550840616226196,4.495448589324951
lfdnet_review2026,LFD-Net,rrshid_test_0247_2033,thin,15.360513687133789,0.2658921778202057,14.16321086883545
lfdnet_review2026,LFD-Net,rrshid_test_0248_2036,thin,18.793212890625,0.4612647294998169,9.12857437133789
lfdnet_review2026,LFD-Net,rrshid_test_0249_2163,thin,17.633745193481445,0.4121535122394562,9.35109806060791
lfdnet_review2026,LFD-Net,rrshid_test_0250_2250,thin,22.497941970825195,0.5244938731193542,5.571661949157715
lfdnet_review2026,LFD-Net,rrshid_test_0251_2343,thin,19.1358642578125,0.5093457102775574,12.423267364501953
lfdnet_review2026,LFD-Net,rrshid_test_0252_2369,thin,18.367412567138672,0.45335814356803894,11.788765907287598
lfdnet_review2026,LFD-Net,rrshid_test_0253_2372,thin,18.27437973022461,0.44817110896110535,11.391912460327148
lfdnet_review2026,LFD-Net,rrshid_test_0254_2375,thin,19.306623458862305,0.5700989961624146,10.115378379821777
lfdnet_review2026,LFD-Net,rrshid_test_0255_2389,thin,16.25682258605957,0.48980528116226196,14.457090377807617
lfdnet_review2026,LFD-Net,rrshid_test_0256_2399,thin,18.608386993408203,0.49293291568756104,9.803435325622559
lfdnet_review2026,LFD-Net,rrshid_test_0257_2451,thin,19.945466995239258,0.47672969102859497,8.800881385803223
lfdnet_review2026,LFD-Net,rrshid_test_0258_2465,thin,21.9991397857666,0.6337512135505676,7.464104652404785
lfdnet_review2026,LFD-Net,rrshid_test_0259_2481,thin,19.062835693359375,0.492215633392334,10.011306762695312
lfdnet_review2026,LFD-Net,rrshid_test_0260_2511,thin,22.35410499572754,0.6287866830825806,7.813920021057129
lfdnet_review2026,LFD-Net,rrshid_test_0261_2543,thin,22.332237243652344,0.6559442281723022,6.873072147369385
lfdnet_review2026,LFD-Net,rrshid_test_0262_2672,thin,21.13835334777832,0.649989128112793,11.706328392028809
lfdnet_review2026,LFD-Net,rrshid_test_0263_27,thin,26.961647033691406,0.7761169672012329,4.636786937713623
lfdnet_review2026,LFD-Net,rrshid_test_0264_2706,thin,21.25383758544922,0.5075615048408508,6.90199089050293
lfdnet_review2026,LFD-Net,rrshid_test_0265_2725,thin,17.97627830505371,0.4940939247608185,9.652074813842773
lfdnet_review2026,LFD-Net,rrshid_test_0266_2727,thin,19.615901947021484,0.46824100613594055,8.507439613342285
lfdnet_review2026,LFD-Net,rrshid_test_0267_2738,thin,20.03980827331543,0.45479267835617065,8.345638275146484
lfdnet_review2026,LFD-Net,rrshid_test_0268_2741,thin,18.702835083007812,0.4579097628593445,10.504569053649902
lfdnet_review2026,LFD-Net,rrshid_test_0269_2749,thin,21.124217987060547,0.5469212532043457,7.137009143829346
lfdnet_review2026,LFD-Net,rrshid_test_0270_2759,thin,18.626171112060547,0.5055506825447083,10.178187370300293
lfdnet_review2026,LFD-Net,rrshid_test_0271_2772,thin,18.672321319580078,0.39850619435310364,10.03249740600586
lfdnet_review2026,LFD-Net,rrshid_test_0272_2820,thin,20.18451499938965,0.45131298899650574,7.948882102966309
lfdnet_review2026,LFD-Net,rrshid_test_0273_2863,thin,18.89580726623535,0.35741478204727173,9.313209533691406
lfdnet_review2026,LFD-Net,rrshid_test_0274_2867,thin,19.82084083557129,0.4608936607837677,8.441787719726562
lfdnet_review2026,LFD-Net,rrshid_test_0275_2892,thin,20.911975860595703,0.4047738015651703,7.406148910522461
lfdnet_review2026,LFD-Net,rrshid_test_0276_2896,thin,22.667316436767578,0.6000421047210693,6.925368309020996
lfdnet_review2026,LFD-Net,rrshid_test_0277_2898,thin,20.781864166259766,0.5104962587356567,8.950843811035156
lfdnet_review2026,LFD-Net,rrshid_test_0278_2903,thin,20.831470489501953,0.5205873847007751,8.396432876586914
lfdnet_review2026,LFD-Net,rrshid_test_0279_2908,thin,19.354812622070312,0.4411209523677826,9.087248802185059
lfdnet_review2026,LFD-Net,rrshid_test_0280_2918,thin,20.24738121032715,0.5096176266670227,8.28135871887207
lfdnet_review2026,LFD-Net,rrshid_test_0281_2919,thin,16.753950119018555,0.39789366722106934,11.67233943939209
lfdnet_review2026,LFD-Net,rrshid_test_0282_2931,thin,19.908382415771484,0.41263458132743835,8.350536346435547
lfdnet_review2026,LFD-Net,rrshid_test_0283_2940,thin,20.75533676147461,0.4527892470359802,8.678367614746094
lfdnet_review2026,LFD-Net,rrshid_test_0284_2946,thin,22.364789962768555,0.6004875898361206,8.002352714538574
lfdnet_review2026,LFD-Net,rrshid_test_0285_2953,thin,22.715349197387695,0.5246980786323547,6.194643020629883
lfdnet_review2026,LFD-Net,rrshid_test_0286_2955,thin,20.044940948486328,0.47112467885017395,8.424434661865234
lfdnet_review2026,LFD-Net,rrshid_test_0287_2956,thin,19.359573364257812,0.4705764353275299,9.084482192993164
lfdnet_review2026,LFD-Net,rrshid_test_0288_2966,thin,19.097599029541016,0.45093145966529846,9.845186233520508
lfdnet_review2026,LFD-Net,rrshid_test_0289_2976,thin,18.425464630126953,0.47345614433288574,10.052960395812988
lfdnet_review2026,LFD-Net,rrshid_test_0290_2993,thin,12.420970916748047,0.17417223751544952,20.274953842163086
lfdnet_review2026,LFD-Net,rrshid_test_0291_2996,thin,21.751373291015625,0.4127197861671448,8.116071701049805
lfdnet_review2026,LFD-Net,rrshid_test_0292_2999,thin,22.92925262451172,0.5040328502655029,7.2987799644470215
lfdnet_review2026,LFD-Net,rrshid_test_0293_3008,thin,21.096193313598633,0.558363676071167,9.029810905456543
lfdnet_review2026,LFD-Net,rrshid_test_0294_3044,thin,22.392364501953125,0.6782795786857605,6.867522716522217
lfdnet_review2026,LFD-Net,rrshid_test_0295_457,thin,24.760395050048828,0.6028332710266113,5.704224109649658
lfdnet_review2026,LFD-Net,rrshid_test_0296_46,thin,25.000244140625,0.778044581413269,5.580081939697266
lfdnet_review2026,LFD-Net,rrshid_test_0297_47,thin,25.29824447631836,0.7369885444641113,5.679781436920166
lfdnet_review2026,LFD-Net,rrshid_test_0298_498,thin,22.374422073364258,0.5963442921638489,6.35400390625
lfdnet_review2026,LFD-Net,rrshid_test_0299_57,thin,24.342336654663086,0.7662333250045776,5.321314334869385
lfdnet_review2026,LFD-Net,rrshid_test_0300_823,thin,22.28872299194336,0.61538165807724,7.138855457305908
lfdnet_review2026,LFD-Net,rrshid_test_0301_88,thin,28.77305030822754,0.7819490432739258,4.726990699768066
lfdnet_review2026,LFD-Net,rrshid_test_0302_95,thin,21.143795013427734,0.655866801738739,7.664509296417236
lfdnet_review2026,LFD-Net,rrshid_test_0303_972,thin,27.226694107055664,0.7154592275619507,5.589571952819824
lfdnet_review2026,LFD-Net,rrshid_test_0304_990,thin,23.10785675048828,0.566061794757843,7.250785827636719
asta_review2026,ASTA,rrshid_test_0001_1,moderate,20.66338539123535,0.6710465550422668,6.930556774139404
asta_review2026,ASTA,rrshid_test_0002_1014,moderate,27.273971557617188,0.834447979927063,3.3107528686523438
asta_review2026,ASTA,rrshid_test_0003_1021,moderate,29.037670135498047,0.8648678660392761,3.272395372390747
asta_review2026,ASTA,rrshid_test_0004_1048,moderate,28.649169921875,0.850871205329895,2.846616506576538
asta_review2026,ASTA,rrshid_test_0005_1067,moderate,27.85299301147461,0.8572574257850647,3.326368808746338
asta_review2026,ASTA,rrshid_test_0006_1072,moderate,28.828088760375977,0.8135460615158081,3.3559670448303223
asta_review2026,ASTA,rrshid_test_0007_108,moderate,18.29916763305664,0.6213675141334534,10.195571899414062
asta_review2026,ASTA,rrshid_test_0008_1098,moderate,25.906972885131836,0.7467329502105713,4.080062389373779
asta_review2026,ASTA,rrshid_test_0009_1101,moderate,23.396377563476562,0.6280794143676758,5.4575934410095215
asta_review2026,ASTA,rrshid_test_0010_1108,moderate,24.615705490112305,0.8198109865188599,4.4467363357543945
asta_review2026,ASTA,rrshid_test_0011_1134,moderate,27.233074188232422,0.8306522965431213,3.6823127269744873
asta_review2026,ASTA,rrshid_test_0012_1167,moderate,28.097850799560547,0.8306424021720886,3.254749298095703
asta_review2026,ASTA,rrshid_test_0013_1190,moderate,25.2854061126709,0.721958577632904,4.977155685424805
asta_review2026,ASTA,rrshid_test_0014_1201,moderate,25.09986114501953,0.7670115828514099,4.166287422180176
asta_review2026,ASTA,rrshid_test_0015_1209,moderate,28.0118350982666,0.8579749464988708,3.644202709197998
asta_review2026,ASTA,rrshid_test_0016_1219,moderate,21.59710693359375,0.5861896872520447,6.221311569213867
asta_review2026,ASTA,rrshid_test_0017_1233,moderate,26.36988067626953,0.8321530222892761,3.400114059448242
asta_review2026,ASTA,rrshid_test_0018_1249,moderate,26.52706527709961,0.7227122187614441,4.325231075286865
asta_review2026,ASTA,rrshid_test_0019_1253,moderate,20.57775115966797,0.5852723121643066,7.884614944458008
asta_review2026,ASTA,rrshid_test_0020_1264,moderate,30.11602020263672,0.8929615020751953,2.6013057231903076
asta_review2026,ASTA,rrshid_test_0021_1271,moderate,25.79068946838379,0.7513766288757324,4.336575031280518
asta_review2026,ASTA,rrshid_test_0022_1294,moderate,26.932336807250977,0.7966780662536621,3.8431334495544434
asta_review2026,ASTA,rrshid_test_0023_1299,moderate,24.501201629638672,0.7172897458076477,4.541984558105469
asta_review2026,ASTA,rrshid_test_0024_1305,moderate,29.46341323852539,0.8143187165260315,3.667464256286621
asta_review2026,ASTA,rrshid_test_0025_1311,moderate,26.374589920043945,0.7008149027824402,4.646064281463623
asta_review2026,ASTA,rrshid_test_0026_1321,moderate,27.725332260131836,0.7696479558944702,4.36250638961792
asta_review2026,ASTA,rrshid_test_0027_1339,moderate,26.78653335571289,0.7920660972595215,4.360403060913086
asta_review2026,ASTA,rrshid_test_0028_134,moderate,30.534191131591797,0.8365009427070618,2.7911155223846436
asta_review2026,ASTA,rrshid_test_0029_136,moderate,28.41225814819336,0.7451420426368713,3.5818543434143066
asta_review2026,ASTA,rrshid_test_0030_1398,moderate,23.692703247070312,0.671514093875885,5.718142986297607
asta_review2026,ASTA,rrshid_test_0031_1408,moderate,24.770824432373047,0.7602878212928772,4.838381767272949
asta_review2026,ASTA,rrshid_test_0032_1414,moderate,26.719928741455078,0.7542017698287964,4.123153209686279
asta_review2026,ASTA,rrshid_test_0033_1443,moderate,27.017621994018555,0.7132803797721863,4.1025285720825195
asta_review2026,ASTA,rrshid_test_0034_145,moderate,22.550399780273438,0.8409854769706726,4.947185039520264
asta_review2026,ASTA,rrshid_test_0035_1453,moderate,26.111698150634766,0.7933158278465271,3.8257017135620117
asta_review2026,ASTA,rrshid_test_0036_1463,moderate,29.93138885498047,0.8413400053977966,3.259437322616577
asta_review2026,ASTA,rrshid_test_0037_1469,moderate,23.75490379333496,0.7535743117332458,5.545570373535156
asta_review2026,ASTA,rrshid_test_0038_154,moderate,23.99845314025879,0.6518059968948364,5.511119842529297
asta_review2026,ASTA,rrshid_test_0039_1542,moderate,26.651241302490234,0.7760409116744995,3.95426607131958
asta_review2026,ASTA,rrshid_test_0040_1543,moderate,24.30730438232422,0.6584919691085815,5.081931114196777
asta_review2026,ASTA,rrshid_test_0041_1555,moderate,26.282276153564453,0.7299948930740356,4.413572788238525
asta_review2026,ASTA,rrshid_test_0042_1561,moderate,25.915870666503906,0.7171924710273743,4.596658706665039
asta_review2026,ASTA,rrshid_test_0043_1563,moderate,27.060834884643555,0.7410793900489807,3.947360038757324
asta_review2026,ASTA,rrshid_test_0044_1601,moderate,20.937698364257812,0.8244388103485107,7.513151168823242
asta_review2026,ASTA,rrshid_test_0045_1606,moderate,19.0541934967041,0.46554043889045715,9.119851112365723
asta_review2026,ASTA,rrshid_test_0046_1608,moderate,17.796756744384766,0.4396757185459137,10.451839447021484
asta_review2026,ASTA,rrshid_test_0047_163,moderate,30.415958404541016,0.8433762192726135,2.902034282684326
asta_review2026,ASTA,rrshid_test_0048_1636,moderate,23.33704948425293,0.6483633518218994,5.43064546585083
asta_review2026,ASTA,rrshid_test_0049_1666,moderate,19.63480567932129,0.5047429203987122,8.45216178894043
asta_review2026,ASTA,rrshid_test_0050_1673,moderate,19.151201248168945,0.5065436363220215,9.079365730285645
asta_review2026,ASTA,rrshid_test_0051_1691,moderate,20.249923706054688,0.526343584060669,8.184913635253906
asta_review2026,ASTA,rrshid_test_0052_1706,moderate,16.660017013549805,0.4093243479728699,11.437877655029297
asta_review2026,ASTA,rrshid_test_0053_1741,moderate,18.34307861328125,0.5417589545249939,10.929718017578125
asta_review2026,ASTA,rrshid_test_0054_1787,moderate,20.99989128112793,0.3884749114513397,6.436347484588623
asta_review2026,ASTA,rrshid_test_0055_1809,moderate,21.62704086303711,0.5468404293060303,7.063276767730713
asta_review2026,ASTA,rrshid_test_0056_1810,moderate,18.043771743774414,0.5123773813247681,10.29828929901123
asta_review2026,ASTA,rrshid_test_0057_1814,moderate,21.918249130249023,0.6164114475250244,6.6022114753723145
asta_review2026,ASTA,rrshid_test_0058_1822,moderate,21.378843307495117,0.49490270018577576,6.796849250793457
asta_review2026,ASTA,rrshid_test_0059_1844,moderate,18.234800338745117,0.5572593212127686,9.676929473876953
asta_review2026,ASTA,rrshid_test_0060_1856,moderate,19.594873428344727,0.46545568108558655,8.303045272827148
asta_review2026,ASTA,rrshid_test_0061_1869,moderate,18.22776222229004,0.26907387375831604,9.584166526794434
asta_review2026,ASTA,rrshid_test_0062_1873,moderate,17.545907974243164,0.2945502996444702,10.4481782913208
asta_review2026,ASTA,rrshid_test_0063_1899,moderate,14.068232536315918,0.36671096086502075,15.996955871582031
asta_review2026,ASTA,rrshid_test_0064_1900,moderate,22.677316665649414,0.6231072545051575,7.387224197387695
asta_review2026,ASTA,rrshid_test_0065_1929,moderate,18.488075256347656,0.27824798226356506,9.746910095214844
asta_review2026,ASTA,rrshid_test_0066_193,moderate,24.0346736907959,0.7214786410331726,5.613508701324463
asta_review2026,ASTA,rrshid_test_0067_1931,moderate,19.702823638916016,0.20784302055835724,8.222949028015137
asta_review2026,ASTA,rrshid_test_0068_1935,moderate,20.331249237060547,0.49186190962791443,7.301549911499023
asta_review2026,ASTA,rrshid_test_0069_1961,moderate,16.914026260375977,0.5798070430755615,11.247517585754395
asta_review2026,ASTA,rrshid_test_0070_1985,moderate,20.47931480407715,0.380117267370224,10.09168815612793
asta_review2026,ASTA,rrshid_test_0071_1989,moderate,21.40812110900879,0.4776381552219391,7.583837032318115
asta_review2026,ASTA,rrshid_test_0072_2040,moderate,18.838171005249023,0.6766994595527649,9.01662540435791
asta_review2026,ASTA,rrshid_test_0073_2041,moderate,23.685302734375,0.7471008896827698,5.216179370880127
asta_review2026,ASTA,rrshid_test_0074_2044,moderate,15.832900047302246,0.5033242106437683,12.925281524658203
asta_review2026,ASTA,rrshid_test_0075_2049,moderate,19.811561584472656,0.516546905040741,7.9471211433410645
asta_review2026,ASTA,rrshid_test_0076_2060,moderate,26.517108917236328,0.6584259271621704,4.3220109939575195
asta_review2026,ASTA,rrshid_test_0077_2061,moderate,23.489215850830078,0.6221626996994019,5.774167060852051
asta_review2026,ASTA,rrshid_test_0078_2106,moderate,23.00584602355957,0.6351296305656433,5.903759002685547
asta_review2026,ASTA,rrshid_test_0079_2107,moderate,22.335643768310547,0.6294286847114563,5.984103202819824
asta_review2026,ASTA,rrshid_test_0080_2108,moderate,22.151334762573242,0.5631069540977478,6.087477207183838
asta_review2026,ASTA,rrshid_test_0081_2116,moderate,21.473102569580078,0.5968677401542664,5.876577377319336
asta_review2026,ASTA,rrshid_test_0082_2132,moderate,22.272729873657227,0.6075722575187683,6.257824897766113
asta_review2026,ASTA,rrshid_test_0083_2143,moderate,22.376678466796875,0.6316310167312622,6.197336673736572
asta_review2026,ASTA,rrshid_test_0084_2146,moderate,17.644580841064453,0.4860972464084625,10.809840202331543
asta_review2026,ASTA,rrshid_test_0085_2174,moderate,24.638641357421875,0.6500577926635742,5.197479248046875
asta_review2026,ASTA,rrshid_test_0086_2236,moderate,25.053287506103516,0.5894085764884949,4.544465065002441
asta_review2026,ASTA,rrshid_test_0087_2237,moderate,24.596881866455078,0.581500768661499,4.972805976867676
asta_review2026,ASTA,rrshid_test_0088_2261,moderate,22.045461654663086,0.6648828983306885,6.101722717285156
asta_review2026,ASTA,rrshid_test_0089_2297,moderate,17.698528289794922,0.489542156457901,10.053017616271973
asta_review2026,ASTA,rrshid_test_0090_2299,moderate,20.2481746673584,0.5564957857131958,7.3894219398498535
asta_review2026,ASTA,rrshid_test_0091_2313,moderate,20.505626678466797,0.4723321795463562,8.80707836151123
asta_review2026,ASTA,rrshid_test_0092_2331,moderate,20.418716430664062,0.49041473865509033,8.206043243408203
asta_review2026,ASTA,rrshid_test_0093_2350,moderate,21.062314987182617,0.53180992603302,8.164712905883789
asta_review2026,ASTA,rrshid_test_0094_2386,moderate,21.56623077392578,0.539324939250946,8.17937183380127
asta_review2026,ASTA,rrshid_test_0095_2405,moderate,20.627317428588867,0.5519782304763794,8.110551834106445
asta_review2026,ASTA,rrshid_test_0096_2408,moderate,20.556249618530273,0.6395071744918823,7.27903413772583
asta_review2026,ASTA,rrshid_test_0097_2427,moderate,18.51740074157715,0.6490899324417114,8.260766983032227
asta_review2026,ASTA,rrshid_test_0098_2434,moderate,19.914453506469727,0.5865957140922546,8.03748893737793
asta_review2026,ASTA,rrshid_test_0099_2444,moderate,18.283002853393555,0.6998329758644104,10.807002067565918
asta_review2026,ASTA,rrshid_test_0100_2446,moderate,20.52249526977539,0.7134169936180115,6.52232551574707
asta_review2026,ASTA,rrshid_test_0101_2447,moderate,22.887441635131836,0.7202995419502258,5.796587944030762
asta_review2026,ASTA,rrshid_test_0102_2474,moderate,17.903682708740234,0.6951294541358948,10.102724075317383
asta_review2026,ASTA,rrshid_test_0103_2483,moderate,14.454572677612305,0.5565465688705444,16.168365478515625
asta_review2026,ASTA,rrshid_test_0104_2505,moderate,23.167152404785156,0.7414067387580872,5.810537338256836
asta_review2026,ASTA,rrshid_test_0105_2550,moderate,25.428672790527344,0.7653910517692566,4.532997131347656
asta_review2026,ASTA,rrshid_test_0106_2561,moderate,22.27952766418457,0.7062003016471863,6.6634416580200195
asta_review2026,ASTA,rrshid_test_0107_2583,moderate,20.0815372467041,0.5263820290565491,8.49441909790039
asta_review2026,ASTA,rrshid_test_0108_2585,moderate,23.327911376953125,0.7503824830055237,5.668172836303711
asta_review2026,ASTA,rrshid_test_0109_2615,moderate,21.571523666381836,0.6456283926963806,7.064305305480957
asta_review2026,ASTA,rrshid_test_0110_2637,moderate,17.76698875427246,0.6051216721534729,9.708593368530273
asta_review2026,ASTA,rrshid_test_0111_2650,moderate,21.900005340576172,0.610940158367157,6.514124393463135
asta_review2026,ASTA,rrshid_test_0112_2689,moderate,13.986732482910156,0.5040098428726196,14.96272087097168
asta_review2026,ASTA,rrshid_test_0113_2691,moderate,21.031429290771484,0.6084762215614319,7.016458034515381
asta_review2026,ASTA,rrshid_test_0114_2719,moderate,20.576068878173828,0.4908815026283264,6.898934364318848
asta_review2026,ASTA,rrshid_test_0115_2720,moderate,18.729278564453125,0.3729494512081146,9.769109725952148
asta_review2026,ASTA,rrshid_test_0116_2790,moderate,18.982769012451172,0.3919835388660431,8.933643341064453
asta_review2026,ASTA,rrshid_test_0117_2791,moderate,19.224695205688477,0.3418920934200287,9.601272583007812
asta_review2026,ASTA,rrshid_test_0118_2809,moderate,20.268230438232422,0.34691792726516724,8.431302070617676
asta_review2026,ASTA,rrshid_test_0119_2836,moderate,18.349166870117188,0.48860442638397217,10.088419914245605
asta_review2026,ASTA,rrshid_test_0120_2839,moderate,21.528446197509766,0.45254579186439514,6.91450834274292
asta_review2026,ASTA,rrshid_test_0121_2859,moderate,20.097787857055664,0.4096362292766571,8.48357105255127
asta_review2026,ASTA,rrshid_test_0122_2888,moderate,21.87333869934082,0.448115736246109,6.397485733032227
asta_review2026,ASTA,rrshid_test_0123_2913,moderate,21.099531173706055,0.5166363716125488,6.850100994110107
asta_review2026,ASTA,rrshid_test_0124_292,moderate,24.200532913208008,0.7157153487205505,5.40523624420166
asta_review2026,ASTA,rrshid_test_0125_320,moderate,22.95450210571289,0.6335504055023193,5.9278645515441895
asta_review2026,ASTA,rrshid_test_0126_337,moderate,26.489253997802734,0.7762912511825562,3.752911329269409
asta_review2026,ASTA,rrshid_test_0127_338,moderate,27.207134246826172,0.7944406270980835,3.825153350830078
asta_review2026,ASTA,rrshid_test_0128_35,moderate,25.947662353515625,0.7400392889976501,4.186936855316162
asta_review2026,ASTA,rrshid_test_0129_360,moderate,27.02465057373047,0.7316531538963318,4.360958099365234
asta_review2026,ASTA,rrshid_test_0130_373,moderate,26.392362594604492,0.7929448485374451,3.9695143699645996
asta_review2026,ASTA,rrshid_test_0131_411,moderate,28.729703903198242,0.8168723583221436,3.549363136291504
asta_review2026,ASTA,rrshid_test_0132_417,moderate,28.10472869873047,0.7870811223983765,3.1169116497039795
asta_review2026,ASTA,rrshid_test_0133_451,moderate,28.37542724609375,0.8031861186027527,3.967095375061035
asta_review2026,ASTA,rrshid_test_0134_454,moderate,26.88279151916504,0.8078460097312927,3.7439305782318115
asta_review2026,ASTA,rrshid_test_0135_49,moderate,25.854585647583008,0.7780910730361938,3.955878734588623
asta_review2026,ASTA,rrshid_test_0136_579,moderate,23.84720802307129,0.6605590581893921,5.471210479736328
asta_review2026,ASTA,rrshid_test_0137_65,moderate,23.881093978881836,0.7352339029312134,5.553858757019043
asta_review2026,ASTA,rrshid_test_0138_699,moderate,19.975631713867188,0.7231944799423218,7.744940280914307
asta_review2026,ASTA,rrshid_test_0139_701,moderate,25.031150817871094,0.7108202576637268,4.664388179779053
asta_review2026,ASTA,rrshid_test_0140_703,moderate,27.35555648803711,0.8354239463806152,3.6084532737731934
asta_review2026,ASTA,rrshid_test_0141_708,moderate,30.738019943237305,0.8837589621543884,2.6434590816497803
asta_review2026,ASTA,rrshid_test_0142_71,moderate,24.81600570678711,0.7564449906349182,4.757029056549072
asta_review2026,ASTA,rrshid_test_0143_712,moderate,26.831809997558594,0.7818513512611389,3.5364272594451904
asta_review2026,ASTA,rrshid_test_0144_752,moderate,24.909446716308594,0.644118070602417,5.249720096588135
asta_review2026,ASTA,rrshid_test_0145_786,moderate,24.547128677368164,0.8197312355041504,4.964065074920654
asta_review2026,ASTA,rrshid_test_0146_789,moderate,23.64804458618164,0.7805333137512207,5.3898091316223145
asta_review2026,ASTA,rrshid_test_0147_81,moderate,31.185775756835938,0.8584216833114624,2.9415969848632812
asta_review2026,ASTA,rrshid_test_0148_864,moderate,27.820528030395508,0.8033891320228577,3.555874824523926
asta_review2026,ASTA,rrshid_test_0149_907,moderate,25.51059341430664,0.8256266117095947,4.108747959136963
asta_review2026,ASTA,rrshid_test_0150_929,moderate,28.85297393798828,0.8605861067771912,2.5289907455444336
asta_review2026,ASTA,rrshid_test_0151_989,moderate,22.592342376708984,0.6618967652320862,6.045693397521973
asta_review2026,ASTA,rrshid_test_0152_99,moderate,26.985538482666016,0.7725875377655029,3.9518826007843018
asta_review2026,ASTA,rrshid_test_0153_1060,thick,24.395463943481445,0.6666051149368286,5.24031925201416
asta_review2026,ASTA,rrshid_test_0154_1104,thick,24.48587417602539,0.6538991928100586,5.867693901062012
asta_review2026,ASTA,rrshid_test_0155_1116,thick,20.609664916992188,0.6501749753952026,9.642584800720215
asta_review2026,ASTA,rrshid_test_0156_1145,thick,24.198345184326172,0.6198019981384277,6.962852478027344
asta_review2026,ASTA,rrshid_test_0157_1164,thick,22.074111938476562,0.6161156892776489,7.426547050476074
asta_review2026,ASTA,rrshid_test_0158_1243,thick,25.13198471069336,0.7329249978065491,4.855841636657715
asta_review2026,ASTA,rrshid_test_0159_1262,thick,27.144105911254883,0.7504780292510986,3.7255072593688965
asta_review2026,ASTA,rrshid_test_0160_1369,thick,28.608810424804688,0.7733132839202881,3.472080707550049
asta_review2026,ASTA,rrshid_test_0161_1370,thick,27.788602828979492,0.7920573353767395,3.660184383392334
asta_review2026,ASTA,rrshid_test_0162_1388,thick,23.569299697875977,0.7305073142051697,5.672459602355957
asta_review2026,ASTA,rrshid_test_0163_1520,thick,28.484004974365234,0.7116652727127075,3.5687460899353027
asta_review2026,ASTA,rrshid_test_0164_156,thick,23.98596954345703,0.6484763026237488,5.524836540222168
asta_review2026,ASTA,rrshid_test_0165_1852,thick,18.55333137512207,0.3080785870552063,9.009081840515137
asta_review2026,ASTA,rrshid_test_0166_1891,thick,19.237838745117188,0.27807116508483887,8.411294937133789
asta_review2026,ASTA,rrshid_test_0167_1907,thick,20.563047409057617,0.3516295850276947,7.688872337341309
asta_review2026,ASTA,rrshid_test_0168_1910,thick,19.037996292114258,0.23927083611488342,9.201665878295898
asta_review2026,ASTA,rrshid_test_0169_1911,thick,18.531953811645508,0.3561858832836151,9.307696342468262
asta_review2026,ASTA,rrshid_test_0170_221,thick,28.97722053527832,0.8808505535125732,4.015693187713623
asta_review2026,ASTA,rrshid_test_0171_232,thick,22.898426055908203,0.8171972632408142,5.400798320770264
asta_review2026,ASTA,rrshid_test_0172_2487,thick,19.48911476135254,0.6991457939147949,9.657645225524902
asta_review2026,ASTA,rrshid_test_0173_2495,thick,16.84343910217285,0.5398263931274414,11.873764038085938
asta_review2026,ASTA,rrshid_test_0174_2527,thick,17.8839054107666,0.7071651816368103,10.742696762084961
asta_review2026,ASTA,rrshid_test_0175_2568,thick,23.070392608642578,0.7911995649337769,5.256946563720703
asta_review2026,ASTA,rrshid_test_0176_2591,thick,22.566499710083008,0.7889705896377563,5.68173885345459
asta_review2026,ASTA,rrshid_test_0177_2630,thick,22.474367141723633,0.7859622240066528,5.287169456481934
asta_review2026,ASTA,rrshid_test_0178_2643,thick,14.625864028930664,0.42819443345069885,14.762500762939453
asta_review2026,ASTA,rrshid_test_0179_2696,thick,17.856971740722656,0.3695654571056366,10.067848205566406
asta_review2026,ASTA,rrshid_test_0180_274,thick,26.31345558166504,0.8006457090377808,3.7365469932556152
asta_review2026,ASTA,rrshid_test_0181_315,thick,26.79407501220703,0.8505433797836304,3.4111533164978027
asta_review2026,ASTA,rrshid_test_0182_335,thick,24.68691635131836,0.6754807233810425,5.157440185546875
asta_review2026,ASTA,rrshid_test_0183_353,thick,25.409854888916016,0.78914874792099,3.996644973754883
asta_review2026,ASTA,rrshid_test_0184_354,thick,22.811420440673828,0.6547922492027283,5.812395095825195
asta_review2026,ASTA,rrshid_test_0185_362,thick,30.192651748657227,0.8492333292961121,2.9763665199279785
asta_review2026,ASTA,rrshid_test_0186_374,thick,25.721088409423828,0.6925763487815857,4.595900058746338
asta_review2026,ASTA,rrshid_test_0187_404,thick,23.731002807617188,0.8236499428749084,5.3317413330078125
asta_review2026,ASTA,rrshid_test_0188_429,thick,24.4902400970459,0.7490872144699097,4.757840156555176
asta_review2026,ASTA,rrshid_test_0189_431,thick,23.39544105529785,0.7114735841751099,5.178435325622559
asta_review2026,ASTA,rrshid_test_0190_435,thick,22.637022018432617,0.6746724247932434,5.849686145782471
asta_review2026,ASTA,rrshid_test_0191_478,thick,21.84061050415039,0.7094385623931885,7.087111473083496
asta_review2026,ASTA,rrshid_test_0192_480,thick,24.107646942138672,0.6586765050888062,5.757411479949951
asta_review2026,ASTA,rrshid_test_0193_486,thick,28.676860809326172,0.8682335615158081,3.302438259124756
asta_review2026,ASTA,rrshid_test_0194_508,thick,23.599031448364258,0.602902352809906,6.447605133056641
asta_review2026,ASTA,rrshid_test_0195_516,thick,28.469688415527344,0.8977835774421692,2.799607753753662
asta_review2026,ASTA,rrshid_test_0196_517,thick,27.29263687133789,0.8882806897163391,3.4643356800079346
asta_review2026,ASTA,rrshid_test_0197_520,thick,25.429561614990234,0.8265275359153748,4.432690620422363
asta_review2026,ASTA,rrshid_test_0198_578,thick,25.175382614135742,0.6542680263519287,5.690768718719482
asta_review2026,ASTA,rrshid_test_0199_589,thick,22.978994369506836,0.77338707447052,4.791531085968018
asta_review2026,ASTA,rrshid_test_0200_596,thick,26.705358505249023,0.815333366394043,4.0532426834106445
asta_review2026,ASTA,rrshid_test_0201_598,thick,24.47158432006836,0.7277106046676636,5.78354024887085
asta_review2026,ASTA,rrshid_test_0202_602,thick,22.243839263916016,0.7157158255577087,6.107312202453613
asta_review2026,ASTA,rrshid_test_0203_609,thick,23.977981567382812,0.6135098934173584,6.625839710235596
asta_review2026,ASTA,rrshid_test_0204_635,thick,24.543798446655273,0.7025323510169983,5.889414310455322
asta_review2026,ASTA,rrshid_test_0205_638,thick,24.356304168701172,0.7273341417312622,5.590167999267578
asta_review2026,ASTA,rrshid_test_0206_645,thick,23.298603057861328,0.6891893744468689,6.32450532913208
asta_review2026,ASTA,rrshid_test_0207_655,thick,25.43677520751953,0.7433123588562012,4.6556196212768555
asta_review2026,ASTA,rrshid_test_0208_674,thick,24.632598876953125,0.796573281288147,4.725326061248779
asta_review2026,ASTA,rrshid_test_0209_682,thick,25.221235275268555,0.7155972719192505,5.595255374908447
asta_review2026,ASTA,rrshid_test_0210_684,thick,22.73044776916504,0.7297481298446655,6.62412166595459
asta_review2026,ASTA,rrshid_test_0211_685,thick,24.101276397705078,0.7384344339370728,5.2311110496521
asta_review2026,ASTA,rrshid_test_0212_698,thick,23.126296997070312,0.7523587942123413,7.412511348724365
asta_review2026,ASTA,rrshid_test_0213_725,thick,23.300134658813477,0.7371662855148315,5.112215995788574
asta_review2026,ASTA,rrshid_test_0214_757,thick,30.72585105895996,0.8233664631843567,3.2220098972320557
asta_review2026,ASTA,rrshid_test_0215_759,thick,28.15412139892578,0.749585747718811,3.7884023189544678
asta_review2026,ASTA,rrshid_test_0216_764,thick,27.376707077026367,0.8430631756782532,3.787626028060913
asta_review2026,ASTA,rrshid_test_0217_765,thick,29.017696380615234,0.8683323264122009,3.140378713607788
asta_review2026,ASTA,rrshid_test_0218_801,thick,27.7064208984375,0.7498920559883118,3.8544118404388428
asta_review2026,ASTA,rrshid_test_0219_820,thick,26.744552612304688,0.8080671429634094,4.658680438995361
asta_review2026,ASTA,rrshid_test_0220_851,thick,19.628826141357422,0.7646102905273438,9.046521186828613
asta_review2026,ASTA,rrshid_test_0221_858,thick,21.445541381835938,0.5021795034408569,7.951987266540527
asta_review2026,ASTA,rrshid_test_0222_885,thick,27.303539276123047,0.6863794326782227,4.574182033538818
asta_review2026,ASTA,rrshid_test_0223_897,thick,26.39042091369629,0.7255467772483826,4.270145416259766
asta_review2026,ASTA,rrshid_test_0224_899,thick,22.166419982910156,0.5146202445030212,7.69534158706665
asta_review2026,ASTA,rrshid_test_0225_911,thick,28.55630874633789,0.8132148385047913,3.7374520301818848
asta_review2026,ASTA,rrshid_test_0226_956,thick,26.983856201171875,0.7388070225715637,4.136341571807861
asta_review2026,ASTA,rrshid_test_0227_957,thick,24.9375057220459,0.7834784984588623,4.9160261154174805
asta_review2026,ASTA,rrshid_test_0228_961,thick,27.0499210357666,0.6341370344161987,4.613341808319092
asta_review2026,ASTA,rrshid_test_0229_1023,thin,32.06507873535156,0.9163769483566284,2.022995948791504
asta_review2026,ASTA,rrshid_test_0230_1035,thin,27.3118896484375,0.6750549077987671,4.210012912750244
asta_review2026,ASTA,rrshid_test_0231_1075,thin,26.32183837890625,0.6837526559829712,4.42168664932251
asta_review2026,ASTA,rrshid_test_0232_1230,thin,27.413436889648438,0.7844870090484619,3.3552980422973633
asta_review2026,ASTA,rrshid_test_0233_1291,thin,26.986940383911133,0.803658664226532,3.7742836475372314
asta_review2026,ASTA,rrshid_test_0234_1292,thin,26.448074340820312,0.7290537357330322,4.144468307495117
asta_review2026,ASTA,rrshid_test_0235_1295,thin,23.097183227539062,0.6488633751869202,4.916288375854492
asta_review2026,ASTA,rrshid_test_0236_130,thin,23.900737762451172,0.6237435936927795,5.239078044891357
asta_review2026,ASTA,rrshid_test_0237_1422,thin,24.741918563842773,0.6665680408477783,5.0605669021606445
asta_review2026,ASTA,rrshid_test_0238_1432,thin,25.452205657958984,0.6540459394454956,4.433490753173828
asta_review2026,ASTA,rrshid_test_0239_1571,thin,27.63167953491211,0.7816307544708252,3.9704277515411377
asta_review2026,ASTA,rrshid_test_0240_1615,thin,19.121917724609375,0.5606595277786255,8.665579795837402
asta_review2026,ASTA,rrshid_test_0241_1738,thin,21.764373779296875,0.5505006909370422,7.107208728790283
asta_review2026,ASTA,rrshid_test_0242_1744,thin,13.959415435791016,0.4872521758079529,14.048707962036133
asta_review2026,ASTA,rrshid_test_0243_1746,thin,19.256193161010742,0.506877064704895,8.383625030517578
asta_review2026,ASTA,rrshid_test_0244_1747,thin,20.181257247924805,0.4814526438713074,8.324308395385742
asta_review2026,ASTA,rrshid_test_0245_1762,thin,20.603857040405273,0.6599472761154175,6.332451343536377
asta_review2026,ASTA,rrshid_test_0246_184,thin,29.057247161865234,0.8905981183052063,2.654362201690674
asta_review2026,ASTA,rrshid_test_0247_2033,thin,16.560136795043945,0.3624465763568878,12.164966583251953
asta_review2026,ASTA,rrshid_test_0248_2036,thin,20.331314086914062,0.5329872369766235,8.22956657409668
asta_review2026,ASTA,rrshid_test_0249_2163,thin,20.345783233642578,0.556210458278656,7.493249893188477
asta_review2026,ASTA,rrshid_test_0250_2250,thin,24.533557891845703,0.6063264012336731,5.1087446212768555
asta_review2026,ASTA,rrshid_test_0251_2343,thin,19.09263801574707,0.5131484866142273,11.703746795654297
asta_review2026,ASTA,rrshid_test_0252_2369,thin,20.1899356842041,0.5012063980102539,9.075359344482422
asta_review2026,ASTA,rrshid_test_0253_2372,thin,20.908588409423828,0.4925895929336548,8.238525390625
asta_review2026,ASTA,rrshid_test_0254_2375,thin,20.415271759033203,0.5847166776657104,7.89804744720459
asta_review2026,ASTA,rrshid_test_0255_2389,thin,19.879898071289062,0.562985360622406,9.2908353805542
asta_review2026,ASTA,rrshid_test_0256_2399,thin,20.2119140625,0.5727916955947876,8.236566543579102
asta_review2026,ASTA,rrshid_test_0257_2451,thin,22.256681442260742,0.5723112225532532,6.914670944213867
asta_review2026,ASTA,rrshid_test_0258_2465,thin,23.034887313842773,0.6602060198783875,6.55609130859375
asta_review2026,ASTA,rrshid_test_0259_2481,thin,20.071945190429688,0.5635810494422913,8.543866157531738
asta_review2026,ASTA,rrshid_test_0260_2511,thin,24.246185302734375,0.6574109196662903,5.444522380828857
asta_review2026,ASTA,rrshid_test_0261_2543,thin,23.154281616210938,0.677039623260498,5.864268779754639
asta_review2026,ASTA,rrshid_test_0262_2672,thin,23.965591430664062,0.7387648224830627,6.586409091949463
asta_review2026,ASTA,rrshid_test_0263_27,thin,27.575992584228516,0.7886984348297119,3.276130199432373
asta_review2026,ASTA,rrshid_test_0264_2706,thin,21.725990295410156,0.5257415771484375,5.711490154266357
asta_review2026,ASTA,rrshid_test_0265_2725,thin,22.457538604736328,0.6284760236740112,5.496326923370361
asta_review2026,ASTA,rrshid_test_0266_2727,thin,18.983600616455078,0.46263712644577026,7.996213436126709
asta_review2026,ASTA,rrshid_test_0267_2738,thin,20.184946060180664,0.4933694005012512,7.031688690185547
asta_review2026,ASTA,rrshid_test_0268_2741,thin,17.95011329650879,0.46446317434310913,9.480911254882812
asta_review2026,ASTA,rrshid_test_0269_2749,thin,23.322654724121094,0.6148650050163269,4.751165390014648
asta_review2026,ASTA,rrshid_test_0270_2759,thin,17.661998748779297,0.48762163519859314,9.328497886657715
asta_review2026,ASTA,rrshid_test_0271_2772,thin,20.5526065826416,0.5221486687660217,6.644879341125488
asta_review2026,ASTA,rrshid_test_0272_2820,thin,20.938894271850586,0.4917735159397125,6.611208915710449
asta_review2026,ASTA,rrshid_test_0273_2863,thin,22.4870662689209,0.4702712595462799,5.87080192565918
asta_review2026,ASTA,rrshid_test_0274_2867,thin,20.210533142089844,0.4804382026195526,7.390961170196533
asta_review2026,ASTA,rrshid_test_0275_2892,thin,22.655935287475586,0.4607221782207489,5.7647881507873535
asta_review2026,ASTA,rrshid_test_0276_2896,thin,23.599403381347656,0.6001891493797302,5.472081184387207
asta_review2026,ASTA,rrshid_test_0277_2898,thin,20.999500274658203,0.47401875257492065,7.870018005371094
asta_review2026,ASTA,rrshid_test_0278_2903,thin,21.20688247680664,0.520959734916687,7.26846170425415
asta_review2026,ASTA,rrshid_test_0279_2908,thin,19.21331024169922,0.4738842248916626,7.908623695373535
asta_review2026,ASTA,rrshid_test_0280_2918,thin,20.898408889770508,0.569162905216217,6.425156116485596
asta_review2026,ASTA,rrshid_test_0281_2919,thin,17.319528579711914,0.5022631883621216,8.800034523010254
asta_review2026,ASTA,rrshid_test_0282_2931,thin,21.591224670410156,0.5152501463890076,5.948382377624512
asta_review2026,ASTA,rrshid_test_0283_2940,thin,21.199241638183594,0.4244336783885956,7.679198741912842
asta_review2026,ASTA,rrshid_test_0284_2946,thin,22.92121696472168,0.5831418633460999,6.229883193969727
asta_review2026,ASTA,rrshid_test_0285_2953,thin,23.448869705200195,0.5466441512107849,5.410102367401123
asta_review2026,ASTA,rrshid_test_0286_2955,thin,20.953487396240234,0.5177231431007385,6.731502056121826
asta_review2026,ASTA,rrshid_test_0287_2956,thin,20.10000991821289,0.5029594302177429,7.50122594833374
asta_review2026,ASTA,rrshid_test_0288_2966,thin,20.88456153869629,0.4739016592502594,7.537257671356201
asta_review2026,ASTA,rrshid_test_0289_2976,thin,17.904680252075195,0.4477263391017914,9.874409675598145
asta_review2026,ASTA,rrshid_test_0290_2993,thin,13.302358627319336,0.20694881677627563,17.78423309326172
asta_review2026,ASTA,rrshid_test_0291_2996,thin,22.125795364379883,0.38594233989715576,7.112789630889893
asta_review2026,ASTA,rrshid_test_0292_2999,thin,23.085803985595703,0.4869990050792694,6.669236660003662
asta_review2026,ASTA,rrshid_test_0293_3008,thin,21.297286987304688,0.520327627658844,7.863129138946533
asta_review2026,ASTA,rrshid_test_0294_3044,thin,21.770584106445312,0.6479640603065491,7.063958644866943
asta_review2026,ASTA,rrshid_test_0295_457,thin,25.320432662963867,0.6461134552955627,4.71817684173584
asta_review2026,ASTA,rrshid_test_0296_46,thin,25.628602981567383,0.7879917621612549,3.8715500831604004
asta_review2026,ASTA,rrshid_test_0297_47,thin,25.52820587158203,0.7287468314170837,4.092716693878174
asta_review2026,ASTA,rrshid_test_0298_498,thin,24.241933822631836,0.6147162318229675,4.669243812561035
asta_review2026,ASTA,rrshid_test_0299_57,thin,29.266813278198242,0.8076667189598083,3.301391839981079
asta_review2026,ASTA,rrshid_test_0300_823,thin,25.595134735107422,0.681484043598175,4.686932563781738
asta_review2026,ASTA,rrshid_test_0301_88,thin,29.623641967773438,0.7921119928359985,3.313365936279297
asta_review2026,ASTA,rrshid_test_0302_95,thin,21.591777801513672,0.6879997253417969,6.764074325561523
asta_review2026,ASTA,rrshid_test_0303_972,thin,28.478849411010742,0.7420910000801086,3.113661527633667
asta_review2026,ASTA,rrshid_test_0304_990,thin,25.057737350463867,0.69240403175354,4.79701566696167
dehazexl_review2026,DehazeXL,rrshid_test_0001_1,moderate,20.641284942626953,0.6800585389137268,7.104696273803711
dehazexl_review2026,DehazeXL,rrshid_test_0002_1014,moderate,29.08297348022461,0.8645026087760925,2.7711284160614014
dehazexl_review2026,DehazeXL,rrshid_test_0003_1021,moderate,29.655649185180664,0.8674259185791016,3.5711543560028076
dehazexl_review2026,DehazeXL,rrshid_test_0004_1048,moderate,30.54288101196289,0.8804792761802673,2.4175188541412354
dehazexl_review2026,DehazeXL,rrshid_test_0005_1067,moderate,26.08780860900879,0.8492207527160645,4.0907979011535645
dehazexl_review2026,DehazeXL,rrshid_test_0006_1072,moderate,26.464073181152344,0.7904430627822876,3.852750062942505
dehazexl_review2026,DehazeXL,rrshid_test_0007_108,moderate,18.763702392578125,0.6093318462371826,9.42201042175293
dehazexl_review2026,DehazeXL,rrshid_test_0008_1098,moderate,25.483877182006836,0.7698755860328674,4.3958940505981445
dehazexl_review2026,DehazeXL,rrshid_test_0009_1101,moderate,22.229721069335938,0.5913902521133423,5.786357879638672
dehazexl_review2026,DehazeXL,rrshid_test_0010_1108,moderate,26.46660804748535,0.8531156182289124,3.3023993968963623
dehazexl_review2026,DehazeXL,rrshid_test_0011_1134,moderate,27.320087432861328,0.8229576349258423,3.4586215019226074
dehazexl_review2026,DehazeXL,rrshid_test_0012_1167,moderate,25.190643310546875,0.7762598395347595,3.828125
dehazexl_review2026,DehazeXL,rrshid_test_0013_1190,moderate,23.86661720275879,0.678321361541748,4.562363624572754
dehazexl_review2026,DehazeXL,rrshid_test_0014_1201,moderate,23.51048469543457,0.7028806805610657,4.42528772354126
dehazexl_review2026,DehazeXL,rrshid_test_0015_1209,moderate,30.327434539794922,0.8676104545593262,2.612184524536133
dehazexl_review2026,DehazeXL,rrshid_test_0016_1219,moderate,20.840518951416016,0.5090644359588623,6.368355751037598
dehazexl_review2026,DehazeXL,rrshid_test_0017_1233,moderate,24.672359466552734,0.8070358037948608,3.621721029281616
dehazexl_review2026,DehazeXL,rrshid_test_0018_1249,moderate,25.786134719848633,0.7189207077026367,4.374436378479004
dehazexl_review2026,DehazeXL,rrshid_test_0019_1253,moderate,21.287145614624023,0.6033278703689575,6.671380043029785
dehazexl_review2026,DehazeXL,rrshid_test_0020_1264,moderate,30.642290115356445,0.9032111167907715,2.5022974014282227
dehazexl_review2026,DehazeXL,rrshid_test_0021_1271,moderate,24.7252197265625,0.7509551644325256,4.353463172912598
dehazexl_review2026,DehazeXL,rrshid_test_0022_1294,moderate,27.17662811279297,0.812271773815155,3.478687286376953
dehazexl_review2026,DehazeXL,rrshid_test_0023_1299,moderate,21.954858779907227,0.5242265462875366,5.343047618865967
dehazexl_review2026,DehazeXL,rrshid_test_0024_1305,moderate,29.304309844970703,0.832568883895874,3.5107123851776123
dehazexl_review2026,DehazeXL,rrshid_test_0025_1311,moderate,25.529972076416016,0.6723166108131409,4.0491437911987305
dehazexl_review2026,DehazeXL,rrshid_test_0026_1321,moderate,25.35393714904785,0.7740089893341064,4.848041534423828
dehazexl_review2026,DehazeXL,rrshid_test_0027_1339,moderate,25.395071029663086,0.7173874378204346,4.299010276794434
dehazexl_review2026,DehazeXL,rrshid_test_0028_134,moderate,26.257221221923828,0.8099082112312317,4.082503318786621
dehazexl_review2026,DehazeXL,rrshid_test_0029_136,moderate,24.045686721801758,0.7222437262535095,5.245998382568359
dehazexl_review2026,DehazeXL,rrshid_test_0030_1398,moderate,24.042585372924805,0.7648846507072449,5.4639177322387695
dehazexl_review2026,DehazeXL,rrshid_test_0031_1408,moderate,26.55011749267578,0.7763074636459351,3.8021373748779297
dehazexl_review2026,DehazeXL,rrshid_test_0032_1414,moderate,26.04806900024414,0.7784300446510315,4.0952935218811035
dehazexl_review2026,DehazeXL,rrshid_test_0033_1443,moderate,27.322500228881836,0.7198984026908875,3.8524091243743896
dehazexl_review2026,DehazeXL,rrshid_test_0034_145,moderate,19.999608993530273,0.8181625604629517,7.437606334686279
dehazexl_review2026,DehazeXL,rrshid_test_0035_1453,moderate,23.86953353881836,0.7683905959129333,4.832726001739502
dehazexl_review2026,DehazeXL,rrshid_test_0036_1463,moderate,30.271175384521484,0.8541033267974854,3.0428996086120605
dehazexl_review2026,DehazeXL,rrshid_test_0037_1469,moderate,26.942222595214844,0.8020501136779785,3.6462814807891846
dehazexl_review2026,DehazeXL,rrshid_test_0038_154,moderate,22.474571228027344,0.6477817893028259,6.182802200317383
dehazexl_review2026,DehazeXL,rrshid_test_0039_1542,moderate,28.401376724243164,0.7955493330955505,3.3003435134887695
dehazexl_review2026,DehazeXL,rrshid_test_0040_1543,moderate,23.519420623779297,0.6779428124427795,5.492690086364746
dehazexl_review2026,DehazeXL,rrshid_test_0041_1555,moderate,27.104177474975586,0.74013352394104,3.863077402114868
dehazexl_review2026,DehazeXL,rrshid_test_0042_1561,moderate,24.089014053344727,0.7272604703903198,5.261502742767334
dehazexl_review2026,DehazeXL,rrshid_test_0043_1563,moderate,24.8204402923584,0.739270031452179,4.832222938537598
dehazexl_review2026,DehazeXL,rrshid_test_0044_1601,moderate,29.043922424316406,0.8678111433982849,3.015756607055664
dehazexl_review2026,DehazeXL,rrshid_test_0045_1606,moderate,19.086149215698242,0.48049217462539673,8.75158405303955
dehazexl_review2026,DehazeXL,rrshid_test_0046_1608,moderate,17.096986770629883,0.44555577635765076,10.337589263916016
dehazexl_review2026,DehazeXL,rrshid_test_0047_163,moderate,25.903785705566406,0.8243073225021362,4.2660417556762695
dehazexl_review2026,DehazeXL,rrshid_test_0048_1636,moderate,23.706758499145508,0.6568472385406494,5.4019575119018555
dehazexl_review2026,DehazeXL,rrshid_test_0049_1666,moderate,20.287548065185547,0.5182216167449951,7.54271125793457
dehazexl_review2026,DehazeXL,rrshid_test_0050_1673,moderate,19.22517967224121,0.528357744216919,8.713739395141602
dehazexl_review2026,DehazeXL,rrshid_test_0051_1691,moderate,18.8380126953125,0.516819953918457,8.714254379272461
dehazexl_review2026,DehazeXL,rrshid_test_0052_1706,moderate,16.05443000793457,0.4093874394893646,11.312155723571777
dehazexl_review2026,DehazeXL,rrshid_test_0053_1741,moderate,22.209274291992188,0.5788143277168274,7.331221580505371
dehazexl_review2026,DehazeXL,rrshid_test_0054_1787,moderate,21.559749603271484,0.39446333050727844,5.909989356994629
dehazexl_review2026,DehazeXL,rrshid_test_0055_1809,moderate,20.862977981567383,0.5390009880065918,7.87132453918457
dehazexl_review2026,DehazeXL,rrshid_test_0056_1810,moderate,22.297996520996094,0.5598301887512207,6.519900798797607
dehazexl_review2026,DehazeXL,rrshid_test_0057_1814,moderate,21.78460693359375,0.6359250545501709,6.539937496185303
dehazexl_review2026,DehazeXL,rrshid_test_0058_1822,moderate,21.421735763549805,0.500844419002533,6.931395530700684
dehazexl_review2026,DehazeXL,rrshid_test_0059_1844,moderate,13.486943244934082,0.5230525732040405,17.85672378540039
dehazexl_review2026,DehazeXL,rrshid_test_0060_1856,moderate,19.237709045410156,0.4767921268939972,7.6558380126953125
dehazexl_review2026,DehazeXL,rrshid_test_0061_1869,moderate,17.757890701293945,0.2680917978286743,10.518333435058594
dehazexl_review2026,DehazeXL,rrshid_test_0062_1873,moderate,15.787973403930664,0.27948257327079773,12.785259246826172
dehazexl_review2026,DehazeXL,rrshid_test_0063_1899,moderate,15.62498664855957,0.38413751125335693,13.381265640258789
dehazexl_review2026,DehazeXL,rrshid_test_0064_1900,moderate,23.239404678344727,0.6301825046539307,7.16920804977417
dehazexl_review2026,DehazeXL,rrshid_test_0065_1929,moderate,16.396888732910156,0.26977479457855225,11.890701293945312
dehazexl_review2026,DehazeXL,rrshid_test_0066_193,moderate,25.811279296875,0.7460094690322876,4.24308967590332
dehazexl_review2026,DehazeXL,rrshid_test_0067_1931,moderate,19.18083953857422,0.20593653619289398,8.6713285446167
dehazexl_review2026,DehazeXL,rrshid_test_0068_1935,moderate,19.497343063354492,0.4898056387901306,7.646656036376953
dehazexl_review2026,DehazeXL,rrshid_test_0069_1961,moderate,19.39632225036621,0.6138145327568054,8.937750816345215
dehazexl_review2026,DehazeXL,rrshid_test_0070_1985,moderate,19.47888946533203,0.39688876271247864,9.80405044555664
dehazexl_review2026,DehazeXL,rrshid_test_0071_1989,moderate,20.15273666381836,0.4945085048675537,7.776468276977539
dehazexl_review2026,DehazeXL,rrshid_test_0072_2040,moderate,16.412405014038086,0.6618980765342712,12.030319213867188
dehazexl_review2026,DehazeXL,rrshid_test_0073_2041,moderate,22.41529655456543,0.7726559638977051,5.891804218292236
dehazexl_review2026,DehazeXL,rrshid_test_0074_2044,moderate,14.907325744628906,0.5116895437240601,14.758804321289062
dehazexl_review2026,DehazeXL,rrshid_test_0075_2049,moderate,21.850635528564453,0.5426767468452454,6.236606597900391
dehazexl_review2026,DehazeXL,rrshid_test_0076_2060,moderate,24.932300567626953,0.6578227877616882,4.6464314460754395
dehazexl_review2026,DehazeXL,rrshid_test_0077_2061,moderate,24.280750274658203,0.6357012987136841,4.976729393005371
dehazexl_review2026,DehazeXL,rrshid_test_0078_2106,moderate,23.432424545288086,0.6392881274223328,5.304935455322266
dehazexl_review2026,DehazeXL,rrshid_test_0079_2107,moderate,23.958215713500977,0.6388339996337891,4.859966278076172
dehazexl_review2026,DehazeXL,rrshid_test_0080_2108,moderate,20.106534957885742,0.5514994859695435,7.642123222351074
dehazexl_review2026,DehazeXL,rrshid_test_0081_2116,moderate,20.97152328491211,0.6264263391494751,5.66942024230957
dehazexl_review2026,DehazeXL,rrshid_test_0082_2132,moderate,22.69243621826172,0.6339800357818604,5.436604976654053
dehazexl_review2026,DehazeXL,rrshid_test_0083_2143,moderate,23.5096435546875,0.6428999900817871,5.474659442901611
dehazexl_review2026,DehazeXL,rrshid_test_0084_2146,moderate,16.609336853027344,0.47393518686294556,12.046030044555664
dehazexl_review2026,DehazeXL,rrshid_test_0085_2174,moderate,24.43307113647461,0.6731551885604858,4.837521076202393
dehazexl_review2026,DehazeXL,rrshid_test_0086_2236,moderate,23.55574607849121,0.5938587188720703,4.931517601013184
dehazexl_review2026,DehazeXL,rrshid_test_0087_2237,moderate,23.779356002807617,0.5809388160705566,4.989068984985352
dehazexl_review2026,DehazeXL,rrshid_test_0088_2261,moderate,21.998397827148438,0.6778299808502197,5.813363552093506
dehazexl_review2026,DehazeXL,rrshid_test_0089_2297,moderate,19.223447799682617,0.5711033940315247,9.006668090820312
dehazexl_review2026,DehazeXL,rrshid_test_0090_2299,moderate,21.5865421295166,0.6173883080482483,6.917202949523926
dehazexl_review2026,DehazeXL,rrshid_test_0091_2313,moderate,21.912841796875,0.5376267433166504,7.187943935394287
dehazexl_review2026,DehazeXL,rrshid_test_0092_2331,moderate,21.216182708740234,0.5583336353302002,7.761122703552246
dehazexl_review2026,DehazeXL,rrshid_test_0093_2350,moderate,21.167917251586914,0.5611147284507751,7.660425186157227
dehazexl_review2026,DehazeXL,rrshid_test_0094_2386,moderate,22.553619384765625,0.5715489983558655,6.55558967590332
dehazexl_review2026,DehazeXL,rrshid_test_0095_2405,moderate,20.680538177490234,0.5662230253219604,7.816657066345215
dehazexl_review2026,DehazeXL,rrshid_test_0096_2408,moderate,19.160884857177734,0.6354241967201233,8.258150100708008
dehazexl_review2026,DehazeXL,rrshid_test_0097_2427,moderate,17.118690490722656,0.6569758057594299,10.328914642333984
dehazexl_review2026,DehazeXL,rrshid_test_0098_2434,moderate,17.634450912475586,0.5714170932769775,10.170003890991211
dehazexl_review2026,DehazeXL,rrshid_test_0099_2444,moderate,23.787233352661133,0.7734948396682739,5.859469890594482
dehazexl_review2026,DehazeXL,rrshid_test_0100_2446,moderate,20.32474136352539,0.7354592680931091,6.653046607971191
dehazexl_review2026,DehazeXL,rrshid_test_0101_2447,moderate,20.21320343017578,0.7254334688186646,7.734610557556152
dehazexl_review2026,DehazeXL,rrshid_test_0102_2474,moderate,23.289201736450195,0.7717331647872925,5.13278341293335
dehazexl_review2026,DehazeXL,rrshid_test_0103_2483,moderate,15.620943069458008,0.6222922801971436,12.924375534057617
dehazexl_review2026,DehazeXL,rrshid_test_0104_2505,moderate,23.593008041381836,0.7558982372283936,5.414113998413086
dehazexl_review2026,DehazeXL,rrshid_test_0105_2550,moderate,22.753324508666992,0.79091876745224,5.977365970611572
dehazexl_review2026,DehazeXL,rrshid_test_0106_2561,moderate,22.557544708251953,0.7456231713294983,6.133429527282715
dehazexl_review2026,DehazeXL,rrshid_test_0107_2583,moderate,22.081605911254883,0.5723596811294556,6.765757083892822
dehazexl_review2026,DehazeXL,rrshid_test_0108_2585,moderate,22.814720153808594,0.7681016325950623,5.6652750968933105
dehazexl_review2026,DehazeXL,rrshid_test_0109_2615,moderate,19.794086456298828,0.648870587348938,8.164334297180176
dehazexl_review2026,DehazeXL,rrshid_test_0110_2637,moderate,19.45440673828125,0.6432269811630249,7.354012489318848
dehazexl_review2026,DehazeXL,rrshid_test_0111_2650,moderate,21.508581161499023,0.6281254291534424,6.723237991333008
dehazexl_review2026,DehazeXL,rrshid_test_0112_2689,moderate,17.265119552612305,0.5723844766616821,9.100919723510742
dehazexl_review2026,DehazeXL,rrshid_test_0113_2691,moderate,20.483552932739258,0.6174443960189819,7.568737506866455
dehazexl_review2026,DehazeXL,rrshid_test_0114_2719,moderate,20.213735580444336,0.4694070518016815,7.394341468811035
dehazexl_review2026,DehazeXL,rrshid_test_0115_2720,moderate,17.06792449951172,0.34505778551101685,11.678167343139648
dehazexl_review2026,DehazeXL,rrshid_test_0116_2790,moderate,20.162586212158203,0.4072805941104889,8.30905818939209
dehazexl_review2026,DehazeXL,rrshid_test_0117_2791,moderate,19.1702823638916,0.3468478322029114,9.732144355773926
dehazexl_review2026,DehazeXL,rrshid_test_0118_2809,moderate,17.852325439453125,0.3655565083026886,9.233539581298828
dehazexl_review2026,DehazeXL,rrshid_test_0119_2836,moderate,17.411109924316406,0.49475544691085815,10.49498176574707
dehazexl_review2026,DehazeXL,rrshid_test_0120_2839,moderate,21.914274215698242,0.45224878191947937,6.50891637802124
dehazexl_review2026,DehazeXL,rrshid_test_0121_2859,moderate,20.957717895507812,0.42441096901893616,7.654860973358154
dehazexl_review2026,DehazeXL,rrshid_test_0122_2888,moderate,22.174156188964844,0.47156280279159546,6.125277519226074
dehazexl_review2026,DehazeXL,rrshid_test_0123_2913,moderate,20.174348831176758,0.5003822445869446,7.532228946685791
dehazexl_review2026,DehazeXL,rrshid_test_0124_292,moderate,25.48705291748047,0.7450059652328491,4.619706153869629
dehazexl_review2026,DehazeXL,rrshid_test_0125_320,moderate,23.748720169067383,0.6971723437309265,5.3363776206970215
dehazexl_review2026,DehazeXL,rrshid_test_0126_337,moderate,24.230484008789062,0.7750910520553589,4.844784259796143
dehazexl_review2026,DehazeXL,rrshid_test_0127_338,moderate,21.488388061523438,0.7349376678466797,6.9213948249816895
dehazexl_review2026,DehazeXL,rrshid_test_0128_35,moderate,26.19056510925293,0.7601009607315063,3.8018429279327393
dehazexl_review2026,DehazeXL,rrshid_test_0129_360,moderate,25.584365844726562,0.7163059115409851,4.125607013702393
dehazexl_review2026,DehazeXL,rrshid_test_0130_373,moderate,27.494953155517578,0.8232800960540771,3.4312915802001953
dehazexl_review2026,DehazeXL,rrshid_test_0131_411,moderate,28.816986083984375,0.8293620347976685,3.236431121826172
dehazexl_review2026,DehazeXL,rrshid_test_0132_417,moderate,25.602642059326172,0.7555539011955261,3.9610204696655273
dehazexl_review2026,DehazeXL,rrshid_test_0133_451,moderate,29.1751651763916,0.8137959837913513,3.1478753089904785
dehazexl_review2026,DehazeXL,rrshid_test_0134_454,moderate,28.538829803466797,0.83454430103302,2.9845714569091797
dehazexl_review2026,DehazeXL,rrshid_test_0135_49,moderate,25.6899471282959,0.8067721724510193,3.9279966354370117
dehazexl_review2026,DehazeXL,rrshid_test_0136_579,moderate,23.775957107543945,0.6388094425201416,5.360244274139404
dehazexl_review2026,DehazeXL,rrshid_test_0137_65,moderate,27.509689331054688,0.7851620316505432,3.5749826431274414
dehazexl_review2026,DehazeXL,rrshid_test_0138_699,moderate,21.248241424560547,0.7580634951591492,6.889716148376465
dehazexl_review2026,DehazeXL,rrshid_test_0139_701,moderate,24.303813934326172,0.7477504014968872,4.89837121963501
dehazexl_review2026,DehazeXL,rrshid_test_0140_703,moderate,27.15338897705078,0.8310204148292542,3.734966278076172
dehazexl_review2026,DehazeXL,rrshid_test_0141_708,moderate,30.575149536132812,0.8853052258491516,2.813762664794922
dehazexl_review2026,DehazeXL,rrshid_test_0142_71,moderate,21.109683990478516,0.7225267291069031,6.917285919189453
dehazexl_review2026,DehazeXL,rrshid_test_0143_712,moderate,26.81371307373047,0.7739325761795044,3.6009862422943115
dehazexl_review2026,DehazeXL,rrshid_test_0144_752,moderate,25.049665451049805,0.6514560580253601,4.594991683959961
dehazexl_review2026,DehazeXL,rrshid_test_0145_786,moderate,29.535615921020508,0.8650708794593811,3.115269660949707
dehazexl_review2026,DehazeXL,rrshid_test_0146_789,moderate,26.099178314208984,0.8114160299301147,4.0260090827941895
dehazexl_review2026,DehazeXL,rrshid_test_0147_81,moderate,30.309173583984375,0.8635050058364868,2.9084887504577637
dehazexl_review2026,DehazeXL,rrshid_test_0148_864,moderate,27.98919677734375,0.7960206270217896,3.3459415435791016
dehazexl_review2026,DehazeXL,rrshid_test_0149_907,moderate,22.738130569458008,0.7786961197853088,5.848601341247559
dehazexl_review2026,DehazeXL,rrshid_test_0150_929,moderate,29.24983024597168,0.8837496042251587,2.216622829437256
dehazexl_review2026,DehazeXL,rrshid_test_0151_989,moderate,22.35277557373047,0.6903077960014343,6.119881629943848
dehazexl_review2026,DehazeXL,rrshid_test_0152_99,moderate,28.468196868896484,0.7980178594589233,3.3591699600219727
dehazexl_review2026,DehazeXL,rrshid_test_0153_1060,thick,24.090776443481445,0.6553155779838562,5.461820125579834
dehazexl_review2026,DehazeXL,rrshid_test_0154_1104,thick,24.94192886352539,0.6573668122291565,5.645471572875977
dehazexl_review2026,DehazeXL,rrshid_test_0155_1116,thick,23.508602142333984,0.6884537935256958,6.482163429260254
dehazexl_review2026,DehazeXL,rrshid_test_0156_1145,thick,22.240692138671875,0.5421000719070435,6.884633541107178
dehazexl_review2026,DehazeXL,rrshid_test_0157_1164,thick,20.045581817626953,0.6577664613723755,8.139307975769043
dehazexl_review2026,DehazeXL,rrshid_test_0158_1243,thick,25.385400772094727,0.7442079782485962,5.010900497436523
dehazexl_review2026,DehazeXL,rrshid_test_0159_1262,thick,27.338029861450195,0.767303466796875,3.9262547492980957
dehazexl_review2026,DehazeXL,rrshid_test_0160_1369,thick,25.885059356689453,0.7667257785797119,5.081926345825195
dehazexl_review2026,DehazeXL,rrshid_test_0161_1370,thick,26.731224060058594,0.7883888483047485,4.575615406036377
dehazexl_review2026,DehazeXL,rrshid_test_0162_1388,thick,23.23409652709961,0.7158820033073425,5.983924388885498
dehazexl_review2026,DehazeXL,rrshid_test_0163_1520,thick,27.11343002319336,0.7117403745651245,3.9623610973358154
dehazexl_review2026,DehazeXL,rrshid_test_0164_156,thick,23.545166015625,0.6472236514091492,5.677306652069092
dehazexl_review2026,DehazeXL,rrshid_test_0165_1852,thick,18.815004348754883,0.30664190649986267,8.924432754516602
dehazexl_review2026,DehazeXL,rrshid_test_0166_1891,thick,18.52408218383789,0.2726753056049347,9.119344711303711
dehazexl_review2026,DehazeXL,rrshid_test_0167_1907,thick,20.345460891723633,0.34870201349258423,7.865597724914551
dehazexl_review2026,DehazeXL,rrshid_test_0168_1910,thick,19.262277603149414,0.2427845150232315,8.625657081604004
dehazexl_review2026,DehazeXL,rrshid_test_0169_1911,thick,20.377532958984375,0.3692977726459503,7.846598148345947
dehazexl_review2026,DehazeXL,rrshid_test_0170_221,thick,28.66086196899414,0.8752247095108032,3.9090709686279297
dehazexl_review2026,DehazeXL,rrshid_test_0171_232,thick,19.382902145385742,0.7599753141403198,8.237932205200195
dehazexl_review2026,DehazeXL,rrshid_test_0172_2487,thick,19.9998779296875,0.7073245644569397,8.946730613708496
dehazexl_review2026,DehazeXL,rrshid_test_0173_2495,thick,14.00865650177002,0.6086097359657288,17.6312198638916
dehazexl_review2026,DehazeXL,rrshid_test_0174_2527,thick,20.630809783935547,0.7401325106620789,7.578910827636719
dehazexl_review2026,DehazeXL,rrshid_test_0175_2568,thick,25.162464141845703,0.8247355818748474,4.648138046264648
dehazexl_review2026,DehazeXL,rrshid_test_0176_2591,thick,23.94117546081543,0.795697033405304,5.057645797729492
dehazexl_review2026,DehazeXL,rrshid_test_0177_2630,thick,22.181324005126953,0.7894420623779297,5.504655361175537
dehazexl_review2026,DehazeXL,rrshid_test_0178_2643,thick,17.067581176757812,0.4577789008617401,11.646471977233887
dehazexl_review2026,DehazeXL,rrshid_test_0179_2696,thick,15.431524276733398,0.3427371680736542,13.124310493469238
dehazexl_review2026,DehazeXL,rrshid_test_0180_274,thick,26.062450408935547,0.7852981090545654,4.178708076477051
dehazexl_review2026,DehazeXL,rrshid_test_0181_315,thick,28.509510040283203,0.8495568037033081,3.2032084465026855
dehazexl_review2026,DehazeXL,rrshid_test_0182_335,thick,24.587276458740234,0.6802539229393005,5.106990814208984
dehazexl_review2026,DehazeXL,rrshid_test_0183_353,thick,27.364212036132812,0.8080092668533325,3.483928680419922
dehazexl_review2026,DehazeXL,rrshid_test_0184_354,thick,24.179187774658203,0.6983149647712708,5.13420295715332
dehazexl_review2026,DehazeXL,rrshid_test_0185_362,thick,31.528339385986328,0.8484188914299011,2.9692773818969727
dehazexl_review2026,DehazeXL,rrshid_test_0186_374,thick,25.385326385498047,0.6842139959335327,4.399993419647217
dehazexl_review2026,DehazeXL,rrshid_test_0187_404,thick,19.91745376586914,0.7694246172904968,7.879147052764893
dehazexl_review2026,DehazeXL,rrshid_test_0188_429,thick,24.834165573120117,0.7514585256576538,4.80052375793457
dehazexl_review2026,DehazeXL,rrshid_test_0189_431,thick,24.896743774414062,0.713538646697998,4.453078269958496
dehazexl_review2026,DehazeXL,rrshid_test_0190_435,thick,23.45690155029297,0.6858659386634827,5.428278923034668
dehazexl_review2026,DehazeXL,rrshid_test_0191_478,thick,23.93242835998535,0.7074323296546936,5.925254821777344
dehazexl_review2026,DehazeXL,rrshid_test_0192_480,thick,23.691020965576172,0.6528924107551575,5.978730201721191
dehazexl_review2026,DehazeXL,rrshid_test_0193_486,thick,29.444149017333984,0.8653932213783264,3.47170352935791
dehazexl_review2026,DehazeXL,rrshid_test_0194_508,thick,23.486196517944336,0.6109336614608765,5.957693099975586
dehazexl_review2026,DehazeXL,rrshid_test_0195_516,thick,30.045021057128906,0.8908818364143372,3.1182949542999268
dehazexl_review2026,DehazeXL,rrshid_test_0196_517,thick,27.20627212524414,0.8758885264396667,3.780405282974243
dehazexl_review2026,DehazeXL,rrshid_test_0197_520,thick,23.6092472076416,0.7843669652938843,5.781850814819336
dehazexl_review2026,DehazeXL,rrshid_test_0198_578,thick,25.586181640625,0.667813777923584,5.023169994354248
dehazexl_review2026,DehazeXL,rrshid_test_0199_589,thick,25.03885269165039,0.7911795973777771,3.9911787509918213
dehazexl_review2026,DehazeXL,rrshid_test_0200_596,thick,26.491600036621094,0.7965123057365417,4.557584285736084
dehazexl_review2026,DehazeXL,rrshid_test_0201_598,thick,22.771587371826172,0.7485097050666809,6.605929374694824
dehazexl_review2026,DehazeXL,rrshid_test_0202_602,thick,23.243518829345703,0.6991573572158813,5.664666175842285
dehazexl_review2026,DehazeXL,rrshid_test_0203_609,thick,18.411373138427734,0.5125084519386292,10.681002616882324
dehazexl_review2026,DehazeXL,rrshid_test_0204_635,thick,24.634416580200195,0.7319918274879456,5.279813766479492
dehazexl_review2026,DehazeXL,rrshid_test_0205_638,thick,22.180118560791016,0.7299773097038269,6.705564498901367
dehazexl_review2026,DehazeXL,rrshid_test_0206_645,thick,22.879749298095703,0.7013609409332275,6.383613586425781
dehazexl_review2026,DehazeXL,rrshid_test_0207_655,thick,24.67241096496582,0.7154785394668579,5.167644500732422
dehazexl_review2026,DehazeXL,rrshid_test_0208_674,thick,24.480783462524414,0.7931420207023621,4.933870792388916
dehazexl_review2026,DehazeXL,rrshid_test_0209_682,thick,25.862186431884766,0.7160412669181824,5.199090003967285
dehazexl_review2026,DehazeXL,rrshid_test_0210_684,thick,25.60761260986328,0.750779390335083,5.206981658935547
dehazexl_review2026,DehazeXL,rrshid_test_0211_685,thick,21.075040817260742,0.7227902412414551,6.834015846252441
dehazexl_review2026,DehazeXL,rrshid_test_0212_698,thick,23.904842376708984,0.7639186382293701,6.153565406799316
dehazexl_review2026,DehazeXL,rrshid_test_0213_725,thick,26.067386627197266,0.7763651013374329,4.488153457641602
dehazexl_review2026,DehazeXL,rrshid_test_0214_757,thick,31.44157600402832,0.8132838606834412,2.9629921913146973
dehazexl_review2026,DehazeXL,rrshid_test_0215_759,thick,25.989479064941406,0.7400680780410767,4.607669830322266
dehazexl_review2026,DehazeXL,rrshid_test_0216_764,thick,26.201431274414062,0.8332076668739319,4.371467113494873
dehazexl_review2026,DehazeXL,rrshid_test_0217_765,thick,28.508623123168945,0.8552653193473816,3.6731133460998535
dehazexl_review2026,DehazeXL,rrshid_test_0218_801,thick,27.407808303833008,0.7447523474693298,4.081879615783691
dehazexl_review2026,DehazeXL,rrshid_test_0219_820,thick,25.859397888183594,0.7858901023864746,5.087019920349121
dehazexl_review2026,DehazeXL,rrshid_test_0220_851,thick,20.03045082092285,0.773474395275116,8.537433624267578
dehazexl_review2026,DehazeXL,rrshid_test_0221_858,thick,23.16073226928711,0.551448404788971,6.101429462432861
dehazexl_review2026,DehazeXL,rrshid_test_0222_885,thick,27.506179809570312,0.6928835511207581,4.673886775970459
dehazexl_review2026,DehazeXL,rrshid_test_0223_897,thick,26.413564682006836,0.7326109409332275,4.3690080642700195
dehazexl_review2026,DehazeXL,rrshid_test_0224_899,thick,21.898380279541016,0.511333703994751,6.809418678283691
dehazexl_review2026,DehazeXL,rrshid_test_0225_911,thick,28.74789810180664,0.8104360699653625,3.482886791229248
dehazexl_review2026,DehazeXL,rrshid_test_0226_956,thick,25.92135238647461,0.7327040433883667,4.6002278327941895
dehazexl_review2026,DehazeXL,rrshid_test_0227_957,thick,28.630115509033203,0.8121745586395264,3.459667205810547
dehazexl_review2026,DehazeXL,rrshid_test_0228_961,thick,26.401473999023438,0.6354823708534241,5.052027702331543
dehazexl_review2026,DehazeXL,rrshid_test_0229_1023,thin,32.45326614379883,0.9093965291976929,2.601077079772949
dehazexl_review2026,DehazeXL,rrshid_test_0230_1035,thin,27.144773483276367,0.6610360741615295,4.6736040115356445
dehazexl_review2026,DehazeXL,rrshid_test_0231_1075,thin,26.376953125,0.6889486312866211,4.767690658569336
dehazexl_review2026,DehazeXL,rrshid_test_0232_1230,thin,27.032777786254883,0.7777686715126038,3.9624507427215576
dehazexl_review2026,DehazeXL,rrshid_test_0233_1291,thin,27.06554412841797,0.7961536049842834,3.644684314727783
dehazexl_review2026,DehazeXL,rrshid_test_0234_1292,thin,26.057998657226562,0.7127313613891602,4.065074920654297
dehazexl_review2026,DehazeXL,rrshid_test_0235_1295,thin,22.292266845703125,0.6160011887550354,5.112295627593994
dehazexl_review2026,DehazeXL,rrshid_test_0236_130,thin,23.81321144104004,0.662527322769165,5.250068187713623
dehazexl_review2026,DehazeXL,rrshid_test_0237_1422,thin,24.437305450439453,0.6415680050849915,5.2589826583862305
dehazexl_review2026,DehazeXL,rrshid_test_0238_1432,thin,27.313804626464844,0.7187902927398682,3.9346518516540527
dehazexl_review2026,DehazeXL,rrshid_test_0239_1571,thin,28.435348510742188,0.8085978031158447,3.6577796936035156
dehazexl_review2026,DehazeXL,rrshid_test_0240_1615,thin,18.259170532226562,0.5871912837028503,8.551331520080566
dehazexl_review2026,DehazeXL,rrshid_test_0241_1738,thin,23.495389938354492,0.6296351552009583,5.968326568603516
dehazexl_review2026,DehazeXL,rrshid_test_0242_1744,thin,15.899454116821289,0.5562607049942017,10.819625854492188
dehazexl_review2026,DehazeXL,rrshid_test_0243_1746,thin,21.10356903076172,0.6061608195304871,7.497027397155762
dehazexl_review2026,DehazeXL,rrshid_test_0244_1747,thin,20.29342269897461,0.5290845036506653,8.089290618896484
dehazexl_review2026,DehazeXL,rrshid_test_0245_1762,thin,22.150985717773438,0.6820892691612244,5.64243221282959
dehazexl_review2026,DehazeXL,rrshid_test_0246_184,thin,30.885446548461914,0.8957358002662659,2.6414496898651123
dehazexl_review2026,DehazeXL,rrshid_test_0247_2033,thin,17.398372650146484,0.47588592767715454,10.832423210144043
dehazexl_review2026,DehazeXL,rrshid_test_0248_2036,thin,21.81949806213379,0.5911489725112915,6.644889831542969
dehazexl_review2026,DehazeXL,rrshid_test_0249_2163,thin,20.733142852783203,0.6065468788146973,6.827782154083252
dehazexl_review2026,DehazeXL,rrshid_test_0250_2250,thin,25.19259262084961,0.6286134719848633,4.526663780212402
dehazexl_review2026,DehazeXL,rrshid_test_0251_2343,thin,20.57561492919922,0.5499797463417053,9.399557113647461
dehazexl_review2026,DehazeXL,rrshid_test_0252_2369,thin,19.877470016479492,0.5012630224227905,8.659860610961914
dehazexl_review2026,DehazeXL,rrshid_test_0253_2372,thin,20.781278610229492,0.5027121305465698,7.929850101470947
dehazexl_review2026,DehazeXL,rrshid_test_0254_2375,thin,19.987171173095703,0.5966945290565491,8.012928009033203
dehazexl_review2026,DehazeXL,rrshid_test_0255_2389,thin,19.70763397216797,0.5785283446311951,8.42143440246582
dehazexl_review2026,DehazeXL,rrshid_test_0256_2399,thin,20.31835174560547,0.5901471376419067,7.908525466918945
dehazexl_review2026,DehazeXL,rrshid_test_0257_2451,thin,22.698810577392578,0.6089120507240295,7.108401298522949
dehazexl_review2026,DehazeXL,rrshid_test_0258_2465,thin,23.875410079956055,0.6925910115242004,5.643440246582031
dehazexl_review2026,DehazeXL,rrshid_test_0259_2481,thin,20.73520851135254,0.6156836748123169,8.560565948486328
dehazexl_review2026,DehazeXL,rrshid_test_0260_2511,thin,24.373186111450195,0.6740626692771912,5.45307731628418
dehazexl_review2026,DehazeXL,rrshid_test_0261_2543,thin,24.336936950683594,0.69344162940979,5.47210693359375
dehazexl_review2026,DehazeXL,rrshid_test_0262_2672,thin,22.764055252075195,0.6906235814094543,7.038779258728027
dehazexl_review2026,DehazeXL,rrshid_test_0263_27,thin,28.323270797729492,0.8058478236198425,3.146768093109131
dehazexl_review2026,DehazeXL,rrshid_test_0264_2706,thin,22.259380340576172,0.527309238910675,6.395771503448486
dehazexl_review2026,DehazeXL,rrshid_test_0265_2725,thin,21.15421485900879,0.5690824389457703,6.402434825897217
dehazexl_review2026,DehazeXL,rrshid_test_0266_2727,thin,20.660810470581055,0.5115611553192139,7.453722953796387
dehazexl_review2026,DehazeXL,rrshid_test_0267_2738,thin,21.472476959228516,0.527366578578949,6.464846134185791
dehazexl_review2026,DehazeXL,rrshid_test_0268_2741,thin,19.804550170898438,0.4909288287162781,8.602438926696777
dehazexl_review2026,DehazeXL,rrshid_test_0269_2749,thin,23.862028121948242,0.6130887866020203,4.819665431976318
dehazexl_review2026,DehazeXL,rrshid_test_0270_2759,thin,19.819568634033203,0.5348588228225708,7.81744384765625
dehazexl_review2026,DehazeXL,rrshid_test_0271_2772,thin,21.18800163269043,0.495228111743927,6.766587734222412
dehazexl_review2026,DehazeXL,rrshid_test_0272_2820,thin,21.655818939208984,0.5179047584533691,6.122682571411133
dehazexl_review2026,DehazeXL,rrshid_test_0273_2863,thin,22.026123046875,0.45529982447624207,6.5597076416015625
dehazexl_review2026,DehazeXL,rrshid_test_0274_2867,thin,21.031272888183594,0.5171440839767456,6.889796257019043
dehazexl_review2026,DehazeXL,rrshid_test_0275_2892,thin,23.600513458251953,0.5068421363830566,5.195958137512207
dehazexl_review2026,DehazeXL,rrshid_test_0276_2896,thin,23.74941062927246,0.6114336848258972,5.34360933303833
dehazexl_review2026,DehazeXL,rrshid_test_0277_2898,thin,22.248313903808594,0.5126945972442627,6.994766712188721
dehazexl_review2026,DehazeXL,rrshid_test_0278_2903,thin,21.555015563964844,0.5336516499519348,7.1221513748168945
dehazexl_review2026,DehazeXL,rrshid_test_0279_2908,thin,20.904865264892578,0.493658185005188,6.9973859786987305
dehazexl_review2026,DehazeXL,rrshid_test_0280_2918,thin,21.152219772338867,0.5822398066520691,6.298397064208984
dehazexl_review2026,DehazeXL,rrshid_test_0281_2919,thin,17.938312530517578,0.49343976378440857,8.511807441711426
dehazexl_review2026,DehazeXL,rrshid_test_0282_2931,thin,22.372432708740234,0.5262330174446106,6.0291829109191895
dehazexl_review2026,DehazeXL,rrshid_test_0283_2940,thin,22.264629364013672,0.4564306437969208,7.272890090942383
dehazexl_review2026,DehazeXL,rrshid_test_0284_2946,thin,23.214399337768555,0.5818784236907959,6.167274475097656
dehazexl_review2026,DehazeXL,rrshid_test_0285_2953,thin,24.20304298400879,0.583483874797821,5.125576496124268
dehazexl_review2026,DehazeXL,rrshid_test_0286_2955,thin,21.464021682739258,0.5420852303504944,6.385819435119629
dehazexl_review2026,DehazeXL,rrshid_test_0287_2956,thin,20.559911727905273,0.5207027792930603,7.171248912811279
dehazexl_review2026,DehazeXL,rrshid_test_0288_2966,thin,20.766204833984375,0.47870078682899475,7.874580383300781
dehazexl_review2026,DehazeXL,rrshid_test_0289_2976,thin,19.719768524169922,0.4990456998348236,8.295764923095703
dehazexl_review2026,DehazeXL,rrshid_test_0290_2993,thin,14.273558616638184,0.2263803482055664,15.702366828918457
dehazexl_review2026,DehazeXL,rrshid_test_0291_2996,thin,22.792327880859375,0.4811929166316986,6.774271011352539
dehazexl_review2026,DehazeXL,rrshid_test_0292_2999,thin,24.51697540283203,0.5608320236206055,5.980605125427246
dehazexl_review2026,DehazeXL,rrshid_test_0293_3008,thin,21.4835147857666,0.5608637928962708,7.189698219299316
dehazexl_review2026,DehazeXL,rrshid_test_0294_3044,thin,23.98455047607422,0.7146310210227966,6.1053643226623535
dehazexl_review2026,DehazeXL,rrshid_test_0295_457,thin,24.292640686035156,0.6338361501693726,4.798720359802246
dehazexl_review2026,DehazeXL,rrshid_test_0296_46,thin,27.25113296508789,0.8275672197341919,3.5180435180664062
dehazexl_review2026,DehazeXL,rrshid_test_0297_47,thin,26.85055923461914,0.7710316181182861,3.755228042602539
dehazexl_review2026,DehazeXL,rrshid_test_0298_498,thin,24.65681266784668,0.6250268816947937,4.447805404663086
dehazexl_review2026,DehazeXL,rrshid_test_0299_57,thin,27.11038589477539,0.7980201840400696,3.60197114944458
dehazexl_review2026,DehazeXL,rrshid_test_0300_823,thin,25.91993522644043,0.7247297167778015,4.672246932983398
dehazexl_review2026,DehazeXL,rrshid_test_0301_88,thin,29.457626342773438,0.7730185389518738,3.096933126449585
dehazexl_review2026,DehazeXL,rrshid_test_0302_95,thin,21.390302658081055,0.7003657817840576,7.012026786804199
dehazexl_review2026,DehazeXL,rrshid_test_0303_972,thin,28.935771942138672,0.757329523563385,3.363715648651123
dehazexl_review2026,DehazeXL,rrshid_test_0304_990,thin,24.90566635131836,0.6794776916503906,4.926257610321045
