method_key,method_label,image_id,haze_level,psnr,ssim_gaussian11,deltaE00
spagan,SpA-GAN,satehaze1k_test_thin_001,thin,22.764318466186523,0.907578706741333,6.512022495269775
spagan,SpA-GAN,satehaze1k_test_thin_002,thin,22.22651481628418,0.8981190919876099,6.973537445068359
spagan,SpA-GAN,satehaze1k_test_thin_003,thin,23.323495864868164,0.8863910436630249,5.892269134521484
spagan,SpA-GAN,satehaze1k_test_thin_004,thin,23.44436264038086,0.8936782479286194,5.729437828063965
spagan,SpA-GAN,satehaze1k_test_thin_005,thin,22.231220245361328,0.8721713423728943,6.487628936767578
spagan,SpA-GAN,satehaze1k_test_thin_006,thin,23.313505172729492,0.8978492021560669,5.666391849517822
spagan,SpA-GAN,satehaze1k_test_thin_007,thin,23.658124923706055,0.9004848599433899,5.919131755828857
spagan,SpA-GAN,satehaze1k_test_thin_008,thin,22.568683624267578,0.8987434506416321,6.663747787475586
spagan,SpA-GAN,satehaze1k_test_thin_009,thin,22.342971801757812,0.8792323470115662,6.40372371673584
spagan,SpA-GAN,satehaze1k_test_thin_010,thin,21.999614715576172,0.8663758039474487,6.579740524291992
spagan,SpA-GAN,satehaze1k_test_thin_011,thin,23.392520904541016,0.8890182971954346,5.848878860473633
spagan,SpA-GAN,satehaze1k_test_thin_012,thin,22.790809631347656,0.8770625591278076,6.128963947296143
spagan,SpA-GAN,satehaze1k_test_thin_013,thin,22.128141403198242,0.8691628575325012,6.506296634674072
spagan,SpA-GAN,satehaze1k_test_thin_014,thin,23.793394088745117,0.8972170948982239,5.775490760803223
spagan,SpA-GAN,satehaze1k_test_thin_015,thin,22.96891212463379,0.9101841449737549,6.430139064788818
spagan,SpA-GAN,satehaze1k_test_thin_016,thin,23.57135009765625,0.8982177376747131,5.863779067993164
spagan,SpA-GAN,satehaze1k_test_thin_017,thin,22.491558074951172,0.8871200680732727,6.680674076080322
spagan,SpA-GAN,satehaze1k_test_thin_018,thin,23.343257904052734,0.8848284482955933,5.930074691772461
spagan,SpA-GAN,satehaze1k_test_thin_019,thin,23.049659729003906,0.896251916885376,6.114593505859375
spagan,SpA-GAN,satehaze1k_test_thin_020,thin,23.687084197998047,0.8886408805847168,5.567242622375488
spagan,SpA-GAN,satehaze1k_test_thin_021,thin,23.92188262939453,0.8953391313552856,5.460580825805664
spagan,SpA-GAN,satehaze1k_test_thin_022,thin,23.027591705322266,0.9009584188461304,5.745346546173096
spagan,SpA-GAN,satehaze1k_test_thin_023,thin,22.25419807434082,0.8941693305969238,7.072795391082764
spagan,SpA-GAN,satehaze1k_test_thin_024,thin,23.839445114135742,0.8971682190895081,5.514233112335205
spagan,SpA-GAN,satehaze1k_test_thin_025,thin,22.52141571044922,0.8800815939903259,6.642936706542969
spagan,SpA-GAN,satehaze1k_test_thin_026,thin,23.77922821044922,0.8952696919441223,5.747293472290039
spagan,SpA-GAN,satehaze1k_test_thin_027,thin,22.22245979309082,0.898516833782196,6.975341796875
spagan,SpA-GAN,satehaze1k_test_thin_028,thin,23.417417526245117,0.8807618021965027,5.670031547546387
spagan,SpA-GAN,satehaze1k_test_thin_029,thin,23.530391693115234,0.8840661644935608,5.699855804443359
spagan,SpA-GAN,satehaze1k_test_thin_030,thin,23.582487106323242,0.8910738229751587,5.62076997756958
spagan,SpA-GAN,satehaze1k_test_thin_031,thin,23.400556564331055,0.8809745907783508,5.8070068359375
spagan,SpA-GAN,satehaze1k_test_thin_032,thin,23.705738067626953,0.9055569767951965,5.7080793380737305
spagan,SpA-GAN,satehaze1k_test_thin_033,thin,23.160099029541016,0.8799025416374207,5.9049577713012695
spagan,SpA-GAN,satehaze1k_test_thin_034,thin,23.542095184326172,0.8946251273155212,5.832200050354004
spagan,SpA-GAN,satehaze1k_test_thin_035,thin,21.84464454650879,0.8763471245765686,6.7518486976623535
spagan,SpA-GAN,satehaze1k_test_thin_036,thin,23.668121337890625,0.8910431265830994,5.730998516082764
spagan,SpA-GAN,satehaze1k_test_thin_037,thin,21.885154724121094,0.8741943836212158,6.594117164611816
spagan,SpA-GAN,satehaze1k_test_thin_038,thin,23.82625961303711,0.9050703644752502,5.724636077880859
spagan,SpA-GAN,satehaze1k_test_thin_039,thin,23.34659194946289,0.8777289390563965,5.746829509735107
spagan,SpA-GAN,satehaze1k_test_thin_040,thin,23.70148468017578,0.8964096307754517,5.512691974639893
spagan,SpA-GAN,satehaze1k_test_thin_041,thin,23.603595733642578,0.8940619230270386,5.781610012054443
spagan,SpA-GAN,satehaze1k_test_thin_042,thin,23.329143524169922,0.897925615310669,5.657090663909912
spagan,SpA-GAN,satehaze1k_test_thin_043,thin,23.52661895751953,0.9011274576187134,5.876238822937012
spagan,SpA-GAN,satehaze1k_test_thin_044,thin,23.853347778320312,0.9076128005981445,5.706274032592773
spagan,SpA-GAN,satehaze1k_test_thin_045,thin,23.330265045166016,0.8865476846694946,5.903284549713135
spagan,SpA-GAN,satehaze1k_test_moderate_001,moderate,21.435890197753906,0.809029757976532,9.296592712402344
spagan,SpA-GAN,satehaze1k_test_moderate_002,moderate,22.040807723999023,0.7583097219467163,10.066027641296387
spagan,SpA-GAN,satehaze1k_test_moderate_003,moderate,23.68364715576172,0.8593577146530151,7.23453950881958
spagan,SpA-GAN,satehaze1k_test_moderate_004,moderate,22.331850051879883,0.8267180919647217,8.521788597106934
spagan,SpA-GAN,satehaze1k_test_moderate_005,moderate,22.948741912841797,0.8540418148040771,7.7648539543151855
spagan,SpA-GAN,satehaze1k_test_moderate_006,moderate,22.843364715576172,0.8251540660858154,8.978883743286133
spagan,SpA-GAN,satehaze1k_test_moderate_007,moderate,23.921117782592773,0.8754516839981079,7.178521633148193
spagan,SpA-GAN,satehaze1k_test_moderate_008,moderate,22.088897705078125,0.8074297904968262,9.37066650390625
spagan,SpA-GAN,satehaze1k_test_moderate_009,moderate,22.108917236328125,0.8383599519729614,8.305760383605957
spagan,SpA-GAN,satehaze1k_test_moderate_010,moderate,23.910057067871094,0.8939551115036011,6.746921539306641
spagan,SpA-GAN,satehaze1k_test_moderate_011,moderate,22.774829864501953,0.8562721014022827,7.552542209625244
spagan,SpA-GAN,satehaze1k_test_moderate_012,moderate,23.465120315551758,0.8928313851356506,7.301778316497803
spagan,SpA-GAN,satehaze1k_test_moderate_013,moderate,23.383079528808594,0.8986282348632812,7.334144592285156
spagan,SpA-GAN,satehaze1k_test_moderate_014,moderate,24.65860366821289,0.86490797996521,7.390969276428223
spagan,SpA-GAN,satehaze1k_test_moderate_015,moderate,22.880168914794922,0.7797349691390991,9.012948036193848
spagan,SpA-GAN,satehaze1k_test_moderate_016,moderate,23.420717239379883,0.8589563369750977,7.957498550415039
spagan,SpA-GAN,satehaze1k_test_moderate_017,moderate,25.77028465270996,0.8987593054771423,6.178946018218994
spagan,SpA-GAN,satehaze1k_test_moderate_018,moderate,22.075624465942383,0.80129075050354,9.319682121276855
spagan,SpA-GAN,satehaze1k_test_moderate_019,moderate,21.38728904724121,0.7698876857757568,10.317032814025879
spagan,SpA-GAN,satehaze1k_test_moderate_020,moderate,22.091201782226562,0.7592086791992188,9.677538871765137
spagan,SpA-GAN,satehaze1k_test_moderate_021,moderate,22.21048355102539,0.8503415584564209,7.992679595947266
spagan,SpA-GAN,satehaze1k_test_moderate_022,moderate,23.277894973754883,0.8642113208770752,7.678267002105713
spagan,SpA-GAN,satehaze1k_test_moderate_023,moderate,23.41846466064453,0.8153369426727295,8.753169059753418
spagan,SpA-GAN,satehaze1k_test_moderate_024,moderate,22.573766708374023,0.8226544260978699,8.566177368164062
spagan,SpA-GAN,satehaze1k_test_moderate_025,moderate,23.130495071411133,0.8548423051834106,7.966472625732422
spagan,SpA-GAN,satehaze1k_test_moderate_026,moderate,22.409255981445312,0.8051291108131409,9.467251777648926
spagan,SpA-GAN,satehaze1k_test_moderate_027,moderate,23.231775283813477,0.8376799821853638,8.13817310333252
spagan,SpA-GAN,satehaze1k_test_moderate_028,moderate,22.083057403564453,0.8068096041679382,9.04137897491455
spagan,SpA-GAN,satehaze1k_test_moderate_029,moderate,20.992633819580078,0.7462846040725708,10.299461364746094
spagan,SpA-GAN,satehaze1k_test_moderate_030,moderate,21.911985397338867,0.7461656332015991,10.218002319335938
spagan,SpA-GAN,satehaze1k_test_moderate_031,moderate,21.085590362548828,0.7932308912277222,9.649584770202637
spagan,SpA-GAN,satehaze1k_test_moderate_032,moderate,23.99789810180664,0.8336308598518372,7.914855003356934
spagan,SpA-GAN,satehaze1k_test_moderate_033,moderate,22.829856872558594,0.8226491212844849,8.749226570129395
spagan,SpA-GAN,satehaze1k_test_moderate_034,moderate,22.28559112548828,0.8224350214004517,8.680181503295898
spagan,SpA-GAN,satehaze1k_test_moderate_035,moderate,23.468332290649414,0.85410475730896,8.118415832519531
spagan,SpA-GAN,satehaze1k_test_moderate_036,moderate,21.89455795288086,0.7769461870193481,9.728291511535645
spagan,SpA-GAN,satehaze1k_test_moderate_037,moderate,22.162132263183594,0.7943315505981445,9.314896583557129
spagan,SpA-GAN,satehaze1k_test_moderate_038,moderate,22.738344192504883,0.804780125617981,8.78279972076416
spagan,SpA-GAN,satehaze1k_test_moderate_039,moderate,22.85578155517578,0.8457273244857788,8.267329216003418
spagan,SpA-GAN,satehaze1k_test_moderate_040,moderate,20.81836700439453,0.7688753604888916,10.160385131835938
spagan,SpA-GAN,satehaze1k_test_moderate_041,moderate,19.280860900878906,0.7255424857139587,11.274176597595215
spagan,SpA-GAN,satehaze1k_test_moderate_042,moderate,21.701778411865234,0.7852237224578857,9.882534980773926
spagan,SpA-GAN,satehaze1k_test_moderate_043,moderate,21.815494537353516,0.7977575659751892,8.946481704711914
spagan,SpA-GAN,satehaze1k_test_moderate_044,moderate,21.8494815826416,0.768730103969574,10.068841934204102
spagan,SpA-GAN,satehaze1k_test_moderate_045,moderate,20.853778839111328,0.6682546734809875,10.897130012512207
spagan,SpA-GAN,satehaze1k_test_thick_001,thick,17.799518585205078,0.7031863331794739,10.758336067199707
spagan,SpA-GAN,satehaze1k_test_thick_002,thick,18.55115509033203,0.710610568523407,9.56445026397705
spagan,SpA-GAN,satehaze1k_test_thick_003,thick,17.67296028137207,0.7038612365722656,11.30004596710205
spagan,SpA-GAN,satehaze1k_test_thick_004,thick,18.025911331176758,0.7246608734130859,10.459526062011719
spagan,SpA-GAN,satehaze1k_test_thick_005,thick,18.583255767822266,0.744717538356781,10.375711441040039
spagan,SpA-GAN,satehaze1k_test_thick_006,thick,18.430593490600586,0.7401929497718811,10.471230506896973
spagan,SpA-GAN,satehaze1k_test_thick_007,thick,17.46763038635254,0.6912164092063904,10.850378036499023
spagan,SpA-GAN,satehaze1k_test_thick_008,thick,17.600486755371094,0.7289943695068359,11.289010047912598
spagan,SpA-GAN,satehaze1k_test_thick_009,thick,18.03997230529785,0.6868634223937988,10.582253456115723
spagan,SpA-GAN,satehaze1k_test_thick_010,thick,18.29068374633789,0.7001160979270935,10.03999137878418
spagan,SpA-GAN,satehaze1k_test_thick_011,thick,17.704851150512695,0.7099871039390564,11.012673377990723
spagan,SpA-GAN,satehaze1k_test_thick_012,thick,18.259078979492188,0.6843183040618896,9.899317741394043
spagan,SpA-GAN,satehaze1k_test_thick_013,thick,18.43421745300293,0.7534505724906921,10.041366577148438
spagan,SpA-GAN,satehaze1k_test_thick_014,thick,16.33493995666504,0.6662381291389465,13.069790840148926
spagan,SpA-GAN,satehaze1k_test_thick_015,thick,18.44008445739746,0.706691324710846,9.68489933013916
spagan,SpA-GAN,satehaze1k_test_thick_016,thick,17.896244049072266,0.7206684350967407,10.53041934967041
spagan,SpA-GAN,satehaze1k_test_thick_017,thick,18.313030242919922,0.7313807606697083,10.138039588928223
spagan,SpA-GAN,satehaze1k_test_thick_018,thick,18.254819869995117,0.7584434747695923,10.748564720153809
spagan,SpA-GAN,satehaze1k_test_thick_019,thick,17.719314575195312,0.7136615514755249,11.043479919433594
spagan,SpA-GAN,satehaze1k_test_thick_020,thick,18.245494842529297,0.7147064208984375,10.435020446777344
spagan,SpA-GAN,satehaze1k_test_thick_021,thick,16.456249237060547,0.688525915145874,12.842976570129395
spagan,SpA-GAN,satehaze1k_test_thick_022,thick,17.73508644104004,0.7278432846069336,11.01844596862793
spagan,SpA-GAN,satehaze1k_test_thick_023,thick,18.086048126220703,0.7644113898277283,10.769685745239258
spagan,SpA-GAN,satehaze1k_test_thick_024,thick,18.60794448852539,0.6967406868934631,9.583446502685547
spagan,SpA-GAN,satehaze1k_test_thick_025,thick,17.182538986206055,0.6697450280189514,11.241589546203613
spagan,SpA-GAN,satehaze1k_test_thick_026,thick,17.248138427734375,0.6730921864509583,11.32777214050293
spagan,SpA-GAN,satehaze1k_test_thick_027,thick,18.2755069732666,0.7525936365127563,10.227182388305664
spagan,SpA-GAN,satehaze1k_test_thick_028,thick,17.923376083374023,0.7172349691390991,10.696325302124023
spagan,SpA-GAN,satehaze1k_test_thick_029,thick,18.264629364013672,0.7538615465164185,10.632143020629883
spagan,SpA-GAN,satehaze1k_test_thick_030,thick,18.438396453857422,0.7121896147727966,9.81662654876709
spagan,SpA-GAN,satehaze1k_test_thick_031,thick,17.42775535583496,0.6926369071006775,10.83112907409668
spagan,SpA-GAN,satehaze1k_test_thick_032,thick,16.476242065429688,0.6764041781425476,12.799314498901367
spagan,SpA-GAN,satehaze1k_test_thick_033,thick,18.477052688598633,0.7264025807380676,9.845253944396973
spagan,SpA-GAN,satehaze1k_test_thick_034,thick,18.53293228149414,0.7290768027305603,9.804474830627441
spagan,SpA-GAN,satehaze1k_test_thick_035,thick,16.902870178222656,0.6752605438232422,11.882966041564941
spagan,SpA-GAN,satehaze1k_test_thick_036,thick,18.073108673095703,0.72593754529953,10.337484359741211
spagan,SpA-GAN,satehaze1k_test_thick_037,thick,18.44955062866211,0.753309965133667,10.027669906616211
spagan,SpA-GAN,satehaze1k_test_thick_038,thick,18.04871940612793,0.7221364974975586,10.417728424072266
spagan,SpA-GAN,satehaze1k_test_thick_039,thick,18.619674682617188,0.737747073173523,9.787951469421387
spagan,SpA-GAN,satehaze1k_test_thick_040,thick,18.35787582397461,0.7158697843551636,10.01694107055664
spagan,SpA-GAN,satehaze1k_test_thick_041,thick,17.22903823852539,0.6862637996673584,11.574199676513672
spagan,SpA-GAN,satehaze1k_test_thick_042,thick,17.758970260620117,0.7199122905731201,10.982643127441406
spagan,SpA-GAN,satehaze1k_test_thick_043,thick,18.970783233642578,0.7595515847206116,9.91026496887207
spagan,SpA-GAN,satehaze1k_test_thick_044,thick,18.206859588623047,0.7270374894142151,10.215332984924316
spagan,SpA-GAN,satehaze1k_test_thick_045,thick,18.545406341552734,0.7481422424316406,10.261713027954102
dcil,DCIL,satehaze1k_test_thin_001,thin,21.62712287902832,0.9053285717964172,6.7497239112854
dcil,DCIL,satehaze1k_test_thin_002,thin,20.52893829345703,0.8911227583885193,7.76800537109375
dcil,DCIL,satehaze1k_test_thin_003,thin,23.228164672851562,0.8933218717575073,5.7281928062438965
dcil,DCIL,satehaze1k_test_thin_004,thin,22.767793655395508,0.8926536440849304,5.839364528656006
dcil,DCIL,satehaze1k_test_thin_005,thin,21.063901901245117,0.8742057085037231,6.742336750030518
dcil,DCIL,satehaze1k_test_thin_006,thin,23.294567108154297,0.9030778408050537,5.38645601272583
dcil,DCIL,satehaze1k_test_thin_007,thin,23.404220581054688,0.9059973359107971,5.706021785736084
dcil,DCIL,satehaze1k_test_thin_008,thin,21.476390838623047,0.897132933139801,6.894898891448975
dcil,DCIL,satehaze1k_test_thin_009,thin,21.164512634277344,0.8798544406890869,6.68745231628418
dcil,DCIL,satehaze1k_test_thin_010,thin,20.975923538208008,0.8681514263153076,6.810494899749756
dcil,DCIL,satehaze1k_test_thin_011,thin,23.144609451293945,0.8940885066986084,5.771060943603516
dcil,DCIL,satehaze1k_test_thin_012,thin,21.798145294189453,0.8794041275978088,6.249792098999023
dcil,DCIL,satehaze1k_test_thin_013,thin,20.809785842895508,0.8679096102714539,6.894744396209717
dcil,DCIL,satehaze1k_test_thin_014,thin,22.8879451751709,0.9021627902984619,5.896825790405273
dcil,DCIL,satehaze1k_test_thin_015,thin,21.60760498046875,0.9064229726791382,6.74448823928833
dcil,DCIL,satehaze1k_test_thin_016,thin,23.346256256103516,0.9087812900543213,5.600154876708984
dcil,DCIL,satehaze1k_test_thin_017,thin,20.48264503479004,0.8746639490127563,7.948896884918213
dcil,DCIL,satehaze1k_test_thin_018,thin,23.774410247802734,0.8951361179351807,5.317352771759033
dcil,DCIL,satehaze1k_test_thin_019,thin,21.992549896240234,0.8984348177909851,6.305545330047607
dcil,DCIL,satehaze1k_test_thin_020,thin,24.209007263183594,0.8965760469436646,5.104447841644287
dcil,DCIL,satehaze1k_test_thin_021,thin,23.425636291503906,0.8976232409477234,5.3457560539245605
dcil,DCIL,satehaze1k_test_thin_022,thin,22.693466186523438,0.9042767286300659,5.601106643676758
dcil,DCIL,satehaze1k_test_thin_023,thin,19.702184677124023,0.880246639251709,8.550121307373047
dcil,DCIL,satehaze1k_test_thin_024,thin,23.21407699584961,0.8971043229103088,5.507845401763916
dcil,DCIL,satehaze1k_test_thin_025,thin,20.887060165405273,0.8719116449356079,7.578261375427246
dcil,DCIL,satehaze1k_test_thin_026,thin,22.969314575195312,0.8998673558235168,5.839752197265625
dcil,DCIL,satehaze1k_test_thin_027,thin,20.743654251098633,0.8926734924316406,7.585093021392822
dcil,DCIL,satehaze1k_test_thin_028,thin,23.82633399963379,0.8886814117431641,5.2244553565979
dcil,DCIL,satehaze1k_test_thin_029,thin,23.697202682495117,0.8932151794433594,5.389441967010498
dcil,DCIL,satehaze1k_test_thin_030,thin,22.95261001586914,0.891237199306488,5.605835437774658
dcil,DCIL,satehaze1k_test_thin_031,thin,23.20022964477539,0.8885793685913086,5.631076335906982
dcil,DCIL,satehaze1k_test_thin_032,thin,23.247060775756836,0.9115215539932251,5.680947303771973
dcil,DCIL,satehaze1k_test_thin_033,thin,22.558748245239258,0.8856894969940186,5.773386478424072
dcil,DCIL,satehaze1k_test_thin_034,thin,23.410348892211914,0.8998311758041382,5.591906547546387
dcil,DCIL,satehaze1k_test_thin_035,thin,21.46430778503418,0.8808201551437378,6.600447177886963
dcil,DCIL,satehaze1k_test_thin_036,thin,23.003929138183594,0.8972318172454834,5.819422721862793
dcil,DCIL,satehaze1k_test_thin_037,thin,21.14572525024414,0.8800773620605469,6.8589019775390625
dcil,DCIL,satehaze1k_test_thin_038,thin,23.190853118896484,0.9126703143119812,5.692154884338379
dcil,DCIL,satehaze1k_test_thin_039,thin,23.152761459350586,0.8821947574615479,5.550271034240723
dcil,DCIL,satehaze1k_test_thin_040,thin,24.370729446411133,0.9046913385391235,5.05120325088501
dcil,DCIL,satehaze1k_test_thin_041,thin,22.752155303955078,0.8982526063919067,5.936423301696777
dcil,DCIL,satehaze1k_test_thin_042,thin,23.198604583740234,0.9037589430809021,5.416368007659912
dcil,DCIL,satehaze1k_test_thin_043,thin,23.057462692260742,0.9095857739448547,5.788671493530273
dcil,DCIL,satehaze1k_test_thin_044,thin,23.362430572509766,0.9154262542724609,5.582930564880371
dcil,DCIL,satehaze1k_test_thin_045,thin,23.127355575561523,0.8919510245323181,5.780647277832031
dcil,DCIL,satehaze1k_test_moderate_001,moderate,26.172325134277344,0.9367823600769043,6.860939025878906
dcil,DCIL,satehaze1k_test_moderate_002,moderate,26.859943389892578,0.9377454519271851,8.590934753417969
dcil,DCIL,satehaze1k_test_moderate_003,moderate,23.36722183227539,0.9432288408279419,7.114204406738281
dcil,DCIL,satehaze1k_test_moderate_004,moderate,24.664785385131836,0.940305769443512,7.544933319091797
dcil,DCIL,satehaze1k_test_moderate_005,moderate,25.60187530517578,0.9407569169998169,6.6347432136535645
dcil,DCIL,satehaze1k_test_moderate_006,moderate,25.94576072692871,0.9507421851158142,7.923388481140137
dcil,DCIL,satehaze1k_test_moderate_007,moderate,24.892745971679688,0.9478569626808167,6.473740100860596
dcil,DCIL,satehaze1k_test_moderate_008,moderate,25.51203727722168,0.9434465169906616,8.344305992126465
dcil,DCIL,satehaze1k_test_moderate_009,moderate,26.52937126159668,0.945332407951355,6.572295665740967
dcil,DCIL,satehaze1k_test_moderate_010,moderate,23.736188888549805,0.9443845748901367,6.876111030578613
dcil,DCIL,satehaze1k_test_moderate_011,moderate,22.919729232788086,0.9223400354385376,8.545734405517578
dcil,DCIL,satehaze1k_test_moderate_012,moderate,25.95920181274414,0.9582074880599976,5.569788455963135
dcil,DCIL,satehaze1k_test_moderate_013,moderate,26.18707275390625,0.960504412651062,5.593255043029785
dcil,DCIL,satehaze1k_test_moderate_014,moderate,27.27379035949707,0.9531770944595337,5.381326675415039
dcil,DCIL,satehaze1k_test_moderate_015,moderate,27.328388214111328,0.934785783290863,7.274094581604004
dcil,DCIL,satehaze1k_test_moderate_016,moderate,26.535171508789062,0.9478712677955627,6.199151039123535
dcil,DCIL,satehaze1k_test_moderate_017,moderate,28.30157470703125,0.9539222121238708,4.27835750579834
dcil,DCIL,satehaze1k_test_moderate_018,moderate,23.811777114868164,0.9328908920288086,9.490578651428223
dcil,DCIL,satehaze1k_test_moderate_019,moderate,25.028579711914062,0.9346073269844055,10.742968559265137
dcil,DCIL,satehaze1k_test_moderate_020,moderate,25.48166275024414,0.9224951863288879,8.843939781188965
dcil,DCIL,satehaze1k_test_moderate_021,moderate,25.139892578125,0.9442702531814575,6.802302360534668
dcil,DCIL,satehaze1k_test_moderate_022,moderate,25.293643951416016,0.9425747990608215,6.506666660308838
dcil,DCIL,satehaze1k_test_moderate_023,moderate,27.12592315673828,0.9481251835823059,7.095259189605713
dcil,DCIL,satehaze1k_test_moderate_024,moderate,24.224672317504883,0.9385841488838196,8.5651216506958
dcil,DCIL,satehaze1k_test_moderate_025,moderate,23.319316864013672,0.930940568447113,8.62939739227295
dcil,DCIL,satehaze1k_test_moderate_026,moderate,25.799638748168945,0.9479912519454956,8.391674995422363
dcil,DCIL,satehaze1k_test_moderate_027,moderate,26.51972770690918,0.9451695084571838,6.839173316955566
dcil,DCIL,satehaze1k_test_moderate_028,moderate,23.964614868164062,0.9332408905029297,9.203240394592285
dcil,DCIL,satehaze1k_test_moderate_029,moderate,21.832977294921875,0.8976268768310547,11.751361846923828
dcil,DCIL,satehaze1k_test_moderate_030,moderate,25.10376739501953,0.9263046383857727,10.840594291687012
dcil,DCIL,satehaze1k_test_moderate_031,moderate,23.389251708984375,0.9233454465866089,10.2546968460083
dcil,DCIL,satehaze1k_test_moderate_032,moderate,27.72336196899414,0.9413880705833435,5.934292316436768
dcil,DCIL,satehaze1k_test_moderate_033,moderate,25.817489624023438,0.9431182742118835,7.803386688232422
dcil,DCIL,satehaze1k_test_moderate_034,moderate,23.71554183959961,0.9377378225326538,8.628768920898438
dcil,DCIL,satehaze1k_test_moderate_035,moderate,23.85390281677246,0.9465415477752686,8.147340774536133
dcil,DCIL,satehaze1k_test_moderate_036,moderate,24.918140411376953,0.9330917596817017,10.311400413513184
dcil,DCIL,satehaze1k_test_moderate_037,moderate,24.08951759338379,0.9382338523864746,9.894781112670898
dcil,DCIL,satehaze1k_test_moderate_038,moderate,26.384801864624023,0.9365680813789368,7.786101341247559
dcil,DCIL,satehaze1k_test_moderate_039,moderate,24.021442413330078,0.9392722845077515,8.462807655334473
dcil,DCIL,satehaze1k_test_moderate_040,moderate,23.73713493347168,0.9283485412597656,9.720191955566406
dcil,DCIL,satehaze1k_test_moderate_041,moderate,22.969942092895508,0.9117494225502014,11.342231750488281
dcil,DCIL,satehaze1k_test_moderate_042,moderate,25.46616554260254,0.9376010298728943,9.967662811279297
dcil,DCIL,satehaze1k_test_moderate_043,moderate,22.753135681152344,0.9073397517204285,9.753872871398926
dcil,DCIL,satehaze1k_test_moderate_044,moderate,25.488571166992188,0.9353384375572205,10.37398910522461
dcil,DCIL,satehaze1k_test_moderate_045,moderate,24.399002075195312,0.8981271386146545,12.489352226257324
dcil,DCIL,satehaze1k_test_thick_001,thick,20.924903869628906,0.8287295699119568,7.259158134460449
dcil,DCIL,satehaze1k_test_thick_002,thick,21.531139373779297,0.814801037311554,6.697615623474121
dcil,DCIL,satehaze1k_test_thick_003,thick,19.862071990966797,0.8196208477020264,8.417795181274414
dcil,DCIL,satehaze1k_test_thick_004,thick,20.726123809814453,0.8315163850784302,7.498632431030273
dcil,DCIL,satehaze1k_test_thick_005,thick,19.928050994873047,0.8364008069038391,8.20415210723877
dcil,DCIL,satehaze1k_test_thick_006,thick,20.030527114868164,0.8369284868240356,8.048964500427246
dcil,DCIL,satehaze1k_test_thick_007,thick,20.781326293945312,0.8226789236068726,7.27572774887085
dcil,DCIL,satehaze1k_test_thick_008,thick,20.71027374267578,0.8419463038444519,7.6535325050354
dcil,DCIL,satehaze1k_test_thick_009,thick,21.22983741760254,0.8213502764701843,7.135417461395264
dcil,DCIL,satehaze1k_test_thick_010,thick,21.40601348876953,0.803878128528595,6.828839302062988
dcil,DCIL,satehaze1k_test_thick_011,thick,21.229129791259766,0.838969886302948,7.195112228393555
dcil,DCIL,satehaze1k_test_thick_012,thick,20.818605422973633,0.8005204200744629,7.1062331199646
dcil,DCIL,satehaze1k_test_thick_013,thick,21.4735107421875,0.8495606780052185,6.911833763122559
dcil,DCIL,satehaze1k_test_thick_014,thick,19.666847229003906,0.7955603003501892,8.659524917602539
dcil,DCIL,satehaze1k_test_thick_015,thick,21.668956756591797,0.8150829076766968,6.613655090332031
dcil,DCIL,satehaze1k_test_thick_016,thick,20.761470794677734,0.8349593877792358,7.363384246826172
dcil,DCIL,satehaze1k_test_thick_017,thick,21.384382247924805,0.8432671427726746,6.906203746795654
dcil,DCIL,satehaze1k_test_thick_018,thick,19.5661563873291,0.844362735748291,8.483652114868164
dcil,DCIL,satehaze1k_test_thick_019,thick,20.761791229248047,0.8385011553764343,7.391735076904297
dcil,DCIL,satehaze1k_test_thick_020,thick,20.120275497436523,0.8300414681434631,7.878271102905273
dcil,DCIL,satehaze1k_test_thick_021,thick,19.542186737060547,0.8076155781745911,8.705135345458984
dcil,DCIL,satehaze1k_test_thick_022,thick,20.486658096313477,0.8390284180641174,7.6844892501831055
dcil,DCIL,satehaze1k_test_thick_023,thick,19.795700073242188,0.8506674766540527,8.269775390625
dcil,DCIL,satehaze1k_test_thick_024,thick,21.28707504272461,0.8019999265670776,6.876884460449219
dcil,DCIL,satehaze1k_test_thick_025,thick,19.984628677368164,0.8009299039840698,7.962341785430908
dcil,DCIL,satehaze1k_test_thick_026,thick,20.806659698486328,0.8120971322059631,7.36686897277832
dcil,DCIL,satehaze1k_test_thick_027,thick,20.97551727294922,0.8467448353767395,7.306840419769287
dcil,DCIL,satehaze1k_test_thick_028,thick,21.218379974365234,0.839911162853241,7.136655330657959
dcil,DCIL,satehaze1k_test_thick_029,thick,19.698692321777344,0.8404570817947388,8.34134578704834
dcil,DCIL,satehaze1k_test_thick_030,thick,21.56967544555664,0.8171839714050293,6.718909740447998
dcil,DCIL,satehaze1k_test_thick_031,thick,20.238826751708984,0.8184335827827454,7.641331195831299
dcil,DCIL,satehaze1k_test_thick_032,thick,19.530065536499023,0.7967434525489807,8.69573974609375
dcil,DCIL,satehaze1k_test_thick_033,thick,21.430452346801758,0.8242311477661133,6.851546287536621
dcil,DCIL,satehaze1k_test_thick_034,thick,21.54214096069336,0.8349639177322388,6.756466865539551
dcil,DCIL,satehaze1k_test_thick_035,thick,19.535009384155273,0.7946197986602783,8.430363655090332
dcil,DCIL,satehaze1k_test_thick_036,thick,21.209556579589844,0.8406534194946289,7.114333152770996
dcil,DCIL,satehaze1k_test_thick_037,thick,21.073272705078125,0.8480473160743713,7.189996719360352
dcil,DCIL,satehaze1k_test_thick_038,thick,21.004539489746094,0.8353010416030884,7.25933313369751
dcil,DCIL,satehaze1k_test_thick_039,thick,21.613811492919922,0.8354601860046387,6.735191345214844
dcil,DCIL,satehaze1k_test_thick_040,thick,21.36243438720703,0.8170288801193237,6.8962273597717285
dcil,DCIL,satehaze1k_test_thick_041,thick,20.74201774597168,0.810646116733551,7.518069744110107
dcil,DCIL,satehaze1k_test_thick_042,thick,21.03903579711914,0.8395361304283142,7.316614151000977
dcil,DCIL,satehaze1k_test_thick_043,thick,20.099123001098633,0.8429841995239258,8.001598358154297
dcil,DCIL,satehaze1k_test_thick_044,thick,20.69565200805664,0.8346492648124695,7.464414596557617
dcil,DCIL,satehaze1k_test_thick_045,thick,20.40260124206543,0.8480451703071594,7.682387351989746
dehazeformer,DehazeFormer,satehaze1k_test_thin_001,thin,21.563373565673828,0.9027485847473145,6.918501853942871
dehazeformer,DehazeFormer,satehaze1k_test_thin_002,thin,21.070232391357422,0.8937784433364868,7.381851673126221
dehazeformer,DehazeFormer,satehaze1k_test_thin_003,thin,20.082490921020508,0.8695983290672302,7.866596698760986
dehazeformer,DehazeFormer,satehaze1k_test_thin_004,thin,21.094789505004883,0.8836314678192139,6.878109455108643
dehazeformer,DehazeFormer,satehaze1k_test_thin_005,thin,19.235565185546875,0.852794349193573,7.9868998527526855
dehazeformer,DehazeFormer,satehaze1k_test_thin_006,thin,21.563018798828125,0.8927778005599976,6.331389427185059
dehazeformer,DehazeFormer,satehaze1k_test_thin_007,thin,21.827239990234375,0.8945580720901489,6.580910682678223
dehazeformer,DehazeFormer,satehaze1k_test_thin_008,thin,21.06198501586914,0.8927114605903625,7.31380033493042
dehazeformer,DehazeFormer,satehaze1k_test_thin_009,thin,19.45090103149414,0.8609905242919922,7.824417591094971
dehazeformer,DehazeFormer,satehaze1k_test_thin_010,thin,18.698226928710938,0.842743456363678,8.39745807647705
dehazeformer,DehazeFormer,satehaze1k_test_thin_011,thin,20.33424186706543,0.8727447986602783,7.627358913421631
dehazeformer,DehazeFormer,satehaze1k_test_thin_012,thin,19.89739990234375,0.8604567646980286,7.485467433929443
dehazeformer,DehazeFormer,satehaze1k_test_thin_013,thin,18.663524627685547,0.8443031311035156,8.38981819152832
dehazeformer,DehazeFormer,satehaze1k_test_thin_014,thin,20.849454879760742,0.8854872584342957,7.090427398681641
dehazeformer,DehazeFormer,satehaze1k_test_thin_015,thin,21.87026023864746,0.9062096476554871,6.771358966827393
dehazeformer,DehazeFormer,satehaze1k_test_thin_016,thin,21.102102279663086,0.8909075856208801,6.99957799911499
dehazeformer,DehazeFormer,satehaze1k_test_thin_017,thin,19.00164031982422,0.8632861375808716,9.279606819152832
dehazeformer,DehazeFormer,satehaze1k_test_thin_018,thin,21.456098556518555,0.878686785697937,6.595226287841797
dehazeformer,DehazeFormer,satehaze1k_test_thin_019,thin,20.300392150878906,0.8824738264083862,7.251226425170898
dehazeformer,DehazeFormer,satehaze1k_test_thin_020,thin,20.395000457763672,0.8726118803024292,7.253542900085449
dehazeformer,DehazeFormer,satehaze1k_test_thin_021,thin,21.309206008911133,0.8852413296699524,6.571377277374268
dehazeformer,DehazeFormer,satehaze1k_test_thin_022,thin,21.623958587646484,0.8966600298881531,6.27712869644165
dehazeformer,DehazeFormer,satehaze1k_test_thin_023,thin,20.066146850585938,0.8821879029273987,8.244635581970215
dehazeformer,DehazeFormer,satehaze1k_test_thin_024,thin,21.14453887939453,0.8854290843009949,6.708568096160889
dehazeformer,DehazeFormer,satehaze1k_test_thin_025,thin,19.228174209594727,0.8581668734550476,9.021998405456543
dehazeformer,DehazeFormer,satehaze1k_test_thin_026,thin,20.109052658081055,0.8776253461837769,7.687847137451172
dehazeformer,DehazeFormer,satehaze1k_test_thin_027,thin,20.751605987548828,0.8913970589637756,7.640289783477783
dehazeformer,DehazeFormer,satehaze1k_test_thin_028,thin,20.445011138916016,0.8669352531433105,7.156130313873291
dehazeformer,DehazeFormer,satehaze1k_test_thin_029,thin,20.759368896484375,0.8716899752616882,7.1224589347839355
dehazeformer,DehazeFormer,satehaze1k_test_thin_030,thin,21.27596092224121,0.8817945122718811,6.694620132446289
dehazeformer,DehazeFormer,satehaze1k_test_thin_031,thin,19.870506286621094,0.8625314235687256,7.732109069824219
dehazeformer,DehazeFormer,satehaze1k_test_thin_032,thin,21.781898498535156,0.9009368419647217,6.46389627456665
dehazeformer,DehazeFormer,satehaze1k_test_thin_033,thin,20.038921356201172,0.863255500793457,7.471835136413574
dehazeformer,DehazeFormer,satehaze1k_test_thin_034,thin,21.759029388427734,0.8893178701400757,6.5063395500183105
dehazeformer,DehazeFormer,satehaze1k_test_thin_035,thin,18.399545669555664,0.847420334815979,9.012085914611816
dehazeformer,DehazeFormer,satehaze1k_test_thin_036,thin,20.79410171508789,0.8792223334312439,7.258944511413574
dehazeformer,DehazeFormer,satehaze1k_test_thin_037,thin,19.007972717285156,0.8522062301635742,8.575203895568848
dehazeformer,DehazeFormer,satehaze1k_test_thin_038,thin,21.12950897216797,0.8973921537399292,6.848054885864258
dehazeformer,DehazeFormer,satehaze1k_test_thin_039,thin,19.364694595336914,0.853374183177948,8.109042167663574
dehazeformer,DehazeFormer,satehaze1k_test_thin_040,thin,21.896530151367188,0.8906543254852295,6.179581165313721
dehazeformer,DehazeFormer,satehaze1k_test_thin_041,thin,19.983272552490234,0.8757539391517639,7.752601623535156
dehazeformer,DehazeFormer,satehaze1k_test_thin_042,thin,21.574108123779297,0.8930537700653076,6.34707498550415
dehazeformer,DehazeFormer,satehaze1k_test_thin_043,thin,20.917755126953125,0.8923451900482178,7.100734710693359
dehazeformer,DehazeFormer,satehaze1k_test_thin_044,thin,21.78420639038086,0.9032406210899353,6.471170902252197
dehazeformer,DehazeFormer,satehaze1k_test_thin_045,thin,20.33868980407715,0.8714773058891296,7.662990570068359
dehazeformer,DehazeFormer,satehaze1k_test_moderate_001,moderate,25.71460723876953,0.9265626072883606,6.485232353210449
dehazeformer,DehazeFormer,satehaze1k_test_moderate_002,moderate,26.723899841308594,0.9373733401298523,7.590430736541748
dehazeformer,DehazeFormer,satehaze1k_test_moderate_003,moderate,26.134578704833984,0.9596099257469177,5.745591640472412
dehazeformer,DehazeFormer,satehaze1k_test_moderate_004,moderate,26.171228408813477,0.9419774413108826,6.797998428344727
dehazeformer,DehazeFormer,satehaze1k_test_moderate_005,moderate,23.698902130126953,0.9337975382804871,6.484865188598633
dehazeformer,DehazeFormer,satehaze1k_test_moderate_006,moderate,27.244691848754883,0.9535008072853088,6.653965473175049
dehazeformer,DehazeFormer,satehaze1k_test_moderate_007,moderate,26.636144638061523,0.953163743019104,5.770085334777832
dehazeformer,DehazeFormer,satehaze1k_test_moderate_008,moderate,26.637760162353516,0.9467291831970215,7.116570472717285
dehazeformer,DehazeFormer,satehaze1k_test_moderate_009,moderate,26.82166862487793,0.944423496723175,6.222830295562744
dehazeformer,DehazeFormer,satehaze1k_test_moderate_010,moderate,26.11150360107422,0.9554284811019897,5.548210620880127
dehazeformer,DehazeFormer,satehaze1k_test_moderate_011,moderate,23.237314224243164,0.9294588565826416,7.217314720153809
dehazeformer,DehazeFormer,satehaze1k_test_moderate_012,moderate,26.46104621887207,0.9615502953529358,5.127904415130615
dehazeformer,DehazeFormer,satehaze1k_test_moderate_013,moderate,27.294414520263672,0.9645353555679321,5.058089733123779
dehazeformer,DehazeFormer,satehaze1k_test_moderate_014,moderate,28.024320602416992,0.9539252519607544,5.071458339691162
dehazeformer,DehazeFormer,satehaze1k_test_moderate_015,moderate,25.914993286132812,0.9301159977912903,7.150711536407471
dehazeformer,DehazeFormer,satehaze1k_test_moderate_016,moderate,27.12516975402832,0.9476547837257385,5.83465051651001
dehazeformer,DehazeFormer,satehaze1k_test_moderate_017,moderate,28.435710906982422,0.9538071751594543,4.285213947296143
dehazeformer,DehazeFormer,satehaze1k_test_moderate_018,moderate,25.580326080322266,0.9392575025558472,7.926929950714111
dehazeformer,DehazeFormer,satehaze1k_test_moderate_019,moderate,25.636728286743164,0.9343145489692688,9.534762382507324
dehazeformer,DehazeFormer,satehaze1k_test_moderate_020,moderate,25.72537612915039,0.9196000695228577,8.136442184448242
dehazeformer,DehazeFormer,satehaze1k_test_moderate_021,moderate,25.239219665527344,0.9424189329147339,6.4639692306518555
dehazeformer,DehazeFormer,satehaze1k_test_moderate_022,moderate,26.182096481323242,0.9434115290641785,5.995471000671387
dehazeformer,DehazeFormer,satehaze1k_test_moderate_023,moderate,26.740503311157227,0.9487090110778809,6.710834503173828
dehazeformer,DehazeFormer,satehaze1k_test_moderate_024,moderate,25.88186264038086,0.9469504356384277,7.447655200958252
dehazeformer,DehazeFormer,satehaze1k_test_moderate_025,moderate,26.538314819335938,0.9447054266929626,6.80429744720459
dehazeformer,DehazeFormer,satehaze1k_test_moderate_026,moderate,26.950241088867188,0.9504922032356262,7.205947399139404
dehazeformer,DehazeFormer,satehaze1k_test_moderate_027,moderate,26.995162963867188,0.9441808462142944,6.448541164398193
dehazeformer,DehazeFormer,satehaze1k_test_moderate_028,moderate,25.448116302490234,0.9387499690055847,8.270051956176758
dehazeformer,DehazeFormer,satehaze1k_test_moderate_029,moderate,22.450942993164062,0.8890005946159363,10.453402519226074
dehazeformer,DehazeFormer,satehaze1k_test_moderate_030,moderate,25.03138542175293,0.9244763255119324,9.734146118164062
dehazeformer,DehazeFormer,satehaze1k_test_moderate_031,moderate,25.053943634033203,0.926783561706543,8.982418060302734
dehazeformer,DehazeFormer,satehaze1k_test_moderate_032,moderate,26.391647338867188,0.9373124241828918,6.151669502258301
dehazeformer,DehazeFormer,satehaze1k_test_moderate_033,moderate,26.764385223388672,0.9434153437614441,6.992880821228027
dehazeformer,DehazeFormer,satehaze1k_test_moderate_034,moderate,25.52403450012207,0.9475893974304199,7.487112998962402
dehazeformer,DehazeFormer,satehaze1k_test_moderate_035,moderate,27.1501522064209,0.959171712398529,6.388781547546387
dehazeformer,DehazeFormer,satehaze1k_test_moderate_036,moderate,25.956558227539062,0.9303769469261169,9.118078231811523
dehazeformer,DehazeFormer,satehaze1k_test_moderate_037,moderate,25.78798484802246,0.944719135761261,8.370139122009277
dehazeformer,DehazeFormer,satehaze1k_test_moderate_038,moderate,26.343563079833984,0.9342666864395142,7.25308895111084
dehazeformer,DehazeFormer,satehaze1k_test_moderate_039,moderate,27.228755950927734,0.9502202272415161,6.612624168395996
dehazeformer,DehazeFormer,satehaze1k_test_moderate_040,moderate,24.621768951416016,0.9302327632904053,9.031875610351562
dehazeformer,DehazeFormer,satehaze1k_test_moderate_041,moderate,23.903522491455078,0.9110105037689209,10.61089038848877
dehazeformer,DehazeFormer,satehaze1k_test_moderate_042,moderate,26.1813907623291,0.9373566508293152,8.853410720825195
dehazeformer,DehazeFormer,satehaze1k_test_moderate_043,moderate,21.820690155029297,0.899269700050354,8.788476943969727
dehazeformer,DehazeFormer,satehaze1k_test_moderate_044,moderate,25.39778709411621,0.9355290532112122,9.307602882385254
dehazeformer,DehazeFormer,satehaze1k_test_moderate_045,moderate,24.98954963684082,0.8921118378639221,10.59430980682373
dehazeformer,DehazeFormer,satehaze1k_test_thick_001,thick,21.716262817382812,0.8183698654174805,7.071911334991455
dehazeformer,DehazeFormer,satehaze1k_test_thick_002,thick,21.590927124023438,0.8022911548614502,6.999120712280273
dehazeformer,DehazeFormer,satehaze1k_test_thick_003,thick,21.655607223510742,0.8167815804481506,7.643400192260742
dehazeformer,DehazeFormer,satehaze1k_test_thick_004,thick,21.860963821411133,0.8271393775939941,6.962618827819824
dehazeformer,DehazeFormer,satehaze1k_test_thick_005,thick,22.26792335510254,0.8432073593139648,7.117056846618652
dehazeformer,DehazeFormer,satehaze1k_test_thick_006,thick,21.454998016357422,0.8441870808601379,7.500958442687988
dehazeformer,DehazeFormer,satehaze1k_test_thick_007,thick,20.542747497558594,0.8024555444717407,7.767498016357422
dehazeformer,DehazeFormer,satehaze1k_test_thick_008,thick,21.681106567382812,0.8372592926025391,7.450512886047363
dehazeformer,DehazeFormer,satehaze1k_test_thick_009,thick,21.724836349487305,0.8104795217514038,7.262242794036865
dehazeformer,DehazeFormer,satehaze1k_test_thick_010,thick,22.124248504638672,0.7943077683448792,6.620055675506592
dehazeformer,DehazeFormer,satehaze1k_test_thick_011,thick,21.612506866455078,0.8281974196434021,7.189262390136719
dehazeformer,DehazeFormer,satehaze1k_test_thick_012,thick,20.866085052490234,0.7848549485206604,7.416197776794434
dehazeformer,DehazeFormer,satehaze1k_test_thick_013,thick,22.312484741210938,0.8392078876495361,6.645630359649658
dehazeformer,DehazeFormer,satehaze1k_test_thick_014,thick,20.495512008666992,0.7863442301750183,8.571998596191406
dehazeformer,DehazeFormer,satehaze1k_test_thick_015,thick,21.64996910095215,0.8008238673210144,6.97562313079834
dehazeformer,DehazeFormer,satehaze1k_test_thick_016,thick,21.482711791992188,0.8255224227905273,7.187003135681152
dehazeformer,DehazeFormer,satehaze1k_test_thick_017,thick,21.803539276123047,0.8325133919715881,6.9616875648498535
dehazeformer,DehazeFormer,satehaze1k_test_thick_018,thick,22.034870147705078,0.8564251661300659,7.314593315124512
dehazeformer,DehazeFormer,satehaze1k_test_thick_019,thick,21.14801597595215,0.824425220489502,7.493457794189453
dehazeformer,DehazeFormer,satehaze1k_test_thick_020,thick,21.03791046142578,0.8291394710540771,7.663539409637451
dehazeformer,DehazeFormer,satehaze1k_test_thick_021,thick,20.839841842651367,0.8072120547294617,8.282254219055176
dehazeformer,DehazeFormer,satehaze1k_test_thick_022,thick,21.66942596435547,0.834789514541626,7.3176069259643555
dehazeformer,DehazeFormer,satehaze1k_test_thick_023,thick,21.817279815673828,0.8596943020820618,7.387312889099121
dehazeformer,DehazeFormer,satehaze1k_test_thick_024,thick,21.40685272216797,0.7913210391998291,7.096487522125244
dehazeformer,DehazeFormer,satehaze1k_test_thick_025,thick,20.576175689697266,0.7898555397987366,7.909590244293213
dehazeformer,DehazeFormer,satehaze1k_test_thick_026,thick,21.600444793701172,0.799622118473053,7.16843318939209
dehazeformer,DehazeFormer,satehaze1k_test_thick_027,thick,21.834243774414062,0.8368300795555115,6.893407344818115
dehazeformer,DehazeFormer,satehaze1k_test_thick_028,thick,21.679946899414062,0.8267433047294617,7.139266014099121
dehazeformer,DehazeFormer,satehaze1k_test_thick_029,thick,21.772361755371094,0.850774884223938,7.369011878967285
dehazeformer,DehazeFormer,satehaze1k_test_thick_030,thick,21.080955505371094,0.7976327538490295,7.301023483276367
dehazeformer,DehazeFormer,satehaze1k_test_thick_031,thick,20.6215763092041,0.8044045567512512,7.668367862701416
dehazeformer,DehazeFormer,satehaze1k_test_thick_032,thick,20.561010360717773,0.7957854866981506,8.419276237487793
dehazeformer,DehazeFormer,satehaze1k_test_thick_033,thick,21.291366577148438,0.8075393438339233,7.125335693359375
dehazeformer,DehazeFormer,satehaze1k_test_thick_034,thick,21.70658302307129,0.8192927837371826,6.927534103393555
dehazeformer,DehazeFormer,satehaze1k_test_thick_035,thick,20.645315170288086,0.7928364276885986,8.099080085754395
dehazeformer,DehazeFormer,satehaze1k_test_thick_036,thick,21.69424057006836,0.8311051726341248,7.08256196975708
dehazeformer,DehazeFormer,satehaze1k_test_thick_037,thick,22.46347427368164,0.842366099357605,6.551234722137451
dehazeformer,DehazeFormer,satehaze1k_test_thick_038,thick,21.910545349121094,0.8282967209815979,6.942508220672607
dehazeformer,DehazeFormer,satehaze1k_test_thick_039,thick,21.617136001586914,0.8190484046936035,6.946380615234375
dehazeformer,DehazeFormer,satehaze1k_test_thick_040,thick,21.7702579498291,0.8036923408508301,6.859375953674316
dehazeformer,DehazeFormer,satehaze1k_test_thick_041,thick,21.43205451965332,0.8022253513336182,7.534210681915283
dehazeformer,DehazeFormer,satehaze1k_test_thick_042,thick,20.962940216064453,0.8219549059867859,7.6222453117370605
dehazeformer,DehazeFormer,satehaze1k_test_thick_043,thick,22.321308135986328,0.8468974232673645,7.006772041320801
dehazeformer,DehazeFormer,satehaze1k_test_thick_044,thick,21.875537872314453,0.8292511105537415,6.936795234680176
dehazeformer,DehazeFormer,satehaze1k_test_thick_045,thick,21.87340545654297,0.8526909947395325,7.210072994232178
psmbnet,PSMB-Net,satehaze1k_test_thin_001,thin,24.738027572631836,0.9210386276245117,6.5117106437683105
psmbnet,PSMB-Net,satehaze1k_test_thin_002,thin,24.907045364379883,0.9162864089012146,6.515685081481934
psmbnet,PSMB-Net,satehaze1k_test_thin_003,thin,22.76981544494629,0.892727255821228,6.288209915161133
psmbnet,PSMB-Net,satehaze1k_test_thin_004,thin,23.389419555664062,0.8993485569953918,6.472969055175781
psmbnet,PSMB-Net,satehaze1k_test_thin_005,thin,22.515705108642578,0.88761305809021,6.440948486328125
psmbnet,PSMB-Net,satehaze1k_test_thin_006,thin,23.218170166015625,0.9037176966667175,6.391413688659668
psmbnet,PSMB-Net,satehaze1k_test_thin_007,thin,24.548341751098633,0.9110214114189148,5.724077224731445
psmbnet,PSMB-Net,satehaze1k_test_thin_008,thin,24.34282112121582,0.9135223031044006,6.216350555419922
psmbnet,PSMB-Net,satehaze1k_test_thin_009,thin,22.21027374267578,0.890829861164093,6.588443756103516
psmbnet,PSMB-Net,satehaze1k_test_thin_010,thin,22.129920959472656,0.8794965147972107,6.681316375732422
psmbnet,PSMB-Net,satehaze1k_test_thin_011,thin,22.65150260925293,0.8937988877296448,6.326815128326416
psmbnet,PSMB-Net,satehaze1k_test_thin_012,thin,22.690521240234375,0.8885314464569092,6.310845375061035
psmbnet,PSMB-Net,satehaze1k_test_thin_013,thin,22.322446823120117,0.8830339312553406,6.576719284057617
psmbnet,PSMB-Net,satehaze1k_test_thin_014,thin,23.608362197875977,0.9061788320541382,5.728518962860107
psmbnet,PSMB-Net,satehaze1k_test_thin_015,thin,24.885955810546875,0.9228383898735046,6.4635210037231445
psmbnet,PSMB-Net,satehaze1k_test_thin_016,thin,23.288623809814453,0.9074937105178833,5.899613380432129
psmbnet,PSMB-Net,satehaze1k_test_thin_017,thin,24.009990692138672,0.9039971232414246,6.292901992797852
psmbnet,PSMB-Net,satehaze1k_test_thin_018,thin,23.802692413330078,0.8971945643424988,5.819080352783203
psmbnet,PSMB-Net,satehaze1k_test_thin_019,thin,22.265928268432617,0.9011749029159546,6.485831260681152
psmbnet,PSMB-Net,satehaze1k_test_thin_020,thin,23.321266174316406,0.8971802592277527,6.59718132019043
psmbnet,PSMB-Net,satehaze1k_test_thin_021,thin,24.305532455444336,0.9039703011512756,6.01739501953125
psmbnet,PSMB-Net,satehaze1k_test_thin_022,thin,22.751174926757812,0.9045431017875671,6.55398416519165
psmbnet,PSMB-Net,satehaze1k_test_thin_023,thin,24.596534729003906,0.9126285314559937,6.487936496734619
psmbnet,PSMB-Net,satehaze1k_test_thin_024,thin,23.81247329711914,0.902379035949707,6.240366458892822
psmbnet,PSMB-Net,satehaze1k_test_thin_025,thin,24.527664184570312,0.9010297656059265,6.144181728363037
psmbnet,PSMB-Net,satehaze1k_test_thin_026,thin,23.473186492919922,0.9030324816703796,5.794395923614502
psmbnet,PSMB-Net,satehaze1k_test_thin_027,thin,24.964942932128906,0.9164541959762573,6.463040828704834
psmbnet,PSMB-Net,satehaze1k_test_thin_028,thin,24.080005645751953,0.8931713104248047,6.067480087280273
psmbnet,PSMB-Net,satehaze1k_test_thin_029,thin,22.535301208496094,0.8894306421279907,6.628714561462402
psmbnet,PSMB-Net,satehaze1k_test_thin_030,thin,23.5086612701416,0.8973040580749512,6.33729362487793
psmbnet,PSMB-Net,satehaze1k_test_thin_031,thin,23.31524658203125,0.8910861611366272,5.976715087890625
psmbnet,PSMB-Net,satehaze1k_test_thin_032,thin,24.19684410095215,0.9147288799285889,5.5075483322143555
psmbnet,PSMB-Net,satehaze1k_test_thin_033,thin,23.664762496948242,0.8934846520423889,6.004478454589844
psmbnet,PSMB-Net,satehaze1k_test_thin_034,thin,23.975276947021484,0.9034773111343384,5.935263633728027
psmbnet,PSMB-Net,satehaze1k_test_thin_035,thin,22.287397384643555,0.889848530292511,6.436269283294678
psmbnet,PSMB-Net,satehaze1k_test_thin_036,thin,23.021522521972656,0.8989309072494507,6.091662883758545
psmbnet,PSMB-Net,satehaze1k_test_thin_037,thin,21.39052391052246,0.8766646385192871,7.109364032745361
psmbnet,PSMB-Net,satehaze1k_test_thin_038,thin,23.481674194335938,0.912510097026825,5.835677623748779
psmbnet,PSMB-Net,satehaze1k_test_thin_039,thin,23.3436279296875,0.8877264857292175,6.376443386077881
psmbnet,PSMB-Net,satehaze1k_test_thin_040,thin,22.968021392822266,0.9010962843894958,6.665348529815674
psmbnet,PSMB-Net,satehaze1k_test_thin_041,thin,23.246631622314453,0.9013843536376953,5.86082649230957
psmbnet,PSMB-Net,satehaze1k_test_thin_042,thin,23.079347610473633,0.9039434790611267,6.528036594390869
psmbnet,PSMB-Net,satehaze1k_test_thin_043,thin,23.14180564880371,0.9082728624343872,6.013185501098633
psmbnet,PSMB-Net,satehaze1k_test_thin_044,thin,23.515756607055664,0.9134136438369751,5.852350234985352
psmbnet,PSMB-Net,satehaze1k_test_thin_045,thin,22.740747451782227,0.8923701643943787,6.275125026702881
psmbnet,PSMB-Net,satehaze1k_test_moderate_001,moderate,27.338329315185547,0.933632493019104,5.2988715171813965
psmbnet,PSMB-Net,satehaze1k_test_moderate_002,moderate,28.113006591796875,0.9394162893295288,4.224013328552246
psmbnet,PSMB-Net,satehaze1k_test_moderate_003,moderate,28.17401123046875,0.9562773704528809,3.993715763092041
psmbnet,PSMB-Net,satehaze1k_test_moderate_004,moderate,27.30238151550293,0.9426497220993042,5.070069313049316
psmbnet,PSMB-Net,satehaze1k_test_moderate_005,moderate,26.9383544921875,0.9410204291343689,5.1193766593933105
psmbnet,PSMB-Net,satehaze1k_test_moderate_006,moderate,28.39472770690918,0.9530953168869019,3.8344364166259766
psmbnet,PSMB-Net,satehaze1k_test_moderate_007,moderate,28.50400161743164,0.9533380270004272,4.61904764175415
psmbnet,PSMB-Net,satehaze1k_test_moderate_008,moderate,27.800025939941406,0.9465883374214172,3.872676372528076
psmbnet,PSMB-Net,satehaze1k_test_moderate_009,moderate,25.83552360534668,0.9444503784179688,5.134332656860352
psmbnet,PSMB-Net,satehaze1k_test_moderate_010,moderate,27.896671295166016,0.9567141532897949,4.567850589752197
psmbnet,PSMB-Net,satehaze1k_test_moderate_011,moderate,25.53352165222168,0.931404173374176,4.999271392822266
psmbnet,PSMB-Net,satehaze1k_test_moderate_012,moderate,29.269550323486328,0.9636908769607544,4.038509845733643
psmbnet,PSMB-Net,satehaze1k_test_moderate_013,moderate,28.955774307250977,0.963494598865509,4.149287223815918
psmbnet,PSMB-Net,satehaze1k_test_moderate_014,moderate,28.11184310913086,0.9528594017028809,4.4476728439331055
psmbnet,PSMB-Net,satehaze1k_test_moderate_015,moderate,27.960792541503906,0.9334739446640015,4.497212886810303
psmbnet,PSMB-Net,satehaze1k_test_moderate_016,moderate,27.7517032623291,0.9457477927207947,4.493032932281494
psmbnet,PSMB-Net,satehaze1k_test_moderate_017,moderate,28.687278747558594,0.953382670879364,4.0616936683654785
psmbnet,PSMB-Net,satehaze1k_test_moderate_018,moderate,26.266433715820312,0.9408377408981323,4.387992858886719
psmbnet,PSMB-Net,satehaze1k_test_moderate_019,moderate,27.4309139251709,0.9405512809753418,4.454270362854004
psmbnet,PSMB-Net,satehaze1k_test_moderate_020,moderate,27.409961700439453,0.9230110049247742,4.527487277984619
psmbnet,PSMB-Net,satehaze1k_test_moderate_021,moderate,24.992019653320312,0.9421511292457581,5.405230522155762
psmbnet,PSMB-Net,satehaze1k_test_moderate_022,moderate,27.452783584594727,0.9442899227142334,4.621614933013916
psmbnet,PSMB-Net,satehaze1k_test_moderate_023,moderate,28.338058471679688,0.9480473399162292,4.456537246704102
psmbnet,PSMB-Net,satehaze1k_test_moderate_024,moderate,28.104595184326172,0.946159839630127,4.457102298736572
psmbnet,PSMB-Net,satehaze1k_test_moderate_025,moderate,27.33351707458496,0.9439635872840881,4.026199817657471
psmbnet,PSMB-Net,satehaze1k_test_moderate_026,moderate,27.932310104370117,0.9513580799102783,4.173974514007568
psmbnet,PSMB-Net,satehaze1k_test_moderate_027,moderate,28.52114486694336,0.9444664716720581,4.370807647705078
psmbnet,PSMB-Net,satehaze1k_test_moderate_028,moderate,27.32027816772461,0.9402400255203247,4.484109401702881
psmbnet,PSMB-Net,satehaze1k_test_moderate_029,moderate,24.20986557006836,0.9042797088623047,5.451632976531982
psmbnet,PSMB-Net,satehaze1k_test_moderate_030,moderate,26.36907958984375,0.928565263748169,4.963805675506592
psmbnet,PSMB-Net,satehaze1k_test_moderate_031,moderate,25.766565322875977,0.9298945665359497,4.728593826293945
psmbnet,PSMB-Net,satehaze1k_test_moderate_032,moderate,28.088909149169922,0.9406141042709351,4.258800029754639
psmbnet,PSMB-Net,satehaze1k_test_moderate_033,moderate,28.275300979614258,0.9448379278182983,4.46497106552124
psmbnet,PSMB-Net,satehaze1k_test_moderate_034,moderate,26.851770401000977,0.946624219417572,4.360767841339111
psmbnet,PSMB-Net,satehaze1k_test_moderate_035,moderate,27.171096801757812,0.9539011120796204,4.160598278045654
psmbnet,PSMB-Net,satehaze1k_test_moderate_036,moderate,27.152376174926758,0.9369030594825745,4.557938575744629
psmbnet,PSMB-Net,satehaze1k_test_moderate_037,moderate,26.681203842163086,0.9448097944259644,4.296369552612305
psmbnet,PSMB-Net,satehaze1k_test_moderate_038,moderate,27.919803619384766,0.9372005462646484,4.323025226593018
psmbnet,PSMB-Net,satehaze1k_test_moderate_039,moderate,27.488079071044922,0.9490486979484558,3.987100124359131
psmbnet,PSMB-Net,satehaze1k_test_moderate_040,moderate,27.286060333251953,0.9373955130577087,4.548389911651611
psmbnet,PSMB-Net,satehaze1k_test_moderate_041,moderate,25.543560028076172,0.9196786880493164,5.758199691772461
psmbnet,PSMB-Net,satehaze1k_test_moderate_042,moderate,27.607343673706055,0.9421175122261047,4.383859157562256
psmbnet,PSMB-Net,satehaze1k_test_moderate_043,moderate,23.96286964416504,0.9062396883964539,5.110402584075928
psmbnet,PSMB-Net,satehaze1k_test_moderate_044,moderate,27.677806854248047,0.939983069896698,4.541507720947266
psmbnet,PSMB-Net,satehaze1k_test_moderate_045,moderate,26.92724609375,0.904401421546936,4.660245418548584
psmbnet,PSMB-Net,satehaze1k_test_thick_001,thick,21.055320739746094,0.8170178532600403,7.7856340408325195
psmbnet,PSMB-Net,satehaze1k_test_thick_002,thick,22.3526611328125,0.811065673828125,7.737482070922852
psmbnet,PSMB-Net,satehaze1k_test_thick_003,thick,21.460676193237305,0.8221534490585327,8.505304336547852
psmbnet,PSMB-Net,satehaze1k_test_thick_004,thick,22.05963897705078,0.8283239006996155,7.289872646331787
psmbnet,PSMB-Net,satehaze1k_test_thick_005,thick,22.435443878173828,0.84830641746521,7.912038326263428
psmbnet,PSMB-Net,satehaze1k_test_thick_006,thick,21.45443344116211,0.8399800658226013,8.443138122558594
psmbnet,PSMB-Net,satehaze1k_test_thick_007,thick,20.575544357299805,0.8107755184173584,8.000269889831543
psmbnet,PSMB-Net,satehaze1k_test_thick_008,thick,21.63888168334961,0.836647093296051,8.185787200927734
psmbnet,PSMB-Net,satehaze1k_test_thick_009,thick,21.858028411865234,0.8156107068061829,7.99918794631958
psmbnet,PSMB-Net,satehaze1k_test_thick_010,thick,22.555530548095703,0.8030548691749573,8.042913436889648
psmbnet,PSMB-Net,satehaze1k_test_thick_011,thick,21.44055938720703,0.8277069330215454,7.659229278564453
psmbnet,PSMB-Net,satehaze1k_test_thick_012,thick,21.834430694580078,0.7909615635871887,8.009383201599121
psmbnet,PSMB-Net,satehaze1k_test_thick_013,thick,22.305910110473633,0.8422328233718872,7.198141098022461
psmbnet,PSMB-Net,satehaze1k_test_thick_014,thick,20.623306274414062,0.7923097014427185,9.153000831604004
psmbnet,PSMB-Net,satehaze1k_test_thick_015,thick,22.42021942138672,0.808147132396698,7.722209930419922
psmbnet,PSMB-Net,satehaze1k_test_thick_016,thick,21.467830657958984,0.8274496793746948,7.454134464263916
psmbnet,PSMB-Net,satehaze1k_test_thick_017,thick,22.02524185180664,0.8355085849761963,7.192014694213867
psmbnet,PSMB-Net,satehaze1k_test_thick_018,thick,22.214111328125,0.8594029545783997,8.195771217346191
psmbnet,PSMB-Net,satehaze1k_test_thick_019,thick,21.035011291503906,0.824993371963501,7.875673770904541
psmbnet,PSMB-Net,satehaze1k_test_thick_020,thick,20.981159210205078,0.8250823020935059,8.53675651550293
psmbnet,PSMB-Net,satehaze1k_test_thick_021,thick,20.508298873901367,0.8054060339927673,9.259178161621094
psmbnet,PSMB-Net,satehaze1k_test_thick_022,thick,21.67405891418457,0.8337460160255432,7.9422783851623535
psmbnet,PSMB-Net,satehaze1k_test_thick_023,thick,22.051877975463867,0.8608559370040894,8.143447875976562
psmbnet,PSMB-Net,satehaze1k_test_thick_024,thick,22.11503028869629,0.799904465675354,8.355481147766113
psmbnet,PSMB-Net,satehaze1k_test_thick_025,thick,20.58993911743164,0.7943462133407593,8.281468391418457
psmbnet,PSMB-Net,satehaze1k_test_thick_026,thick,20.760971069335938,0.7991503477096558,7.994821548461914
psmbnet,PSMB-Net,satehaze1k_test_thick_027,thick,22.03894805908203,0.840049684047699,7.37183952331543
psmbnet,PSMB-Net,satehaze1k_test_thick_028,thick,21.632402420043945,0.8277704119682312,7.494903564453125
psmbnet,PSMB-Net,satehaze1k_test_thick_029,thick,21.634614944458008,0.8494789004325867,8.380599975585938
psmbnet,PSMB-Net,satehaze1k_test_thick_030,thick,22.542713165283203,0.8103158473968506,7.4536333084106445
psmbnet,PSMB-Net,satehaze1k_test_thick_031,thick,20.407920837402344,0.8101159334182739,8.096325874328613
psmbnet,PSMB-Net,satehaze1k_test_thick_032,thick,20.524215698242188,0.7949975728988647,9.069796562194824
psmbnet,PSMB-Net,satehaze1k_test_thick_033,thick,22.724700927734375,0.8202893733978271,7.3339691162109375
psmbnet,PSMB-Net,satehaze1k_test_thick_034,thick,21.73788833618164,0.8234533667564392,7.526218891143799
psmbnet,PSMB-Net,satehaze1k_test_thick_035,thick,20.41887092590332,0.7897663712501526,8.668292045593262
psmbnet,PSMB-Net,satehaze1k_test_thick_036,thick,21.84088706970215,0.8333763480186462,7.31067419052124
psmbnet,PSMB-Net,satehaze1k_test_thick_037,thick,22.19181251525879,0.8428949117660522,7.279683589935303
psmbnet,PSMB-Net,satehaze1k_test_thick_038,thick,21.740800857543945,0.8298543691635132,7.395622730255127
psmbnet,PSMB-Net,satehaze1k_test_thick_039,thick,22.71862030029297,0.8284150958061218,7.212204933166504
psmbnet,PSMB-Net,satehaze1k_test_thick_040,thick,22.441608428955078,0.8117853403091431,7.658799171447754
psmbnet,PSMB-Net,satehaze1k_test_thick_041,thick,21.289052963256836,0.7988826632499695,8.283137321472168
psmbnet,PSMB-Net,satehaze1k_test_thick_042,thick,21.39019012451172,0.8253017067909241,7.803490161895752
psmbnet,PSMB-Net,satehaze1k_test_thick_043,thick,22.384998321533203,0.8490020632743835,7.777851104736328
psmbnet,PSMB-Net,satehaze1k_test_thick_044,thick,21.805221557617188,0.8310309648513794,7.347812175750732
psmbnet,PSMB-Net,satehaze1k_test_thick_045,thick,21.67039680480957,0.8492334485054016,8.113548278808594
trinitynet,Trinity-Net,satehaze1k_test_thin_001,thin,18.151365280151367,0.6146094799041748,9.311083793640137
trinitynet,Trinity-Net,satehaze1k_test_thin_002,thin,18.02975082397461,0.6310255527496338,9.625876426696777
trinitynet,Trinity-Net,satehaze1k_test_thin_003,thin,17.684547424316406,0.5826559662818909,9.53223991394043
trinitynet,Trinity-Net,satehaze1k_test_thin_004,thin,19.02932357788086,0.5953265428543091,8.024056434631348
trinitynet,Trinity-Net,satehaze1k_test_thin_005,thin,17.756803512573242,0.6017123460769653,9.078694343566895
trinitynet,Trinity-Net,satehaze1k_test_thin_006,thin,19.45875358581543,0.604781448841095,7.486817359924316
trinitynet,Trinity-Net,satehaze1k_test_thin_007,thin,19.016477584838867,0.6288730502128601,8.182494163513184
trinitynet,Trinity-Net,satehaze1k_test_thin_008,thin,18.37968635559082,0.6219545602798462,9.072590827941895
trinitynet,Trinity-Net,satehaze1k_test_thin_009,thin,17.891450881958008,0.6093583106994629,9.02490520477295
trinitynet,Trinity-Net,satehaze1k_test_thin_010,thin,17.644224166870117,0.5867279767990112,9.162497520446777
trinitynet,Trinity-Net,satehaze1k_test_thin_011,thin,17.950782775878906,0.5917150974273682,9.162083625793457
trinitynet,Trinity-Net,satehaze1k_test_thin_012,thin,18.804346084594727,0.6177487373352051,8.09665298461914
trinitynet,Trinity-Net,satehaze1k_test_thin_013,thin,17.861845016479492,0.5943410992622375,8.961493492126465
trinitynet,Trinity-Net,satehaze1k_test_thin_014,thin,18.472543716430664,0.639781653881073,8.606209754943848
trinitynet,Trinity-Net,satehaze1k_test_thin_015,thin,18.11740493774414,0.6142736673355103,9.310465812683105
trinitynet,Trinity-Net,satehaze1k_test_thin_016,thin,18.154434204101562,0.6468278765678406,8.974166870117188
trinitynet,Trinity-Net,satehaze1k_test_thin_017,thin,17.701385498046875,0.6086990833282471,10.161458015441895
trinitynet,Trinity-Net,satehaze1k_test_thin_018,thin,19.508853912353516,0.615826427936554,7.552370548248291
trinitynet,Trinity-Net,satehaze1k_test_thin_019,thin,17.83104133605957,0.6442608833312988,9.103405952453613
trinitynet,Trinity-Net,satehaze1k_test_thin_020,thin,19.79242515563965,0.6326532363891602,7.324060440063477
trinitynet,Trinity-Net,satehaze1k_test_thin_021,thin,19.493059158325195,0.6001684069633484,7.465885162353516
trinitynet,Trinity-Net,satehaze1k_test_thin_022,thin,19.33059310913086,0.6079757809638977,7.605432510375977
trinitynet,Trinity-Net,satehaze1k_test_thin_023,thin,17.825878143310547,0.6384794116020203,9.953065872192383
trinitynet,Trinity-Net,satehaze1k_test_thin_024,thin,19.034530639648438,0.5926985740661621,7.934083461761475
trinitynet,Trinity-Net,satehaze1k_test_thin_025,thin,17.786575317382812,0.6120311617851257,10.115669250488281
trinitynet,Trinity-Net,satehaze1k_test_thin_026,thin,18.063980102539062,0.6218752264976501,9.089449882507324
trinitynet,Trinity-Net,satehaze1k_test_thin_027,thin,18.122121810913086,0.6301773190498352,9.526719093322754
trinitynet,Trinity-Net,satehaze1k_test_thin_028,thin,19.88765525817871,0.614106297492981,7.209117889404297
trinitynet,Trinity-Net,satehaze1k_test_thin_029,thin,19.470741271972656,0.6218259334564209,7.617988109588623
trinitynet,Trinity-Net,satehaze1k_test_thin_030,thin,19.461883544921875,0.596818208694458,7.595996379852295
trinitynet,Trinity-Net,satehaze1k_test_thin_031,thin,18.87645149230957,0.6261168122291565,8.166377067565918
trinitynet,Trinity-Net,satehaze1k_test_thin_032,thin,18.60652732849121,0.6389236450195312,8.347900390625
trinitynet,Trinity-Net,satehaze1k_test_thin_033,thin,19.133934020996094,0.6131272315979004,7.847018241882324
trinitynet,Trinity-Net,satehaze1k_test_thin_034,thin,19.349567413330078,0.621631383895874,7.799144268035889
trinitynet,Trinity-Net,satehaze1k_test_thin_035,thin,17.07721519470215,0.5983190536499023,10.18002986907959
trinitynet,Trinity-Net,satehaze1k_test_thin_036,thin,18.522661209106445,0.6166889667510986,8.558602333068848
trinitynet,Trinity-Net,satehaze1k_test_thin_037,thin,17.71883201599121,0.5808872580528259,9.567520141601562
trinitynet,Trinity-Net,satehaze1k_test_thin_038,thin,18.317014694213867,0.6590038537979126,8.685624122619629
trinitynet,Trinity-Net,satehaze1k_test_thin_039,thin,19.619253158569336,0.6173303723335266,7.482604503631592
trinitynet,Trinity-Net,satehaze1k_test_thin_040,thin,19.951574325561523,0.6339797377586365,7.084285736083984
trinitynet,Trinity-Net,satehaze1k_test_thin_041,thin,18.04049301147461,0.6202982068061829,9.086987495422363
trinitynet,Trinity-Net,satehaze1k_test_thin_042,thin,19.786941528320312,0.6197509169578552,7.21630334854126
trinitynet,Trinity-Net,satehaze1k_test_thin_043,thin,18.15483856201172,0.6505208611488342,8.895278930664062
trinitynet,Trinity-Net,satehaze1k_test_thin_044,thin,18.358642578125,0.6536546349525452,8.592174530029297
trinitynet,Trinity-Net,satehaze1k_test_thin_045,thin,17.557947158813477,0.582475483417511,9.685017585754395
trinitynet,Trinity-Net,satehaze1k_test_moderate_001,moderate,19.95185661315918,0.5349875688552856,8.732330322265625
trinitynet,Trinity-Net,satehaze1k_test_moderate_002,moderate,21.390531539916992,0.5845018625259399,8.29560661315918
trinitynet,Trinity-Net,satehaze1k_test_moderate_003,moderate,20.604320526123047,0.6449922919273376,7.794606685638428
trinitynet,Trinity-Net,satehaze1k_test_moderate_004,moderate,21.012861251831055,0.6276125907897949,8.186454772949219
trinitynet,Trinity-Net,satehaze1k_test_moderate_005,moderate,19.763643264770508,0.6192852258682251,8.523726463317871
trinitynet,Trinity-Net,satehaze1k_test_moderate_006,moderate,21.036048889160156,0.6134981513023376,7.962962627410889
trinitynet,Trinity-Net,satehaze1k_test_moderate_007,moderate,21.304452896118164,0.6388200521469116,7.448345184326172
trinitynet,Trinity-Net,satehaze1k_test_moderate_008,moderate,20.746562957763672,0.5990897417068481,8.207867622375488
trinitynet,Trinity-Net,satehaze1k_test_moderate_009,moderate,21.283992767333984,0.6268916130065918,7.678466320037842
trinitynet,Trinity-Net,satehaze1k_test_moderate_010,moderate,20.462421417236328,0.6413871645927429,7.873485565185547
trinitynet,Trinity-Net,satehaze1k_test_moderate_011,moderate,19.874818801879883,0.6222696304321289,8.37952709197998
trinitynet,Trinity-Net,satehaze1k_test_moderate_012,moderate,20.747268676757812,0.6409620642662048,7.448696136474609
trinitynet,Trinity-Net,satehaze1k_test_moderate_013,moderate,20.50353240966797,0.6164734959602356,7.491107940673828
trinitynet,Trinity-Net,satehaze1k_test_moderate_014,moderate,21.712310791015625,0.5987576246261597,6.9970173835754395
trinitynet,Trinity-Net,satehaze1k_test_moderate_015,moderate,21.81730079650879,0.5593605637550354,7.699094772338867
trinitynet,Trinity-Net,satehaze1k_test_moderate_016,moderate,20.80766487121582,0.5985247492790222,7.659535884857178
trinitynet,Trinity-Net,satehaze1k_test_moderate_017,moderate,21.58026695251465,0.5963935852050781,6.87620735168457
trinitynet,Trinity-Net,satehaze1k_test_moderate_018,moderate,20.161422729492188,0.6025815606117249,8.770339965820312
trinitynet,Trinity-Net,satehaze1k_test_moderate_019,moderate,19.776111602783203,0.5510679483413696,9.471063613891602
trinitynet,Trinity-Net,satehaze1k_test_moderate_020,moderate,20.820539474487305,0.5416110157966614,8.587091445922852
trinitynet,Trinity-Net,satehaze1k_test_moderate_021,moderate,20.390235900878906,0.6179952025413513,8.061094284057617
trinitynet,Trinity-Net,satehaze1k_test_moderate_022,moderate,20.616573333740234,0.604587972164154,7.69188117980957
trinitynet,Trinity-Net,satehaze1k_test_moderate_023,moderate,21.447120666503906,0.5863503217697144,7.759302139282227
trinitynet,Trinity-Net,satehaze1k_test_moderate_024,moderate,20.994873046875,0.6281851530075073,8.526549339294434
trinitynet,Trinity-Net,satehaze1k_test_moderate_025,moderate,19.99738311767578,0.624140739440918,8.793416976928711
trinitynet,Trinity-Net,satehaze1k_test_moderate_026,moderate,20.723630905151367,0.5895750522613525,8.30851936340332
trinitynet,Trinity-Net,satehaze1k_test_moderate_027,moderate,20.108829498291016,0.5944206118583679,8.347458839416504
trinitynet,Trinity-Net,satehaze1k_test_moderate_028,moderate,20.673301696777344,0.6150020360946655,8.734325408935547
trinitynet,Trinity-Net,satehaze1k_test_moderate_029,moderate,17.142656326293945,0.5023049116134644,11.366554260253906
trinitynet,Trinity-Net,satehaze1k_test_moderate_030,moderate,20.333349227905273,0.538686990737915,9.441789627075195
trinitynet,Trinity-Net,satehaze1k_test_moderate_031,moderate,20.252437591552734,0.5880467891693115,9.233243942260742
trinitynet,Trinity-Net,satehaze1k_test_moderate_032,moderate,21.81619644165039,0.5753979682922363,7.314496040344238
trinitynet,Trinity-Net,satehaze1k_test_moderate_033,moderate,21.102558135986328,0.5934173464775085,7.93318510055542
trinitynet,Trinity-Net,satehaze1k_test_moderate_034,moderate,20.347318649291992,0.6181001663208008,8.631002426147461
trinitynet,Trinity-Net,satehaze1k_test_moderate_035,moderate,20.623157501220703,0.6510411500930786,8.225080490112305
trinitynet,Trinity-Net,satehaze1k_test_moderate_036,moderate,18.91954803466797,0.5441028475761414,9.669051170349121
trinitynet,Trinity-Net,satehaze1k_test_moderate_037,moderate,20.852149963378906,0.6162148118019104,8.519817352294922
trinitynet,Trinity-Net,satehaze1k_test_moderate_038,moderate,21.370357513427734,0.5922185182571411,7.915326118469238
trinitynet,Trinity-Net,satehaze1k_test_moderate_039,moderate,20.23240089416504,0.6165556311607361,8.553733825683594
trinitynet,Trinity-Net,satehaze1k_test_moderate_040,moderate,21.027324676513672,0.616287887096405,9.10358715057373
trinitynet,Trinity-Net,satehaze1k_test_moderate_041,moderate,20.364057540893555,0.590928852558136,9.941695213317871
trinitynet,Trinity-Net,satehaze1k_test_moderate_042,moderate,19.55967903137207,0.5491998791694641,9.361591339111328
trinitynet,Trinity-Net,satehaze1k_test_moderate_043,moderate,18.32496452331543,0.5592242479324341,9.651764869689941
trinitynet,Trinity-Net,satehaze1k_test_moderate_044,moderate,20.62577247619629,0.5773202180862427,9.066571235656738
trinitynet,Trinity-Net,satehaze1k_test_moderate_045,moderate,19.6433162689209,0.5002110004425049,10.369678497314453
trinitynet,Trinity-Net,satehaze1k_test_thick_001,thick,18.015363693237305,0.6248635053634644,9.756089210510254
trinitynet,Trinity-Net,satehaze1k_test_thick_002,thick,19.15315818786621,0.599844753742218,8.860213279724121
trinitynet,Trinity-Net,satehaze1k_test_thick_003,thick,19.070009231567383,0.6295377016067505,9.830498695373535
trinitynet,Trinity-Net,satehaze1k_test_thick_004,thick,18.35959815979004,0.6093960404396057,9.716251373291016
trinitynet,Trinity-Net,satehaze1k_test_thick_005,thick,19.524076461791992,0.6633464694023132,9.408742904663086
trinitynet,Trinity-Net,satehaze1k_test_thick_006,thick,19.413192749023438,0.6332754492759705,9.41455364227295
trinitynet,Trinity-Net,satehaze1k_test_thick_007,thick,18.166505813598633,0.6181644797325134,10.142172813415527
trinitynet,Trinity-Net,satehaze1k_test_thick_008,thick,18.76782989501953,0.6191180348396301,9.835345268249512
trinitynet,Trinity-Net,satehaze1k_test_thick_009,thick,19.36650276184082,0.6326413750648499,9.275320053100586
trinitynet,Trinity-Net,satehaze1k_test_thick_010,thick,18.916934967041016,0.5812358260154724,8.895028114318848
trinitynet,Trinity-Net,satehaze1k_test_thick_011,thick,18.178266525268555,0.6241323351860046,9.599226951599121
trinitynet,Trinity-Net,satehaze1k_test_thick_012,thick,18.43488311767578,0.5876442790031433,9.312055587768555
trinitynet,Trinity-Net,satehaze1k_test_thick_013,thick,18.32485008239746,0.6114952564239502,9.677586555480957
trinitynet,Trinity-Net,satehaze1k_test_thick_014,thick,18.44354820251465,0.5967274904251099,10.355693817138672
trinitynet,Trinity-Net,satehaze1k_test_thick_015,thick,19.152456283569336,0.5991567969322205,8.84009075164795
trinitynet,Trinity-Net,satehaze1k_test_thick_016,thick,18.13103485107422,0.6209651827812195,9.770049095153809
trinitynet,Trinity-Net,satehaze1k_test_thick_017,thick,18.625085830688477,0.626205563545227,9.438117027282715
trinitynet,Trinity-Net,satehaze1k_test_thick_018,thick,19.167959213256836,0.652681291103363,9.694512367248535
trinitynet,Trinity-Net,satehaze1k_test_thick_019,thick,17.808401107788086,0.6146284341812134,9.95666790008545
trinitynet,Trinity-Net,satehaze1k_test_thick_020,thick,19.25037956237793,0.6305315494537354,9.46297836303711
trinitynet,Trinity-Net,satehaze1k_test_thick_021,thick,18.528791427612305,0.6081569790840149,10.3388671875
trinitynet,Trinity-Net,satehaze1k_test_thick_022,thick,18.67083740234375,0.6162790060043335,9.65187931060791
trinitynet,Trinity-Net,satehaze1k_test_thick_023,thick,18.968896865844727,0.6451632976531982,9.732952117919922
trinitynet,Trinity-Net,satehaze1k_test_thick_024,thick,18.976398468017578,0.5806883573532104,8.833005905151367
trinitynet,Trinity-Net,satehaze1k_test_thick_025,thick,18.27420425415039,0.6136718392372131,9.833579063415527
trinitynet,Trinity-Net,satehaze1k_test_thick_026,thick,18.53510284423828,0.6252516508102417,9.314973831176758
trinitynet,Trinity-Net,satehaze1k_test_thick_027,thick,17.98723030090332,0.6022038459777832,9.91737174987793
trinitynet,Trinity-Net,satehaze1k_test_thick_028,thick,18.132226943969727,0.6190783977508545,9.706938743591309
trinitynet,Trinity-Net,satehaze1k_test_thick_029,thick,19.10094451904297,0.6428502798080444,9.677488327026367
trinitynet,Trinity-Net,satehaze1k_test_thick_030,thick,19.061546325683594,0.6030536890029907,9.040063858032227
trinitynet,Trinity-Net,satehaze1k_test_thick_031,thick,18.06662368774414,0.6181667447090149,10.197200775146484
trinitynet,Trinity-Net,satehaze1k_test_thick_032,thick,18.34798240661621,0.6072620153427124,10.400236129760742
trinitynet,Trinity-Net,satehaze1k_test_thick_033,thick,18.754592895507812,0.6036284565925598,9.29615306854248
trinitynet,Trinity-Net,satehaze1k_test_thick_034,thick,18.47784996032715,0.6145672798156738,9.594862937927246
trinitynet,Trinity-Net,satehaze1k_test_thick_035,thick,18.575519561767578,0.62270587682724,9.886441230773926
trinitynet,Trinity-Net,satehaze1k_test_thick_036,thick,18.34795570373535,0.6268302202224731,9.650041580200195
trinitynet,Trinity-Net,satehaze1k_test_thick_037,thick,18.421649932861328,0.61444491147995,9.563713073730469
trinitynet,Trinity-Net,satehaze1k_test_thick_038,thick,18.33492660522461,0.6199591755867004,9.744257926940918
trinitynet,Trinity-Net,satehaze1k_test_thick_039,thick,18.936199188232422,0.6127879619598389,9.190128326416016
trinitynet,Trinity-Net,satehaze1k_test_thick_040,thick,18.89008331298828,0.5886338353157043,9.007619857788086
trinitynet,Trinity-Net,satehaze1k_test_thick_041,thick,18.947547912597656,0.6071318984031677,9.544742584228516
trinitynet,Trinity-Net,satehaze1k_test_thick_042,thick,17.81902503967285,0.5906704068183899,10.078426361083984
trinitynet,Trinity-Net,satehaze1k_test_thick_043,thick,19.74266242980957,0.6719556450843811,9.138944625854492
trinitynet,Trinity-Net,satehaze1k_test_thick_044,thick,18.312847137451172,0.6151670217514038,9.778397560119629
trinitynet,Trinity-Net,satehaze1k_test_thick_045,thick,19.042221069335938,0.6290369033813477,9.466336250305176
lfdnet,LFD-Net,satehaze1k_test_thin_001,thin,18.386356353759766,0.8644589781761169,9.556785583496094
lfdnet,LFD-Net,satehaze1k_test_thin_002,thin,18.905052185058594,0.8613393306732178,9.360493659973145
lfdnet,LFD-Net,satehaze1k_test_thin_003,thin,17.0728702545166,0.8321715593338013,10.81595230102539
lfdnet,LFD-Net,satehaze1k_test_thin_004,thin,19.29047966003418,0.8622625470161438,8.119643211364746
lfdnet,LFD-Net,satehaze1k_test_thin_005,thin,16.93092155456543,0.8171517252922058,10.159834861755371
lfdnet,LFD-Net,satehaze1k_test_thin_006,thin,19.440467834472656,0.8731562495231628,7.685300827026367
lfdnet,LFD-Net,satehaze1k_test_thin_007,thin,19.208335876464844,0.8663243055343628,8.464645385742188
lfdnet,LFD-Net,satehaze1k_test_thin_008,thin,18.186853408813477,0.8563446998596191,9.674016952514648
lfdnet,LFD-Net,satehaze1k_test_thin_009,thin,17.096223831176758,0.8264017105102539,9.983894348144531
lfdnet,LFD-Net,satehaze1k_test_thin_010,thin,16.45722198486328,0.8037822246551514,10.75672435760498
lfdnet,LFD-Net,satehaze1k_test_thin_011,thin,17.181249618530273,0.8341369032859802,10.665963172912598
lfdnet,LFD-Net,satehaze1k_test_thin_012,thin,17.811174392700195,0.8291929960250854,9.31926155090332
lfdnet,LFD-Net,satehaze1k_test_thin_013,thin,16.624568939208984,0.8084058165550232,10.52830696105957
lfdnet,LFD-Net,satehaze1k_test_thin_014,thin,18.257524490356445,0.8555846214294434,9.161715507507324
lfdnet,LFD-Net,satehaze1k_test_thin_015,thin,18.581623077392578,0.8683918118476868,9.3905668258667
lfdnet,LFD-Net,satehaze1k_test_thin_016,thin,18.473350524902344,0.8611665368080139,9.254274368286133
lfdnet,LFD-Net,satehaze1k_test_thin_017,thin,16.91423797607422,0.8304044604301453,11.4660005569458
lfdnet,LFD-Net,satehaze1k_test_thin_018,thin,18.73065185546875,0.8452919125556946,8.669194221496582
lfdnet,LFD-Net,satehaze1k_test_thin_019,thin,17.831212997436523,0.852240800857544,9.212203025817871
lfdnet,LFD-Net,satehaze1k_test_thin_020,thin,18.755138397216797,0.8543223142623901,8.543058395385742
lfdnet,LFD-Net,satehaze1k_test_thin_021,thin,19.76895523071289,0.867860734462738,7.559061050415039
lfdnet,LFD-Net,satehaze1k_test_thin_022,thin,19.570911407470703,0.878290593624115,7.563844680786133
lfdnet,LFD-Net,satehaze1k_test_thin_023,thin,18.413055419921875,0.8521562814712524,9.856752395629883
lfdnet,LFD-Net,satehaze1k_test_thin_024,thin,19.5445613861084,0.8665359020233154,7.827999114990234
lfdnet,LFD-Net,satehaze1k_test_thin_025,thin,16.645227432250977,0.8188231587409973,11.897170066833496
lfdnet,LFD-Net,satehaze1k_test_thin_026,thin,17.70146369934082,0.8484103083610535,9.787948608398438
lfdnet,LFD-Net,satehaze1k_test_thin_027,thin,18.94295883178711,0.8620626926422119,9.334166526794434
lfdnet,LFD-Net,satehaze1k_test_thin_028,thin,18.711000442504883,0.8470101952552795,8.485233306884766
lfdnet,LFD-Net,satehaze1k_test_thin_029,thin,17.998207092285156,0.8419075012207031,9.467288970947266
lfdnet,LFD-Net,satehaze1k_test_thin_030,thin,19.023273468017578,0.8564147353172302,8.280538558959961
lfdnet,LFD-Net,satehaze1k_test_thin_031,thin,18.010007858276367,0.8377134799957275,9.34541130065918
lfdnet,LFD-Net,satehaze1k_test_thin_032,thin,18.928054809570312,0.871324896812439,8.625082969665527
lfdnet,LFD-Net,satehaze1k_test_thin_033,thin,18.06580924987793,0.8360694050788879,9.168424606323242
lfdnet,LFD-Net,satehaze1k_test_thin_034,thin,19.169837951660156,0.8605324029922485,8.355607986450195
lfdnet,LFD-Net,satehaze1k_test_thin_035,thin,16.028575897216797,0.8081294298171997,11.685914039611816
lfdnet,LFD-Net,satehaze1k_test_thin_036,thin,17.865684509277344,0.8464487195014954,9.885129928588867
lfdnet,LFD-Net,satehaze1k_test_thin_037,thin,16.131484985351562,0.8144611120223999,11.514209747314453
lfdnet,LFD-Net,satehaze1k_test_thin_038,thin,18.931777954101562,0.8719782829284668,8.631491661071777
lfdnet,LFD-Net,satehaze1k_test_thin_039,thin,18.138063430786133,0.8364298343658447,9.061243057250977
lfdnet,LFD-Net,satehaze1k_test_thin_040,thin,19.122163772583008,0.868177592754364,8.038116455078125
lfdnet,LFD-Net,satehaze1k_test_thin_041,thin,17.6173095703125,0.846053957939148,9.825549125671387
lfdnet,LFD-Net,satehaze1k_test_thin_042,thin,19.444177627563477,0.8741516470909119,7.70034122467041
lfdnet,LFD-Net,satehaze1k_test_thin_043,thin,18.73819351196289,0.8665240406990051,8.90162467956543
lfdnet,LFD-Net,satehaze1k_test_thin_044,thin,19.344125747680664,0.8782786130905151,8.2697114944458
lfdnet,LFD-Net,satehaze1k_test_thin_045,thin,17.11943244934082,0.8327969908714294,10.766118049621582
lfdnet,LFD-Net,satehaze1k_test_moderate_001,moderate,22.756366729736328,0.9157384634017944,7.875171661376953
lfdnet,LFD-Net,satehaze1k_test_moderate_002,moderate,24.41933822631836,0.9218811988830566,8.801095008850098
lfdnet,LFD-Net,satehaze1k_test_moderate_003,moderate,20.135570526123047,0.9099388718605042,8.902229309082031
lfdnet,LFD-Net,satehaze1k_test_moderate_004,moderate,21.782609939575195,0.9125169515609741,8.655364990234375
lfdnet,LFD-Net,satehaze1k_test_moderate_005,moderate,19.197463989257812,0.8906508088111877,10.264835357666016
lfdnet,LFD-Net,satehaze1k_test_moderate_006,moderate,21.94045066833496,0.9236230850219727,9.219391822814941
lfdnet,LFD-Net,satehaze1k_test_moderate_007,moderate,21.468860626220703,0.9198523163795471,8.211018562316895
lfdnet,LFD-Net,satehaze1k_test_moderate_008,moderate,22.390539169311523,0.9218947291374207,9.421624183654785
lfdnet,LFD-Net,satehaze1k_test_moderate_009,moderate,22.013355255126953,0.915113091468811,9.002565383911133
lfdnet,LFD-Net,satehaze1k_test_moderate_010,moderate,20.520456314086914,0.9113858342170715,9.658976554870605
lfdnet,LFD-Net,satehaze1k_test_moderate_011,moderate,18.89715576171875,0.8808803558349609,10.010030746459961
lfdnet,LFD-Net,satehaze1k_test_moderate_012,moderate,19.438703536987305,0.9130865335464478,11.1121244430542
lfdnet,LFD-Net,satehaze1k_test_moderate_013,moderate,19.277259826660156,0.9121676683425903,11.680346488952637
lfdnet,LFD-Net,satehaze1k_test_moderate_014,moderate,21.349613189697266,0.9209638237953186,9.29054069519043
lfdnet,LFD-Net,satehaze1k_test_moderate_015,moderate,24.561025619506836,0.9176872968673706,8.091168403625488
lfdnet,LFD-Net,satehaze1k_test_moderate_016,moderate,20.60053825378418,0.9124600291252136,9.266834259033203
lfdnet,LFD-Net,satehaze1k_test_moderate_017,moderate,17.11992645263672,0.8405552506446838,17.383535385131836
lfdnet,LFD-Net,satehaze1k_test_moderate_018,moderate,19.813501358032227,0.8938836455345154,10.815191268920898
lfdnet,LFD-Net,satehaze1k_test_moderate_019,moderate,21.560400009155273,0.8994124531745911,10.980183601379395
lfdnet,LFD-Net,satehaze1k_test_moderate_020,moderate,21.830150604248047,0.8901917338371277,9.23978042602539
lfdnet,LFD-Net,satehaze1k_test_moderate_021,moderate,21.266407012939453,0.9131290912628174,9.481054306030273
lfdnet,LFD-Net,satehaze1k_test_moderate_022,moderate,20.246713638305664,0.9055107831954956,9.83729362487793
lfdnet,LFD-Net,satehaze1k_test_moderate_023,moderate,24.75874137878418,0.9356561303138733,7.874880313873291
lfdnet,LFD-Net,satehaze1k_test_moderate_024,moderate,22.319007873535156,0.9141020774841309,9.233912467956543
lfdnet,LFD-Net,satehaze1k_test_moderate_025,moderate,20.777311325073242,0.9007968902587891,9.759869575500488
lfdnet,LFD-Net,satehaze1k_test_moderate_026,moderate,23.34052848815918,0.9299217462539673,8.958857536315918
lfdnet,LFD-Net,satehaze1k_test_moderate_027,moderate,20.99386215209961,0.9152711033821106,9.230863571166992
lfdnet,LFD-Net,satehaze1k_test_moderate_028,moderate,21.497098922729492,0.9039658904075623,10.00528621673584
lfdnet,LFD-Net,satehaze1k_test_moderate_029,moderate,16.5129451751709,0.8347015976905823,13.479395866394043
lfdnet,LFD-Net,satehaze1k_test_moderate_030,moderate,22.712284088134766,0.896833062171936,10.577630996704102
lfdnet,LFD-Net,satehaze1k_test_moderate_031,moderate,20.529735565185547,0.877063512802124,11.000380516052246
lfdnet,LFD-Net,satehaze1k_test_moderate_032,moderate,22.991100311279297,0.913914144039154,8.888998031616211
lfdnet,LFD-Net,satehaze1k_test_moderate_033,moderate,22.675949096679688,0.91756671667099,8.87846565246582
lfdnet,LFD-Net,satehaze1k_test_moderate_034,moderate,20.69963264465332,0.8988387584686279,9.944586753845215
lfdnet,LFD-Net,satehaze1k_test_moderate_035,moderate,21.272497177124023,0.9248341917991638,9.450225830078125
lfdnet,LFD-Net,satehaze1k_test_moderate_036,moderate,19.9494571685791,0.8881562948226929,11.278559684753418
lfdnet,LFD-Net,satehaze1k_test_moderate_037,moderate,22.395172119140625,0.9137558937072754,10.31716537475586
lfdnet,LFD-Net,satehaze1k_test_moderate_038,moderate,23.90311050415039,0.9169914126396179,8.660143852233887
lfdnet,LFD-Net,satehaze1k_test_moderate_039,moderate,21.79779815673828,0.9127112627029419,9.227110862731934
lfdnet,LFD-Net,satehaze1k_test_moderate_040,moderate,22.290416717529297,0.9022331833839417,10.167228698730469
lfdnet,LFD-Net,satehaze1k_test_moderate_041,moderate,21.093120574951172,0.8827816843986511,11.969185829162598
lfdnet,LFD-Net,satehaze1k_test_moderate_042,moderate,21.550493240356445,0.9021639227867126,10.555123329162598
lfdnet,LFD-Net,satehaze1k_test_moderate_043,moderate,17.12745475769043,0.8455573320388794,11.798187255859375
lfdnet,LFD-Net,satehaze1k_test_moderate_044,moderate,23.104724884033203,0.9113785624504089,10.397445678710938
lfdnet,LFD-Net,satehaze1k_test_moderate_045,moderate,20.617389678955078,0.8564714193344116,11.901078224182129
lfdnet,LFD-Net,satehaze1k_test_thick_001,thick,17.53548812866211,0.7588935494422913,11.359041213989258
lfdnet,LFD-Net,satehaze1k_test_thick_002,thick,17.620132446289062,0.7503533363342285,10.506387710571289
lfdnet,LFD-Net,satehaze1k_test_thick_003,thick,17.633529663085938,0.760735273361206,11.278050422668457
lfdnet,LFD-Net,satehaze1k_test_thick_004,thick,17.23604965209961,0.7644509673118591,11.282745361328125
lfdnet,LFD-Net,satehaze1k_test_thick_005,thick,17.980249404907227,0.787452757358551,10.655097961425781
lfdnet,LFD-Net,satehaze1k_test_thick_006,thick,18.26805877685547,0.7934746146202087,10.59798812866211
lfdnet,LFD-Net,satehaze1k_test_thick_007,thick,16.272418975830078,0.7367080450057983,12.669048309326172
lfdnet,LFD-Net,satehaze1k_test_thick_008,thick,17.288991928100586,0.7737753987312317,11.88198471069336
lfdnet,LFD-Net,satehaze1k_test_thick_009,thick,18.647361755371094,0.7599765062332153,10.254044532775879
lfdnet,LFD-Net,satehaze1k_test_thick_010,thick,17.208608627319336,0.7335047125816345,11.05070972442627
lfdnet,LFD-Net,satehaze1k_test_thick_011,thick,17.408235549926758,0.7689828276634216,11.52083969116211
lfdnet,LFD-Net,satehaze1k_test_thick_012,thick,17.749088287353516,0.7416265606880188,10.606217384338379
lfdnet,LFD-Net,satehaze1k_test_thick_013,thick,17.047103881835938,0.7704795002937317,11.3153715133667
lfdnet,LFD-Net,satehaze1k_test_thick_014,thick,16.60159683227539,0.7275000810623169,13.80199909210205
lfdnet,LFD-Net,satehaze1k_test_thick_015,thick,17.616628646850586,0.7481593489646912,10.546239852905273
lfdnet,LFD-Net,satehaze1k_test_thick_016,thick,16.80937385559082,0.763351321220398,12.007706642150879
lfdnet,LFD-Net,satehaze1k_test_thick_017,thick,16.905447006225586,0.7669998407363892,11.753385543823242
lfdnet,LFD-Net,satehaze1k_test_thick_018,thick,17.980388641357422,0.8011319637298584,10.80762004852295
lfdnet,LFD-Net,satehaze1k_test_thick_019,thick,17.177152633666992,0.7661855220794678,11.810830116271973
lfdnet,LFD-Net,satehaze1k_test_thick_020,thick,18.43015480041504,0.7813098430633545,10.509161949157715
lfdnet,LFD-Net,satehaze1k_test_thick_021,thick,16.65569305419922,0.7449630498886108,13.3379487991333
lfdnet,LFD-Net,satehaze1k_test_thick_022,thick,17.52490997314453,0.7754132747650146,11.356657981872559
lfdnet,LFD-Net,satehaze1k_test_thick_023,thick,17.880615234375,0.8037537932395935,10.931757926940918
lfdnet,LFD-Net,satehaze1k_test_thick_024,thick,18.139827728271484,0.7479696273803711,10.117544174194336
lfdnet,LFD-Net,satehaze1k_test_thick_025,thick,15.922751426696777,0.7264266014099121,13.886988639831543
lfdnet,LFD-Net,satehaze1k_test_thick_026,thick,17.4655704498291,0.7415975332260132,11.562990188598633
lfdnet,LFD-Net,satehaze1k_test_thick_027,thick,16.943336486816406,0.7710623145103455,11.408456802368164
lfdnet,LFD-Net,satehaze1k_test_thick_028,thick,17.136760711669922,0.7649688720703125,11.58839225769043
lfdnet,LFD-Net,satehaze1k_test_thick_029,thick,18.065256118774414,0.7980483174324036,10.765321731567383
lfdnet,LFD-Net,satehaze1k_test_thick_030,thick,17.655868530273438,0.7485082149505615,10.477582931518555
lfdnet,LFD-Net,satehaze1k_test_thick_031,thick,16.105846405029297,0.734837532043457,12.845556259155273
lfdnet,LFD-Net,satehaze1k_test_thick_032,thick,16.900066375732422,0.7423162460327148,13.035988807678223
lfdnet,LFD-Net,satehaze1k_test_thick_033,thick,17.44244384765625,0.7530153393745422,10.721541404724121
lfdnet,LFD-Net,satehaze1k_test_thick_034,thick,17.31399917602539,0.7611286044120789,10.939417839050293
lfdnet,LFD-Net,satehaze1k_test_thick_035,thick,16.428735733032227,0.7322763800621033,13.623916625976562
lfdnet,LFD-Net,satehaze1k_test_thick_036,thick,17.07044792175293,0.768937885761261,11.644362449645996
lfdnet,LFD-Net,satehaze1k_test_thick_037,thick,17.038175582885742,0.7725837826728821,11.319977760314941
lfdnet,LFD-Net,satehaze1k_test_thick_038,thick,17.18556785583496,0.7651790976524353,11.472125053405762
lfdnet,LFD-Net,satehaze1k_test_thick_039,thick,17.32187271118164,0.7597025036811829,10.8722505569458
lfdnet,LFD-Net,satehaze1k_test_thick_040,thick,17.095136642456055,0.7437463998794556,11.150236129760742
lfdnet,LFD-Net,satehaze1k_test_thick_041,thick,17.655874252319336,0.7502450346946716,11.516250610351562
lfdnet,LFD-Net,satehaze1k_test_thick_042,thick,16.830652236938477,0.7596762776374817,11.940028190612793
lfdnet,LFD-Net,satehaze1k_test_thick_043,thick,18.0906925201416,0.7927359342575073,10.403691291809082
lfdnet,LFD-Net,satehaze1k_test_thick_044,thick,17.131284713745117,0.7654746770858765,11.438612937927246
lfdnet,LFD-Net,satehaze1k_test_thick_045,thick,18.166372299194336,0.798576831817627,10.632344245910645
asta,ASTA,satehaze1k_test_thin_001,thin,23.355316162109375,0.9164347648620605,5.799836158752441
asta,ASTA,satehaze1k_test_thin_002,thin,21.745647430419922,0.9018695950508118,6.763831615447998
asta,ASTA,satehaze1k_test_thin_003,thin,24.912864685058594,0.8997046947479248,4.755959510803223
asta,ASTA,satehaze1k_test_thin_004,thin,23.635452270507812,0.9010922908782959,5.2441558837890625
asta,ASTA,satehaze1k_test_thin_005,thin,22.780635833740234,0.887519121170044,5.699925422668457
asta,ASTA,satehaze1k_test_thin_006,thin,24.6635799407959,0.9104699492454529,4.623711109161377
asta,ASTA,satehaze1k_test_thin_007,thin,24.19041633605957,0.9106813073158264,5.219594478607178
asta,ASTA,satehaze1k_test_thin_008,thin,23.34507179260254,0.9110374450683594,5.837920665740967
asta,ASTA,satehaze1k_test_thin_009,thin,22.948665618896484,0.8936956524848938,5.658717155456543
asta,ASTA,satehaze1k_test_thin_010,thin,22.17350196838379,0.8788444399833679,5.9829301834106445
asta,ASTA,satehaze1k_test_thin_011,thin,24.883167266845703,0.9011647701263428,4.782811164855957
asta,ASTA,satehaze1k_test_thin_012,thin,23.811237335205078,0.8934239149093628,5.19006872177124
asta,ASTA,satehaze1k_test_thin_013,thin,22.397663116455078,0.8817859292030334,5.864015579223633
asta,ASTA,satehaze1k_test_thin_014,thin,24.81702423095703,0.9106026291847229,4.912487506866455
asta,ASTA,satehaze1k_test_thin_015,thin,23.353199005126953,0.9178867340087891,5.79685640335083
asta,ASTA,satehaze1k_test_thin_016,thin,24.66020965576172,0.913668692111969,4.959877967834473
asta,ASTA,satehaze1k_test_thin_017,thin,21.890851974487305,0.8892706632614136,6.689923286437988
asta,ASTA,satehaze1k_test_thin_018,thin,24.569358825683594,0.9012743830680847,4.939271926879883
asta,ASTA,satehaze1k_test_thin_019,thin,23.88564682006836,0.909557580947876,5.255025386810303
asta,ASTA,satehaze1k_test_thin_020,thin,25.39024543762207,0.9023630023002625,4.407766819000244
asta,ASTA,satehaze1k_test_thin_021,thin,24.593427658081055,0.9055567383766174,4.731157302856445
asta,ASTA,satehaze1k_test_thin_022,thin,24.21874237060547,0.9124208688735962,4.778554916381836
asta,ASTA,satehaze1k_test_thin_023,thin,21.1573486328125,0.8939610719680786,7.274388313293457
asta,ASTA,satehaze1k_test_thin_024,thin,24.321096420288086,0.9047187566757202,4.860400199890137
asta,ASTA,satehaze1k_test_thin_025,thin,22.33526611328125,0.8857763409614563,6.3979268074035645
asta,ASTA,satehaze1k_test_thin_026,thin,24.90675163269043,0.9082002639770508,4.856428146362305
asta,ASTA,satehaze1k_test_thin_027,thin,21.824541091918945,0.9020282030105591,6.728939533233643
asta,ASTA,satehaze1k_test_thin_028,thin,24.768077850341797,0.8953378200531006,4.70078706741333
asta,ASTA,satehaze1k_test_thin_029,thin,25.352628707885742,0.89900803565979,4.4896440505981445
asta,ASTA,satehaze1k_test_thin_030,thin,24.029277801513672,0.8999897837638855,5.001892566680908
asta,ASTA,satehaze1k_test_thin_031,thin,24.581058502197266,0.8950546383857727,4.848850727081299
asta,ASTA,satehaze1k_test_thin_032,thin,24.848573684692383,0.9188361763954163,4.856013774871826
asta,ASTA,satehaze1k_test_thin_033,thin,24.0334415435791,0.8942410349845886,5.060886383056641
asta,ASTA,satehaze1k_test_thin_034,thin,24.419300079345703,0.9059884548187256,5.009397506713867
asta,ASTA,satehaze1k_test_thin_035,thin,22.35284423828125,0.8863409161567688,6.041845321655273
asta,ASTA,satehaze1k_test_thin_036,thin,25.224943161010742,0.905242383480072,4.6348748207092285
asta,ASTA,satehaze1k_test_thin_037,thin,22.688758850097656,0.8832607269287109,5.913276195526123
asta,ASTA,satehaze1k_test_thin_038,thin,25.227163314819336,0.9210930466651917,4.747273921966553
asta,ASTA,satehaze1k_test_thin_039,thin,24.689815521240234,0.890278697013855,4.722762107849121
asta,ASTA,satehaze1k_test_thin_040,thin,25.55349349975586,0.9101572632789612,4.333574295043945
asta,ASTA,satehaze1k_test_thin_041,thin,24.66228485107422,0.9067851305007935,4.909593105316162
asta,ASTA,satehaze1k_test_thin_042,thin,24.609172821044922,0.9108290672302246,4.636708736419678
asta,ASTA,satehaze1k_test_thin_043,thin,25.024314880371094,0.9173422455787659,4.821201324462891
asta,ASTA,satehaze1k_test_thin_044,thin,25.16033935546875,0.9225618839263916,4.757472515106201
asta,ASTA,satehaze1k_test_thin_045,thin,24.991992950439453,0.8996553421020508,4.737724304199219
asta,ASTA,satehaze1k_test_moderate_001,moderate,26.703399658203125,0.9337776899337769,6.180924415588379
asta,ASTA,satehaze1k_test_moderate_002,moderate,26.70748519897461,0.9371783137321472,7.121223449707031
asta,ASTA,satehaze1k_test_moderate_003,moderate,26.525352478027344,0.9595068693161011,5.393638610839844
asta,ASTA,satehaze1k_test_moderate_004,moderate,26.136457443237305,0.9441291093826294,6.743176460266113
asta,ASTA,satehaze1k_test_moderate_005,moderate,22.26293182373047,0.9312871098518372,7.412779808044434
asta,ASTA,satehaze1k_test_moderate_006,moderate,27.693912506103516,0.9552905559539795,6.326723575592041
asta,ASTA,satehaze1k_test_moderate_007,moderate,26.809036254882812,0.9547688961029053,5.643483638763428
asta,ASTA,satehaze1k_test_moderate_008,moderate,27.200305938720703,0.9478186368942261,6.607688903808594
asta,ASTA,satehaze1k_test_moderate_009,moderate,26.6878662109375,0.9464194774627686,6.477120399475098
asta,ASTA,satehaze1k_test_moderate_010,moderate,25.54120635986328,0.956404447555542,5.942366600036621
asta,ASTA,satehaze1k_test_moderate_011,moderate,21.854995727539062,0.9269322752952576,7.5020012855529785
asta,ASTA,satehaze1k_test_moderate_012,moderate,24.865814208984375,0.9591600298881531,6.056938171386719
asta,ASTA,satehaze1k_test_moderate_013,moderate,25.83437728881836,0.9625641107559204,5.782249450683594
asta,ASTA,satehaze1k_test_moderate_014,moderate,27.316097259521484,0.9524377584457397,5.204143047332764
asta,ASTA,satehaze1k_test_moderate_015,moderate,26.230205535888672,0.9298926591873169,6.818842887878418
asta,ASTA,satehaze1k_test_moderate_016,moderate,25.88747215270996,0.945729672908783,6.096343040466309
asta,ASTA,satehaze1k_test_moderate_017,moderate,27.172327041625977,0.9507731199264526,4.8216471672058105
asta,ASTA,satehaze1k_test_moderate_018,moderate,25.32628631591797,0.9397024512290955,7.4752092361450195
asta,ASTA,satehaze1k_test_moderate_019,moderate,25.955997467041016,0.9358369708061218,9.006476402282715
asta,ASTA,satehaze1k_test_moderate_020,moderate,25.9038143157959,0.9193309545516968,7.765567302703857
asta,ASTA,satehaze1k_test_moderate_021,moderate,24.0682315826416,0.9414525032043457,6.996536731719971
asta,ASTA,satehaze1k_test_moderate_022,moderate,24.864900588989258,0.940721333026886,6.3217267990112305
asta,ASTA,satehaze1k_test_moderate_023,moderate,27.172229766845703,0.9485756158828735,6.327517509460449
asta,ASTA,satehaze1k_test_moderate_024,moderate,25.63957405090332,0.9461822509765625,7.308339595794678
asta,ASTA,satehaze1k_test_moderate_025,moderate,26.263639450073242,0.9447627067565918,6.670242786407471
asta,ASTA,satehaze1k_test_moderate_026,moderate,27.03891944885254,0.9509020447731018,6.838852882385254
asta,ASTA,satehaze1k_test_moderate_027,moderate,25.57375717163086,0.9417382478713989,6.742570877075195
asta,ASTA,satehaze1k_test_moderate_028,moderate,25.428386688232422,0.9405516982078552,8.003520965576172
asta,ASTA,satehaze1k_test_moderate_029,moderate,21.362628936767578,0.8912646174430847,10.537235260009766
asta,ASTA,satehaze1k_test_moderate_030,moderate,25.25773811340332,0.9254469275474548,9.320578575134277
asta,ASTA,satehaze1k_test_moderate_031,moderate,24.768413543701172,0.9265488386154175,8.815749168395996
asta,ASTA,satehaze1k_test_moderate_032,moderate,26.557415008544922,0.9353272318840027,5.914538860321045
asta,ASTA,satehaze1k_test_moderate_033,moderate,26.828479766845703,0.9443258047103882,6.850963592529297
asta,ASTA,satehaze1k_test_moderate_034,moderate,26.035554885864258,0.9473470449447632,7.1078267097473145
asta,ASTA,satehaze1k_test_moderate_035,moderate,27.434024810791016,0.9606780409812927,6.079342365264893
asta,ASTA,satehaze1k_test_moderate_036,moderate,26.008831024169922,0.9337191581726074,8.927885055541992
asta,ASTA,satehaze1k_test_moderate_037,moderate,26.40560531616211,0.9468159079551697,7.732086181640625
asta,ASTA,satehaze1k_test_moderate_038,moderate,26.036354064941406,0.9338460564613342,7.092190742492676
asta,ASTA,satehaze1k_test_moderate_039,moderate,27.144487380981445,0.9506826400756836,6.4166154861450195
asta,ASTA,satehaze1k_test_moderate_040,moderate,25.623750686645508,0.9339529275894165,8.335447311401367
asta,ASTA,satehaze1k_test_moderate_041,moderate,24.415191650390625,0.9160815477371216,10.292804718017578
asta,ASTA,satehaze1k_test_moderate_042,moderate,26.38079833984375,0.9394746422767639,8.453012466430664
asta,ASTA,satehaze1k_test_moderate_043,moderate,20.519229888916016,0.8993110656738281,9.092305183410645
asta,ASTA,satehaze1k_test_moderate_044,moderate,25.548995971679688,0.9366856217384338,8.921647071838379
asta,ASTA,satehaze1k_test_moderate_045,moderate,25.269535064697266,0.8950786590576172,10.05788516998291
asta,ASTA,satehaze1k_test_thick_001,thick,22.31352996826172,0.8299363851547241,6.619655132293701
asta,ASTA,satehaze1k_test_thick_002,thick,22.002452850341797,0.8101040124893188,6.585638046264648
asta,ASTA,satehaze1k_test_thick_003,thick,21.013626098632812,0.8207321166992188,7.81525182723999
asta,ASTA,satehaze1k_test_thick_004,thick,22.848888397216797,0.8385050296783447,6.3256964683532715
asta,ASTA,satehaze1k_test_thick_005,thick,21.530580520629883,0.842483639717102,7.407474517822266
asta,ASTA,satehaze1k_test_thick_006,thick,21.53373908996582,0.845936119556427,7.377273082733154
asta,ASTA,satehaze1k_test_thick_007,thick,21.302738189697266,0.8170891404151917,7.1613969802856445
asta,ASTA,satehaze1k_test_thick_008,thick,21.231273651123047,0.8380566239356995,7.597419738769531
asta,ASTA,satehaze1k_test_thick_009,thick,22.12505531311035,0.8197274208068848,6.848785877227783
asta,ASTA,satehaze1k_test_thick_010,thick,22.632768630981445,0.802046537399292,6.206935882568359
asta,ASTA,satehaze1k_test_thick_011,thick,22.382543563842773,0.8398112654685974,6.675759315490723
asta,ASTA,satehaze1k_test_thick_012,thick,21.6832332611084,0.7961454391479492,6.74559211730957
asta,ASTA,satehaze1k_test_thick_013,thick,22.890716552734375,0.8471857309341431,6.224403381347656
asta,ASTA,satehaze1k_test_thick_014,thick,20.684602737426758,0.7987062931060791,8.33651351928711
asta,ASTA,satehaze1k_test_thick_015,thick,22.444881439208984,0.8116241097450256,6.360311031341553
asta,ASTA,satehaze1k_test_thick_016,thick,22.3778133392334,0.8379531502723694,6.555819988250732
asta,ASTA,satehaze1k_test_thick_017,thick,22.547454833984375,0.8432520031929016,6.4418206214904785
asta,ASTA,satehaze1k_test_thick_018,thick,21.389080047607422,0.8557051420211792,7.58836555480957
asta,ASTA,satehaze1k_test_thick_019,thick,21.89419937133789,0.8386120796203613,6.932616233825684
asta,ASTA,satehaze1k_test_thick_020,thick,21.48822593688965,0.8345076441764832,7.308910369873047
asta,ASTA,satehaze1k_test_thick_021,thick,20.510074615478516,0.8114831447601318,8.419649124145508
asta,ASTA,satehaze1k_test_thick_022,thick,21.21034812927246,0.8355124592781067,7.441866397857666
asta,ASTA,satehaze1k_test_thick_023,thick,21.143587112426758,0.8583483099937439,7.673871040344238
asta,ASTA,satehaze1k_test_thick_024,thick,21.92430305480957,0.7978178858757019,6.6343865394592285
asta,ASTA,satehaze1k_test_thick_025,thick,20.867977142333984,0.7988154292106628,7.587625026702881
asta,ASTA,satehaze1k_test_thick_026,thick,21.8417911529541,0.8089260458946228,6.90016508102417
asta,ASTA,satehaze1k_test_thick_027,thick,22.5382137298584,0.8456591963768005,6.37586784362793
asta,ASTA,satehaze1k_test_thick_028,thick,22.490385055541992,0.839287281036377,6.559033393859863
asta,ASTA,satehaze1k_test_thick_029,thick,21.195600509643555,0.8480808138847351,7.655331134796143
asta,ASTA,satehaze1k_test_thick_030,thick,22.755949020385742,0.8138592839241028,6.213715076446533
asta,ASTA,satehaze1k_test_thick_031,thick,21.264156341552734,0.816439151763916,7.168281078338623
asta,ASTA,satehaze1k_test_thick_032,thick,20.693130493164062,0.8040882349014282,8.250845909118652
asta,ASTA,satehaze1k_test_thick_033,thick,22.315771102905273,0.8189575672149658,6.430767059326172
asta,ASTA,satehaze1k_test_thick_034,thick,22.098613739013672,0.8281341195106506,6.547314167022705
asta,ASTA,satehaze1k_test_thick_035,thick,20.773983001708984,0.7989359498023987,7.8640899658203125
asta,ASTA,satehaze1k_test_thick_036,thick,22.589908599853516,0.8425741791725159,6.4754252433776855
asta,ASTA,satehaze1k_test_thick_037,thick,22.740036010742188,0.8483614325523376,6.294191360473633
asta,ASTA,satehaze1k_test_thick_038,thick,22.41234588623047,0.8382998704910278,6.50917387008667
asta,ASTA,satehaze1k_test_thick_039,thick,22.54001808166504,0.8292105197906494,6.361867904663086
asta,ASTA,satehaze1k_test_thick_040,thick,22.734041213989258,0.8138231635093689,6.180692195892334
asta,ASTA,satehaze1k_test_thick_041,thick,21.263980865478516,0.80714350938797,7.469858646392822
asta,ASTA,satehaze1k_test_thick_042,thick,22.198402404785156,0.8379685282707214,6.686892509460449
asta,ASTA,satehaze1k_test_thick_043,thick,21.75064468383789,0.8485312461853027,7.176111698150635
asta,ASTA,satehaze1k_test_thick_044,thick,22.531984329223633,0.8399002552032471,6.445648670196533
asta,ASTA,satehaze1k_test_thick_045,thick,21.782756805419922,0.8532934784889221,7.137621879577637
dehazexl,DehazeXL,satehaze1k_test_thin_001,thin,17.43299102783203,0.7690978050231934,12.265114784240723
dehazexl,DehazeXL,satehaze1k_test_thin_002,thin,17.937820434570312,0.7588813900947571,11.517542839050293
dehazexl,DehazeXL,satehaze1k_test_thin_003,thin,17.87624168395996,0.7526569366455078,11.80300235748291
dehazexl,DehazeXL,satehaze1k_test_thin_004,thin,17.760406494140625,0.7634404301643372,11.143534660339355
dehazexl,DehazeXL,satehaze1k_test_thin_005,thin,16.434600830078125,0.6977880597114563,12.503434181213379
dehazexl,DehazeXL,satehaze1k_test_thin_006,thin,16.697021484375,0.7677907347679138,12.627182006835938
dehazexl,DehazeXL,satehaze1k_test_thin_007,thin,17.455402374267578,0.762363076210022,11.907889366149902
dehazexl,DehazeXL,satehaze1k_test_thin_008,thin,17.334611892700195,0.7534828186035156,12.151715278625488
dehazexl,DehazeXL,satehaze1k_test_thin_009,thin,16.42357635498047,0.708243727684021,12.667695045471191
dehazexl,DehazeXL,satehaze1k_test_thin_010,thin,16.298105239868164,0.681311309337616,12.597179412841797
dehazexl,DehazeXL,satehaze1k_test_thin_011,thin,17.847185134887695,0.7552562952041626,11.8411283493042
dehazexl,DehazeXL,satehaze1k_test_thin_012,thin,16.856538772583008,0.7130501866340637,12.084811210632324
dehazexl,DehazeXL,satehaze1k_test_thin_013,thin,16.36638832092285,0.686944305896759,12.534204483032227
dehazexl,DehazeXL,satehaze1k_test_thin_014,thin,16.766925811767578,0.749073326587677,12.736242294311523
dehazexl,DehazeXL,satehaze1k_test_thin_015,thin,17.526180267333984,0.7751152515411377,12.136993408203125
dehazexl,DehazeXL,satehaze1k_test_thin_016,thin,17.213314056396484,0.7580180764198303,12.28657054901123
dehazexl,DehazeXL,satehaze1k_test_thin_017,thin,17.7628116607666,0.7308146357536316,11.619669914245605
dehazexl,DehazeXL,satehaze1k_test_thin_018,thin,17.077505111694336,0.7193407416343689,11.877371788024902
dehazexl,DehazeXL,satehaze1k_test_thin_019,thin,16.15318489074707,0.7410026788711548,13.28715705871582
dehazexl,DehazeXL,satehaze1k_test_thin_020,thin,17.755319595336914,0.7597851753234863,11.241952896118164
dehazexl,DehazeXL,satehaze1k_test_thin_021,thin,17.379695892333984,0.7640545964241028,11.540773391723633
dehazexl,DehazeXL,satehaze1k_test_thin_022,thin,16.491573333740234,0.7709534764289856,12.939728736877441
dehazexl,DehazeXL,satehaze1k_test_thin_023,thin,18.019624710083008,0.7442789673805237,11.114206314086914
dehazexl,DehazeXL,satehaze1k_test_thin_024,thin,17.54639434814453,0.7681129574775696,11.472800254821777
dehazexl,DehazeXL,satehaze1k_test_thin_025,thin,18.2248477935791,0.7185184359550476,11.187442779541016
dehazexl,DehazeXL,satehaze1k_test_thin_026,thin,16.907968521118164,0.7523155212402344,12.545404434204102
dehazexl,DehazeXL,satehaze1k_test_thin_027,thin,18.06098747253418,0.7606241106987,11.379984855651855
dehazexl,DehazeXL,satehaze1k_test_thin_028,thin,17.690004348754883,0.7402594089508057,11.350282669067383
dehazexl,DehazeXL,satehaze1k_test_thin_029,thin,18.065645217895508,0.7570120692253113,11.251808166503906
dehazexl,DehazeXL,satehaze1k_test_thin_030,thin,17.53658103942871,0.7540665864944458,11.387441635131836
dehazexl,DehazeXL,satehaze1k_test_thin_031,thin,17.284137725830078,0.7342775464057922,11.66214656829834
dehazexl,DehazeXL,satehaze1k_test_thin_032,thin,17.059852600097656,0.7689152956008911,12.523921966552734
dehazexl,DehazeXL,satehaze1k_test_thin_033,thin,17.49448013305664,0.7235703468322754,11.523720741271973
dehazexl,DehazeXL,satehaze1k_test_thin_034,thin,17.46438217163086,0.7546222805976868,11.718443870544434
dehazexl,DehazeXL,satehaze1k_test_thin_035,thin,16.651079177856445,0.7032802700996399,12.68780517578125
dehazexl,DehazeXL,satehaze1k_test_thin_036,thin,18.018461227416992,0.7622039914131165,11.624520301818848
dehazexl,DehazeXL,satehaze1k_test_thin_037,thin,16.699344635009766,0.7215554118156433,12.86899471282959
dehazexl,DehazeXL,satehaze1k_test_thin_038,thin,16.70939064025879,0.7660166025161743,12.818171501159668
dehazexl,DehazeXL,satehaze1k_test_thin_039,thin,17.505571365356445,0.7351492047309875,11.328062057495117
dehazexl,DehazeXL,satehaze1k_test_thin_040,thin,16.886899948120117,0.7691314816474915,12.432635307312012
dehazexl,DehazeXL,satehaze1k_test_thin_041,thin,16.835105895996094,0.7482292056083679,12.68152904510498
dehazexl,DehazeXL,satehaze1k_test_thin_042,thin,16.68701934814453,0.7675434350967407,12.642440795898438
dehazexl,DehazeXL,satehaze1k_test_thin_043,thin,16.91687774658203,0.7606443166732788,12.607034683227539
dehazexl,DehazeXL,satehaze1k_test_thin_044,thin,16.63353157043457,0.7685427069664001,12.936823844909668
dehazexl,DehazeXL,satehaze1k_test_thin_045,thin,17.725893020629883,0.7494562864303589,11.930868148803711
dehazexl,DehazeXL,satehaze1k_test_moderate_001,moderate,19.620502471923828,0.539859414100647,9.33885669708252
dehazexl,DehazeXL,satehaze1k_test_moderate_002,moderate,20.627132415771484,0.5898751616477966,9.867156982421875
dehazexl,DehazeXL,satehaze1k_test_moderate_003,moderate,19.8227481842041,0.6494409441947937,8.998470306396484
dehazexl,DehazeXL,satehaze1k_test_moderate_004,moderate,20.192014694213867,0.6071861386299133,8.868474960327148
dehazexl,DehazeXL,satehaze1k_test_moderate_005,moderate,18.872671127319336,0.6248549222946167,9.485758781433105
dehazexl,DehazeXL,satehaze1k_test_moderate_006,moderate,20.61429786682129,0.6205518245697021,9.16664981842041
dehazexl,DehazeXL,satehaze1k_test_moderate_007,moderate,20.438508987426758,0.6359449028968811,8.202028274536133
dehazexl,DehazeXL,satehaze1k_test_moderate_008,moderate,20.168487548828125,0.6112820506095886,9.835389137268066
dehazexl,DehazeXL,satehaze1k_test_moderate_009,moderate,20.212448120117188,0.6230195164680481,8.996406555175781
dehazexl,DehazeXL,satehaze1k_test_moderate_010,moderate,19.585844039916992,0.6357970237731934,8.412884712219238
dehazexl,DehazeXL,satehaze1k_test_moderate_011,moderate,18.749496459960938,0.6376691460609436,9.892499923706055
dehazexl,DehazeXL,satehaze1k_test_moderate_012,moderate,19.633047103881836,0.6479971408843994,8.64785385131836
dehazexl,DehazeXL,satehaze1k_test_moderate_013,moderate,19.012399673461914,0.6256272792816162,9.342314720153809
dehazexl,DehazeXL,satehaze1k_test_moderate_014,moderate,20.22029685974121,0.5976026058197021,8.57783317565918
dehazexl,DehazeXL,satehaze1k_test_moderate_015,moderate,20.171981811523438,0.5436765551567078,9.518637657165527
dehazexl,DehazeXL,satehaze1k_test_moderate_016,moderate,19.682119369506836,0.6069642901420593,9.06344985961914
dehazexl,DehazeXL,satehaze1k_test_moderate_017,moderate,19.594425201416016,0.590535044670105,8.9642972946167
dehazexl,DehazeXL,satehaze1k_test_moderate_018,moderate,19.277116775512695,0.6222257614135742,10.585289001464844
dehazexl,DehazeXL,satehaze1k_test_moderate_019,moderate,19.499910354614258,0.5740103125572205,11.336932182312012
dehazexl,DehazeXL,satehaze1k_test_moderate_020,moderate,19.547496795654297,0.5374075770378113,10.681872367858887
dehazexl,DehazeXL,satehaze1k_test_moderate_021,moderate,18.960269927978516,0.6128766536712646,9.779729843139648
dehazexl,DehazeXL,satehaze1k_test_moderate_022,moderate,19.73655891418457,0.6123490333557129,9.040928840637207
dehazexl,DehazeXL,satehaze1k_test_moderate_023,moderate,20.123905181884766,0.5849483609199524,9.605165481567383
dehazexl,DehazeXL,satehaze1k_test_moderate_024,moderate,19.874610900878906,0.6245909333229065,10.205962181091309
dehazexl,DehazeXL,satehaze1k_test_moderate_025,moderate,19.21980094909668,0.6311463713645935,10.048942565917969
dehazexl,DehazeXL,satehaze1k_test_moderate_026,moderate,20.203092575073242,0.6036387085914612,9.74238395690918
dehazexl,DehazeXL,satehaze1k_test_moderate_027,moderate,18.26545524597168,0.5849303007125854,10.098679542541504
dehazexl,DehazeXL,satehaze1k_test_moderate_028,moderate,19.61334228515625,0.61558598279953,10.299527168273926
dehazexl,DehazeXL,satehaze1k_test_moderate_029,moderate,17.412261962890625,0.5361145734786987,12.770415306091309
dehazexl,DehazeXL,satehaze1k_test_moderate_030,moderate,19.50551986694336,0.551501989364624,11.53675651550293
dehazexl,DehazeXL,satehaze1k_test_moderate_031,moderate,19.60038948059082,0.5957037806510925,11.030982971191406
dehazexl,DehazeXL,satehaze1k_test_moderate_032,moderate,20.376232147216797,0.5633830428123474,8.777321815490723
dehazexl,DehazeXL,satehaze1k_test_moderate_033,moderate,19.66492462158203,0.5899689793586731,9.65898609161377
dehazexl,DehazeXL,satehaze1k_test_moderate_034,moderate,19.40448570251465,0.6309428811073303,10.467994689941406
dehazexl,DehazeXL,satehaze1k_test_moderate_035,moderate,19.831626892089844,0.6558263301849365,9.56670093536377
dehazexl,DehazeXL,satehaze1k_test_moderate_036,moderate,19.243085861206055,0.5844500660896301,11.345675468444824
dehazexl,DehazeXL,satehaze1k_test_moderate_037,moderate,19.23369789123535,0.6143250465393066,10.982641220092773
dehazexl,DehazeXL,satehaze1k_test_moderate_038,moderate,20.040109634399414,0.5828956961631775,9.745514869689941
dehazexl,DehazeXL,satehaze1k_test_moderate_039,moderate,19.6239013671875,0.6237422227859497,9.740739822387695
dehazexl,DehazeXL,satehaze1k_test_moderate_040,moderate,19.459562301635742,0.5987542867660522,11.132062911987305
dehazexl,DehazeXL,satehaze1k_test_moderate_041,moderate,19.359394073486328,0.5758261680603027,11.938446044921875
dehazexl,DehazeXL,satehaze1k_test_moderate_042,moderate,18.779634475708008,0.5657991170883179,11.260887145996094
dehazexl,DehazeXL,satehaze1k_test_moderate_043,moderate,17.57696533203125,0.5833710432052612,11.208000183105469
dehazexl,DehazeXL,satehaze1k_test_moderate_044,moderate,20.18785858154297,0.5910687446594238,10.823094367980957
dehazexl,DehazeXL,satehaze1k_test_moderate_045,moderate,18.895456314086914,0.5115967988967896,12.213871002197266
dehazexl,DehazeXL,satehaze1k_test_thick_001,thick,14.346159934997559,0.5195737481117249,13.819723129272461
dehazexl,DehazeXL,satehaze1k_test_thick_002,thick,15.206722259521484,0.5120041370391846,12.227235794067383
dehazexl,DehazeXL,satehaze1k_test_thick_003,thick,15.412392616271973,0.554213285446167,12.472806930541992
dehazexl,DehazeXL,satehaze1k_test_thick_004,thick,13.516430854797363,0.5087239146232605,15.422964096069336
dehazexl,DehazeXL,satehaze1k_test_thick_005,thick,15.313278198242188,0.5715693235397339,12.654532432556152
dehazexl,DehazeXL,satehaze1k_test_thick_006,thick,13.89711856842041,0.5071941018104553,14.758062362670898
dehazexl,DehazeXL,satehaze1k_test_thick_007,thick,14.341503143310547,0.5073962211608887,13.79416561126709
dehazexl,DehazeXL,satehaze1k_test_thick_008,thick,14.651204109191895,0.5253099203109741,13.289759635925293
dehazexl,DehazeXL,satehaze1k_test_thick_009,thick,13.302521705627441,0.4822714328765869,15.809261322021484
dehazexl,DehazeXL,satehaze1k_test_thick_010,thick,13.867798805236816,0.4809403717517853,14.80294418334961
dehazexl,DehazeXL,satehaze1k_test_thick_011,thick,14.172819137573242,0.5172085762023926,14.036154747009277
dehazexl,DehazeXL,satehaze1k_test_thick_012,thick,15.169400215148926,0.49779072403907776,12.10016918182373
dehazexl,DehazeXL,satehaze1k_test_thick_013,thick,13.436156272888184,0.5190553069114685,15.82569694519043
dehazexl,DehazeXL,satehaze1k_test_thick_014,thick,13.384149551391602,0.46429017186164856,15.543388366699219
dehazexl,DehazeXL,satehaze1k_test_thick_015,thick,15.314078330993652,0.5131127834320068,12.053156852722168
dehazexl,DehazeXL,satehaze1k_test_thick_016,thick,14.113531112670898,0.5290290117263794,13.945079803466797
dehazexl,DehazeXL,satehaze1k_test_thick_017,thick,14.229959487915039,0.524814784526825,13.985006332397461
dehazexl,DehazeXL,satehaze1k_test_thick_018,thick,15.749217987060547,0.5724877715110779,12.205299377441406
dehazexl,DehazeXL,satehaze1k_test_thick_019,thick,14.185422897338867,0.5105093121528625,14.100379943847656
dehazexl,DehazeXL,satehaze1k_test_thick_020,thick,13.439828872680664,0.4872482120990753,15.479410171508789
dehazexl,DehazeXL,satehaze1k_test_thick_021,thick,14.128353118896484,0.49112755060195923,14.440716743469238
dehazexl,DehazeXL,satehaze1k_test_thick_022,thick,14.712430000305176,0.520768940448761,13.231812477111816
dehazexl,DehazeXL,satehaze1k_test_thick_023,thick,15.563858985900879,0.5642426013946533,12.365135192871094
dehazexl,DehazeXL,satehaze1k_test_thick_024,thick,15.052623748779297,0.4867701232433319,12.43320083618164
dehazexl,DehazeXL,satehaze1k_test_thick_025,thick,14.583588600158691,0.4811837375164032,12.961092948913574
dehazexl,DehazeXL,satehaze1k_test_thick_026,thick,13.34829330444336,0.4832187294960022,15.586172103881836
dehazexl,DehazeXL,satehaze1k_test_thick_027,thick,13.44328498840332,0.5137642025947571,15.694965362548828
dehazexl,DehazeXL,satehaze1k_test_thick_028,thick,13.831385612487793,0.5102266073226929,14.716706275939941
dehazexl,DehazeXL,satehaze1k_test_thick_029,thick,15.008187294006348,0.5493761897087097,13.15288257598877
dehazexl,DehazeXL,satehaze1k_test_thick_030,thick,14.453238487243652,0.5118299722671509,13.554315567016602
dehazexl,DehazeXL,satehaze1k_test_thick_031,thick,14.257279396057129,0.5036227703094482,13.825441360473633
dehazexl,DehazeXL,satehaze1k_test_thick_032,thick,13.763823509216309,0.4697163701057434,14.96367359161377
dehazexl,DehazeXL,satehaze1k_test_thick_033,thick,14.493765830993652,0.5225966572761536,13.586954116821289
dehazexl,DehazeXL,satehaze1k_test_thick_034,thick,14.699973106384277,0.534554660320282,13.115172386169434
dehazexl,DehazeXL,satehaze1k_test_thick_035,thick,14.59168815612793,0.49185463786125183,13.2286958694458
dehazexl,DehazeXL,satehaze1k_test_thick_036,thick,14.325599670410156,0.5331855416297913,13.7039213180542
dehazexl,DehazeXL,satehaze1k_test_thick_037,thick,13.591056823730469,0.5229846835136414,15.512975692749023
dehazexl,DehazeXL,satehaze1k_test_thick_038,thick,13.50165843963623,0.5179435014724731,15.13094711303711
dehazexl,DehazeXL,satehaze1k_test_thick_039,thick,14.387401580810547,0.5264235138893127,13.85536003112793
dehazexl,DehazeXL,satehaze1k_test_thick_040,thick,13.410383224487305,0.4856196343898773,15.711414337158203
dehazexl,DehazeXL,satehaze1k_test_thick_041,thick,14.486666679382324,0.4912301301956177,13.594146728515625
dehazexl,DehazeXL,satehaze1k_test_thick_042,thick,13.088567733764648,0.4865296185016632,16.387760162353516
dehazexl,DehazeXL,satehaze1k_test_thick_043,thick,15.452775001525879,0.5842761397361755,12.29715347290039
dehazexl,DehazeXL,satehaze1k_test_thick_044,thick,13.588042259216309,0.515117347240448,15.056160926818848
dehazexl,DehazeXL,satehaze1k_test_thick_045,thick,14.66152572631836,0.5234379172325134,13.414353370666504
