method_key,method_label,image_id,haze_level,psnr,ssim_gaussian11,deltaE00
spagan,SpA-GAN,satehaze1k_test_thin_001,thin,24.625694274902344,0.9634777903556824,5.598205089569092
spagan,SpA-GAN,satehaze1k_test_thin_002,thin,23.749692916870117,0.9558075666427612,6.175103187561035
spagan,SpA-GAN,satehaze1k_test_thin_003,thin,25.149539947509766,0.9514257311820984,5.103602409362793
spagan,SpA-GAN,satehaze1k_test_thin_004,thin,25.20469856262207,0.9585656523704529,4.950011253356934
spagan,SpA-GAN,satehaze1k_test_thin_005,thin,23.96348762512207,0.9472299218177795,5.6486101150512695
spagan,SpA-GAN,satehaze1k_test_thin_006,thin,24.920211791992188,0.9590154886245728,4.940367698669434
spagan,SpA-GAN,satehaze1k_test_thin_007,thin,25.749910354614258,0.9630886316299438,5.059636116027832
spagan,SpA-GAN,satehaze1k_test_thin_008,thin,24.274078369140625,0.958167552947998,5.826332092285156
spagan,SpA-GAN,satehaze1k_test_thin_009,thin,24.133892059326172,0.9523043036460876,5.529670238494873
spagan,SpA-GAN,satehaze1k_test_thin_010,thin,23.654756546020508,0.9439920783042908,5.732205390930176
spagan,SpA-GAN,satehaze1k_test_thin_011,thin,25.341171264648438,0.9540078639984131,5.038010597229004
spagan,SpA-GAN,satehaze1k_test_thin_012,thin,24.52939224243164,0.951447069644928,5.340983867645264
spagan,SpA-GAN,satehaze1k_test_thin_013,thin,23.85260581970215,0.9457159638404846,5.646539688110352
spagan,SpA-GAN,satehaze1k_test_thin_014,thin,26.033916473388672,0.9619252681732178,4.8956499099731445
spagan,SpA-GAN,satehaze1k_test_thin_015,thin,24.927396774291992,0.9652220010757446,5.509561061859131
spagan,SpA-GAN,satehaze1k_test_thin_016,thin,25.571083068847656,0.9640337824821472,4.994786262512207
spagan,SpA-GAN,satehaze1k_test_thin_017,thin,24.2103271484375,0.9539743661880493,5.835832118988037
spagan,SpA-GAN,satehaze1k_test_thin_018,thin,25.364219665527344,0.954958438873291,5.074974536895752
spagan,SpA-GAN,satehaze1k_test_thin_019,thin,25.01898193359375,0.9618558287620544,5.235124588012695
spagan,SpA-GAN,satehaze1k_test_thin_020,thin,25.26816177368164,0.9549115300178528,4.91744327545166
spagan,SpA-GAN,satehaze1k_test_thin_021,thin,25.855024337768555,0.9592418670654297,4.679711818695068
spagan,SpA-GAN,satehaze1k_test_thin_022,thin,24.53692626953125,0.9600030779838562,5.026867389678955
spagan,SpA-GAN,satehaze1k_test_thin_023,thin,23.78658676147461,0.9547027349472046,6.298768043518066
spagan,SpA-GAN,satehaze1k_test_thin_024,thin,25.80683708190918,0.96049565076828,4.714125633239746
spagan,SpA-GAN,satehaze1k_test_thin_025,thin,24.254884719848633,0.9509459733963013,5.800290584564209
spagan,SpA-GAN,satehaze1k_test_thin_026,thin,25.987539291381836,0.9607936143875122,4.866579055786133
spagan,SpA-GAN,satehaze1k_test_thin_027,thin,23.712434768676758,0.9552650451660156,6.184464454650879
spagan,SpA-GAN,satehaze1k_test_thin_028,thin,25.12620735168457,0.9522237181663513,4.927168369293213
spagan,SpA-GAN,satehaze1k_test_thin_029,thin,25.170551300048828,0.9517541527748108,5.02375602722168
spagan,SpA-GAN,satehaze1k_test_thin_030,thin,25.465702056884766,0.957894504070282,4.81730842590332
spagan,SpA-GAN,satehaze1k_test_thin_031,thin,25.11416244506836,0.9524179697036743,5.08101749420166
spagan,SpA-GAN,satehaze1k_test_thin_032,thin,25.824243545532227,0.9659457206726074,4.825739860534668
spagan,SpA-GAN,satehaze1k_test_thin_033,thin,24.989978790283203,0.9528017640113831,5.109282970428467
spagan,SpA-GAN,satehaze1k_test_thin_034,thin,25.47217559814453,0.9595820307731628,5.013344764709473
spagan,SpA-GAN,satehaze1k_test_thin_035,thin,23.504697799682617,0.9496263265609741,5.848601818084717
spagan,SpA-GAN,satehaze1k_test_thin_036,thin,25.55232048034668,0.9562309980392456,4.982506275177002
spagan,SpA-GAN,satehaze1k_test_thin_037,thin,23.370819091796875,0.943523645401001,5.793107032775879
spagan,SpA-GAN,satehaze1k_test_thin_038,thin,25.96198272705078,0.9666522145271301,4.8504486083984375
spagan,SpA-GAN,satehaze1k_test_thin_039,thin,24.9385929107666,0.9497495293617249,5.083961486816406
spagan,SpA-GAN,satehaze1k_test_thin_040,thin,25.387901306152344,0.9600274562835693,4.815272808074951
spagan,SpA-GAN,satehaze1k_test_thin_041,thin,25.750673294067383,0.9603317975997925,4.887500762939453
spagan,SpA-GAN,satehaze1k_test_thin_042,thin,24.8953800201416,0.9590907692909241,4.945367336273193
spagan,SpA-GAN,satehaze1k_test_thin_043,thin,25.51409149169922,0.9649278521537781,4.996922492980957
spagan,SpA-GAN,satehaze1k_test_thin_044,thin,26.022045135498047,0.9684911966323853,4.811753273010254
spagan,SpA-GAN,satehaze1k_test_thin_045,thin,25.171493530273438,0.952093243598938,5.109594345092773
spagan,SpA-GAN,satehaze1k_test_moderate_001,moderate,23.813262939453125,0.9214900135993958,8.097916603088379
spagan,SpA-GAN,satehaze1k_test_moderate_002,moderate,24.940080642700195,0.9126496315002441,8.868276596069336
spagan,SpA-GAN,satehaze1k_test_moderate_003,moderate,26.614032745361328,0.9503667950630188,6.132458209991455
spagan,SpA-GAN,satehaze1k_test_moderate_004,moderate,24.45844268798828,0.9303945302963257,7.5804901123046875
spagan,SpA-GAN,satehaze1k_test_moderate_005,moderate,24.657230377197266,0.9275972247123718,7.072324275970459
spagan,SpA-GAN,satehaze1k_test_moderate_006,moderate,26.065881729125977,0.9407588839530945,7.861805438995361
spagan,SpA-GAN,satehaze1k_test_moderate_007,moderate,26.112548828125,0.9480757117271423,6.348235130310059
spagan,SpA-GAN,satehaze1k_test_moderate_008,moderate,25.14501953125,0.929238498210907,8.164417266845703
spagan,SpA-GAN,satehaze1k_test_moderate_009,moderate,23.700576782226562,0.9329308867454529,7.5104146003723145
spagan,SpA-GAN,satehaze1k_test_moderate_010,moderate,25.80051040649414,0.9495298862457275,5.989657402038574
spagan,SpA-GAN,satehaze1k_test_moderate_011,moderate,24.67815399169922,0.9307061433792114,6.703188419342041
spagan,SpA-GAN,satehaze1k_test_moderate_012,moderate,25.143596649169922,0.9477970600128174,6.611613750457764
spagan,SpA-GAN,satehaze1k_test_moderate_013,moderate,25.019668579101562,0.948843777179718,6.655546188354492
spagan,SpA-GAN,satehaze1k_test_moderate_014,moderate,27.261241912841797,0.9442294239997864,6.562093734741211
spagan,SpA-GAN,satehaze1k_test_moderate_015,moderate,25.67558479309082,0.9120597839355469,7.947878837585449
spagan,SpA-GAN,satehaze1k_test_moderate_016,moderate,25.595783233642578,0.9392296671867371,7.134416580200195
spagan,SpA-GAN,satehaze1k_test_moderate_017,moderate,27.77540397644043,0.9448986053466797,5.570385456085205
spagan,SpA-GAN,satehaze1k_test_moderate_018,moderate,25.05925941467285,0.9288865923881531,8.100190162658691
spagan,SpA-GAN,satehaze1k_test_moderate_019,moderate,24.3912410736084,0.9159173965454102,9.003835678100586
spagan,SpA-GAN,satehaze1k_test_moderate_020,moderate,24.67394256591797,0.90468430519104,8.541498184204102
spagan,SpA-GAN,satehaze1k_test_moderate_021,moderate,23.677066802978516,0.9287135601043701,7.295796871185303
spagan,SpA-GAN,satehaze1k_test_moderate_022,moderate,25.133590698242188,0.9391135573387146,6.899111270904541
spagan,SpA-GAN,satehaze1k_test_moderate_023,moderate,26.639909744262695,0.9318681359291077,7.7087082862854
spagan,SpA-GAN,satehaze1k_test_moderate_024,moderate,25.21300506591797,0.9327133297920227,7.516514301300049
spagan,SpA-GAN,satehaze1k_test_moderate_025,moderate,25.507530212402344,0.9407513737678528,7.022197723388672
spagan,SpA-GAN,satehaze1k_test_moderate_026,moderate,25.64408302307129,0.9342730641365051,8.25949478149414
spagan,SpA-GAN,satehaze1k_test_moderate_027,moderate,25.750919342041016,0.9320131540298462,7.239152431488037
spagan,SpA-GAN,satehaze1k_test_moderate_028,moderate,24.512577056884766,0.9274638891220093,7.9606757164001465
spagan,SpA-GAN,satehaze1k_test_moderate_029,moderate,23.581178665161133,0.88772052526474,9.046941757202148
spagan,SpA-GAN,satehaze1k_test_moderate_030,moderate,25.353614807128906,0.9045043587684631,8.885818481445312
spagan,SpA-GAN,satehaze1k_test_moderate_031,moderate,23.267562866210938,0.9171066284179688,8.523336410522461
spagan,SpA-GAN,satehaze1k_test_moderate_032,moderate,26.42951011657715,0.929758608341217,7.048175811767578
spagan,SpA-GAN,satehaze1k_test_moderate_033,moderate,25.434797286987305,0.930063784122467,7.762796401977539
spagan,SpA-GAN,satehaze1k_test_moderate_034,moderate,24.909059524536133,0.9344787001609802,7.567092418670654
spagan,SpA-GAN,satehaze1k_test_moderate_035,moderate,26.605398178100586,0.9508784413337708,7.0661540031433105
spagan,SpA-GAN,satehaze1k_test_moderate_036,moderate,25.076824188232422,0.9174139499664307,8.452064514160156
spagan,SpA-GAN,satehaze1k_test_moderate_037,moderate,25.491762161254883,0.9305097460746765,8.015362739562988
spagan,SpA-GAN,satehaze1k_test_moderate_038,moderate,25.29126739501953,0.9242922067642212,7.773464679718018
spagan,SpA-GAN,satehaze1k_test_moderate_039,moderate,25.51092529296875,0.9418474435806274,7.243817329406738
spagan,SpA-GAN,satehaze1k_test_moderate_040,moderate,22.95456886291504,0.9081276059150696,8.965947151184082
spagan,SpA-GAN,satehaze1k_test_moderate_041,moderate,20.865108489990234,0.8831680417060852,10.126059532165527
spagan,SpA-GAN,satehaze1k_test_moderate_042,moderate,24.778560638427734,0.9188225865364075,8.606738090515137
spagan,SpA-GAN,satehaze1k_test_moderate_043,moderate,24.04537582397461,0.9082708358764648,7.914917945861816
spagan,SpA-GAN,satehaze1k_test_moderate_044,moderate,24.829862594604492,0.9173234105110168,8.848760604858398
spagan,SpA-GAN,satehaze1k_test_moderate_045,moderate,23.54974365234375,0.8624839186668396,9.521624565124512
spagan,SpA-GAN,satehaze1k_test_thick_001,thick,19.71541404724121,0.8629609942436218,9.114136695861816
spagan,SpA-GAN,satehaze1k_test_thick_002,thick,20.23186492919922,0.8615515232086182,8.194289207458496
spagan,SpA-GAN,satehaze1k_test_thick_003,thick,19.494291305541992,0.8396144509315491,9.729083061218262
spagan,SpA-GAN,satehaze1k_test_thick_004,thick,19.6309871673584,0.8644117116928101,9.04908561706543
spagan,SpA-GAN,satehaze1k_test_thick_005,thick,20.28082275390625,0.8803877830505371,8.922982215881348
spagan,SpA-GAN,satehaze1k_test_thick_006,thick,20.26447105407715,0.8749767541885376,8.913558006286621
spagan,SpA-GAN,satehaze1k_test_thick_007,thick,19.424840927124023,0.8546926975250244,9.083009719848633
spagan,SpA-GAN,satehaze1k_test_thick_008,thick,19.361637115478516,0.8664401173591614,9.693222999572754
spagan,SpA-GAN,satehaze1k_test_thick_009,thick,19.800212860107422,0.843868613243103,8.99039363861084
spagan,SpA-GAN,satehaze1k_test_thick_010,thick,19.664464950561523,0.851040244102478,8.878055572509766
spagan,SpA-GAN,satehaze1k_test_thick_011,thick,19.61911964416504,0.8692159652709961,9.393672943115234
spagan,SpA-GAN,satehaze1k_test_thick_012,thick,20.19529151916504,0.8434261083602905,8.35129165649414
spagan,SpA-GAN,satehaze1k_test_thick_013,thick,19.774877548217773,0.8753229975700378,8.892961502075195
spagan,SpA-GAN,satehaze1k_test_thick_014,thick,18.145845413208008,0.8213748335838318,11.349730491638184
spagan,SpA-GAN,satehaze1k_test_thick_015,thick,20.180788040161133,0.8582158088684082,8.268588066101074
spagan,SpA-GAN,satehaze1k_test_thick_016,thick,19.73409652709961,0.8655345439910889,8.96371841430664
spagan,SpA-GAN,satehaze1k_test_thick_017,thick,20.255043029785156,0.8726655840873718,8.586087226867676
spagan,SpA-GAN,satehaze1k_test_thick_018,thick,19.77639389038086,0.8818401098251343,9.408041954040527
spagan,SpA-GAN,satehaze1k_test_thick_019,thick,19.63501739501953,0.8668734431266785,9.447571754455566
spagan,SpA-GAN,satehaze1k_test_thick_020,thick,20.12031364440918,0.8620421886444092,8.805011749267578
spagan,SpA-GAN,satehaze1k_test_thick_021,thick,18.167428970336914,0.8385153412818909,11.200223922729492
spagan,SpA-GAN,satehaze1k_test_thick_022,thick,19.479942321777344,0.8690280318260193,9.451742172241211
spagan,SpA-GAN,satehaze1k_test_thick_023,thick,19.63138771057129,0.8889284133911133,9.377581596374512
spagan,SpA-GAN,satehaze1k_test_thick_024,thick,20.445764541625977,0.8539995551109314,8.123431205749512
spagan,SpA-GAN,satehaze1k_test_thick_025,thick,19.24789047241211,0.8334617614746094,9.454483032226562
spagan,SpA-GAN,satehaze1k_test_thick_026,thick,19.139230728149414,0.8438543677330017,9.602724075317383
spagan,SpA-GAN,satehaze1k_test_thick_027,thick,19.579557418823242,0.8728293180465698,9.082510948181152
spagan,SpA-GAN,satehaze1k_test_thick_028,thick,19.768787384033203,0.8645336031913757,9.140312194824219
spagan,SpA-GAN,satehaze1k_test_thick_029,thick,19.80127716064453,0.8821837902069092,9.2605562210083
spagan,SpA-GAN,satehaze1k_test_thick_030,thick,19.92509651184082,0.8575962781906128,8.613587379455566
spagan,SpA-GAN,satehaze1k_test_thick_031,thick,19.37588882446289,0.8546517491340637,9.065752029418945
spagan,SpA-GAN,satehaze1k_test_thick_032,thick,18.159610748291016,0.8296709060668945,11.226401329040527
spagan,SpA-GAN,satehaze1k_test_thick_033,thick,19.761512756347656,0.864213228225708,8.748308181762695
spagan,SpA-GAN,satehaze1k_test_thick_034,thick,20.25572967529297,0.8707526922225952,8.455392837524414
spagan,SpA-GAN,satehaze1k_test_thick_035,thick,18.798080444335938,0.8329418897628784,10.229238510131836
spagan,SpA-GAN,satehaze1k_test_thick_036,thick,19.898645401000977,0.8682070374488831,8.792097091674805
spagan,SpA-GAN,satehaze1k_test_thick_037,thick,19.805274963378906,0.8755146861076355,8.85874080657959
spagan,SpA-GAN,satehaze1k_test_thick_038,thick,19.746562957763672,0.8626685738563538,8.955076217651367
spagan,SpA-GAN,satehaze1k_test_thick_039,thick,19.982330322265625,0.8714426755905151,8.654336929321289
spagan,SpA-GAN,satehaze1k_test_thick_040,thick,19.689830780029297,0.8568811416625977,8.863582611083984
spagan,SpA-GAN,satehaze1k_test_thick_041,thick,18.929712295532227,0.8392457962036133,10.033164978027344
spagan,SpA-GAN,satehaze1k_test_thick_042,thick,19.37910270690918,0.8612774014472961,9.597689628601074
spagan,SpA-GAN,satehaze1k_test_thick_043,thick,20.722049713134766,0.888119637966156,8.496875762939453
spagan,SpA-GAN,satehaze1k_test_thick_044,thick,20.028745651245117,0.8677151799201965,8.720857620239258
spagan,SpA-GAN,satehaze1k_test_thick_045,thick,20.507949829101562,0.8843432664871216,8.63731861114502
dcil,DCIL,satehaze1k_test_thin_001,thin,22.839527130126953,0.95625901222229,6.000276565551758
dcil,DCIL,satehaze1k_test_thin_002,thin,21.44428253173828,0.9439059495925903,7.175743103027344
dcil,DCIL,satehaze1k_test_thin_003,thin,24.781837463378906,0.9541662335395813,5.103672027587891
dcil,DCIL,satehaze1k_test_thin_004,thin,24.097108840942383,0.9547874331474304,5.170144081115723
dcil,DCIL,satehaze1k_test_thin_005,thin,22.09050750732422,0.9418172836303711,6.224367141723633
dcil,DCIL,satehaze1k_test_thin_006,thin,24.690330505371094,0.9613375067710876,4.746670246124268
dcil,DCIL,satehaze1k_test_thin_007,thin,25.060422897338867,0.9635176658630371,4.978837013244629
dcil,DCIL,satehaze1k_test_thin_008,thin,22.58406639099121,0.9512991309165955,6.257247447967529
dcil,DCIL,satehaze1k_test_thin_009,thin,22.22738265991211,0.9453076124191284,6.137672424316406
dcil,DCIL,satehaze1k_test_thin_010,thin,22.01129722595215,0.939005434513092,6.296581745147705
dcil,DCIL,satehaze1k_test_thin_011,thin,24.71426010131836,0.9550418257713318,5.143404960632324
dcil,DCIL,satehaze1k_test_thin_012,thin,22.914348602294922,0.9479483366012573,5.719007968902588
dcil,DCIL,satehaze1k_test_thin_013,thin,21.805837631225586,0.9374682307243347,6.384313583374023
dcil,DCIL,satehaze1k_test_thin_014,thin,24.339256286621094,0.9597398042678833,5.295691967010498
dcil,DCIL,satehaze1k_test_thin_015,thin,22.81731414794922,0.9568294286727905,5.986566066741943
dcil,DCIL,satehaze1k_test_thin_016,thin,24.912120819091797,0.966864287853241,4.931830406188965
dcil,DCIL,satehaze1k_test_thin_017,thin,21.38345718383789,0.9358581304550171,7.4998555183410645
dcil,DCIL,satehaze1k_test_thin_018,thin,25.651418685913086,0.9597920775413513,4.59259033203125
dcil,DCIL,satehaze1k_test_thin_019,thin,23.218135833740234,0.9568943977355957,5.723840713500977
dcil,DCIL,satehaze1k_test_thin_020,thin,25.794429779052734,0.9592303037643433,4.524470329284668
dcil,DCIL,satehaze1k_test_thin_021,thin,24.921567916870117,0.958488941192627,4.67800235748291
dcil,DCIL,satehaze1k_test_thin_022,thin,23.894084930419922,0.9600109457969666,4.991220474243164
dcil,DCIL,satehaze1k_test_thin_023,thin,20.45134735107422,0.9350335597991943,8.07065200805664
dcil,DCIL,satehaze1k_test_thin_024,thin,24.703733444213867,0.9580733180046082,4.830729961395264
dcil,DCIL,satehaze1k_test_thin_025,thin,21.87321662902832,0.9365013837814331,7.087706565856934
dcil,DCIL,satehaze1k_test_thin_026,thin,24.44563102722168,0.9587994813919067,5.224432945251465
dcil,DCIL,satehaze1k_test_thin_027,thin,21.687543869018555,0.9447644352912903,6.972482681274414
dcil,DCIL,satehaze1k_test_thin_028,thin,25.487003326416016,0.9557164907455444,4.542661190032959
dcil,DCIL,satehaze1k_test_thin_029,thin,25.1661376953125,0.9564870595932007,4.81907844543457
dcil,DCIL,satehaze1k_test_thin_030,thin,24.365108489990234,0.9546866416931152,4.914984703063965
dcil,DCIL,satehaze1k_test_thin_031,thin,24.56690216064453,0.9537089467048645,5.071267127990723
dcil,DCIL,satehaze1k_test_thin_032,thin,24.85384750366211,0.9658404588699341,4.992293834686279
dcil,DCIL,satehaze1k_test_thin_033,thin,23.862773895263672,0.953204333782196,5.1519775390625
dcil,DCIL,satehaze1k_test_thin_034,thin,25.010154724121094,0.9606879949569702,4.879429817199707
dcil,DCIL,satehaze1k_test_thin_035,thin,22.709823608398438,0.9474258422851562,5.970972061157227
dcil,DCIL,satehaze1k_test_thin_036,thin,24.35940933227539,0.9569432139396667,5.26515531539917
dcil,DCIL,satehaze1k_test_thin_037,thin,22.183645248413086,0.9426212310791016,6.246636390686035
dcil,DCIL,satehaze1k_test_thin_038,thin,24.6790714263916,0.9668323993682861,5.053887844085693
dcil,DCIL,satehaze1k_test_thin_039,thin,24.493850708007812,0.9506019949913025,4.982696056365967
dcil,DCIL,satehaze1k_test_thin_040,thin,26.11516571044922,0.9644009470939636,4.419795989990234
dcil,DCIL,satehaze1k_test_thin_041,thin,24.187816619873047,0.9579994082450867,5.310976505279541
dcil,DCIL,satehaze1k_test_thin_042,thin,24.522815704345703,0.961189329624176,4.790885925292969
dcil,DCIL,satehaze1k_test_thin_043,thin,24.5443058013916,0.9662438631057739,5.120192527770996
dcil,DCIL,satehaze1k_test_thin_044,thin,24.960386276245117,0.9695481657981873,4.879540920257568
dcil,DCIL,satehaze1k_test_thin_045,thin,24.658855438232422,0.95334392786026,5.1653056144714355
dcil,DCIL,satehaze1k_test_moderate_001,moderate,28.312419891357422,0.9697540998458862,6.430929660797119
dcil,DCIL,satehaze1k_test_moderate_002,moderate,28.372665405273438,0.9708667993545532,8.337259292602539
dcil,DCIL,satehaze1k_test_moderate_003,moderate,23.96750259399414,0.9668123126029968,6.926560401916504
dcil,DCIL,satehaze1k_test_moderate_004,moderate,25.5537109375,0.9686592817306519,7.304827690124512
dcil,DCIL,satehaze1k_test_moderate_005,moderate,26.596454620361328,0.9681196808815002,6.341853141784668
dcil,DCIL,satehaze1k_test_moderate_006,moderate,27.084442138671875,0.9763017892837524,7.707581996917725
dcil,DCIL,satehaze1k_test_moderate_007,moderate,25.68022918701172,0.9713848829269409,6.246992111206055
dcil,DCIL,satehaze1k_test_moderate_008,moderate,26.834619522094727,0.9691102504730225,8.100631713867188
dcil,DCIL,satehaze1k_test_moderate_009,moderate,27.683561325073242,0.9750293493270874,6.255026340484619
dcil,DCIL,satehaze1k_test_moderate_010,moderate,24.342144012451172,0.9659093022346497,6.670430660247803
dcil,DCIL,satehaze1k_test_moderate_011,moderate,23.565380096435547,0.9517289996147156,8.352705001831055
dcil,DCIL,satehaze1k_test_moderate_012,moderate,26.868925094604492,0.9767974615097046,5.310956001281738
dcil,DCIL,satehaze1k_test_moderate_013,moderate,27.159595489501953,0.978132963180542,5.331454277038574
dcil,DCIL,satehaze1k_test_moderate_014,moderate,28.480749130249023,0.9762197732925415,5.082342147827148
dcil,DCIL,satehaze1k_test_moderate_015,moderate,28.968082427978516,0.9684512615203857,6.9525909423828125
dcil,DCIL,satehaze1k_test_moderate_016,moderate,27.813947677612305,0.97384113073349,5.891068935394287
dcil,DCIL,satehaze1k_test_moderate_017,moderate,29.682519912719727,0.9764531850814819,3.93037748336792
dcil,DCIL,satehaze1k_test_moderate_018,moderate,24.69585418701172,0.9647342562675476,9.286592483520508
dcil,DCIL,satehaze1k_test_moderate_019,moderate,26.363676071166992,0.9687492251396179,10.522026062011719
dcil,DCIL,satehaze1k_test_moderate_020,moderate,26.764942169189453,0.9626755714416504,8.551536560058594
dcil,DCIL,satehaze1k_test_moderate_021,moderate,25.979122161865234,0.9703361988067627,6.494051456451416
dcil,DCIL,satehaze1k_test_moderate_022,moderate,26.265193939208984,0.9691311120986938,6.218833923339844
dcil,DCIL,satehaze1k_test_moderate_023,moderate,28.493005752563477,0.9749823212623596,6.815976142883301
dcil,DCIL,satehaze1k_test_moderate_024,moderate,25.08606719970703,0.9686140418052673,8.347540855407715
dcil,DCIL,satehaze1k_test_moderate_025,moderate,24.001434326171875,0.9612228870391846,8.432388305664062
dcil,DCIL,satehaze1k_test_moderate_026,moderate,26.96599006652832,0.9749330282211304,8.17313003540039
dcil,DCIL,satehaze1k_test_moderate_027,moderate,27.830787658691406,0.9733306765556335,6.518645763397217
dcil,DCIL,satehaze1k_test_moderate_028,moderate,24.774648666381836,0.9640538692474365,9.011459350585938
dcil,DCIL,satehaze1k_test_moderate_029,moderate,22.62054443359375,0.9391005635261536,11.485044479370117
dcil,DCIL,satehaze1k_test_moderate_030,moderate,26.40597152709961,0.9644073843955994,10.580806732177734
dcil,DCIL,satehaze1k_test_moderate_031,moderate,24.329957962036133,0.9605941772460938,10.02867603302002
dcil,DCIL,satehaze1k_test_moderate_032,moderate,29.25753402709961,0.9722315073013306,5.607974052429199
dcil,DCIL,satehaze1k_test_moderate_033,moderate,26.972354888916016,0.9719521403312683,7.546588897705078
dcil,DCIL,satehaze1k_test_moderate_034,moderate,24.529048919677734,0.9670162200927734,8.418171882629395
dcil,DCIL,satehaze1k_test_moderate_035,moderate,24.53768539428711,0.9714789390563965,7.959689140319824
dcil,DCIL,satehaze1k_test_moderate_036,moderate,26.18903350830078,0.9674677848815918,10.065238952636719
dcil,DCIL,satehaze1k_test_moderate_037,moderate,24.977781295776367,0.9692176580429077,9.705801963806152
dcil,DCIL,satehaze1k_test_moderate_038,moderate,27.73736000061035,0.9707657098770142,7.4650139808654785
dcil,DCIL,satehaze1k_test_moderate_039,moderate,24.831798553466797,0.9679890871047974,8.249727249145508
dcil,DCIL,satehaze1k_test_moderate_040,moderate,24.590667724609375,0.9622819423675537,9.51394271850586
dcil,DCIL,satehaze1k_test_moderate_041,moderate,23.84547996520996,0.9530501365661621,11.104182243347168
dcil,DCIL,satehaze1k_test_moderate_042,moderate,26.95948028564453,0.9697862267494202,9.716206550598145
dcil,DCIL,satehaze1k_test_moderate_043,moderate,23.605356216430664,0.9464999437332153,9.496426582336426
dcil,DCIL,satehaze1k_test_moderate_044,moderate,26.70061492919922,0.9698717594146729,10.152953147888184
dcil,DCIL,satehaze1k_test_moderate_045,moderate,25.609336853027344,0.9480809569358826,12.249938011169434
dcil,DCIL,satehaze1k_test_thick_001,thick,22.69849967956543,0.9304986000061035,6.297582626342773
dcil,DCIL,satehaze1k_test_thick_002,thick,23.179943084716797,0.9215580821037292,5.867325782775879
dcil,DCIL,satehaze1k_test_thick_003,thick,21.105857849121094,0.9042884707450867,7.607895851135254
dcil,DCIL,satehaze1k_test_thick_004,thick,22.17348861694336,0.9242311120033264,6.7039923667907715
dcil,DCIL,satehaze1k_test_thick_005,thick,21.01321029663086,0.9223676323890686,7.505745887756348
dcil,DCIL,satehaze1k_test_thick_006,thick,21.241405487060547,0.9212270975112915,7.300091743469238
dcil,DCIL,satehaze1k_test_thick_007,thick,22.639205932617188,0.9275522232055664,6.275713920593262
dcil,DCIL,satehaze1k_test_thick_008,thick,22.42946434020996,0.9317659139633179,6.629508972167969
dcil,DCIL,satehaze1k_test_thick_009,thick,22.73068618774414,0.9174774885177612,6.334140777587891
dcil,DCIL,satehaze1k_test_thick_010,thick,22.84581756591797,0.9143248200416565,6.13826322555542
dcil,DCIL,satehaze1k_test_thick_011,thick,23.28263282775879,0.9382128715515137,6.168728828430176
dcil,DCIL,satehaze1k_test_thick_012,thick,22.296464920043945,0.9142228364944458,6.225716590881348
dcil,DCIL,satehaze1k_test_thick_013,thick,22.962635040283203,0.9335012435913086,6.172173023223877
dcil,DCIL,satehaze1k_test_thick_014,thick,21.227516174316406,0.8987075686454773,7.671074390411377
dcil,DCIL,satehaze1k_test_thick_015,thick,23.411441802978516,0.9228057265281677,5.7679972648620605
dcil,DCIL,satehaze1k_test_thick_016,thick,22.401100158691406,0.9279276132583618,6.467824459075928
dcil,DCIL,satehaze1k_test_thick_017,thick,23.26685333251953,0.93422532081604,5.931916236877441
dcil,DCIL,satehaze1k_test_thick_018,thick,20.585269927978516,0.9219639897346497,7.786425590515137
dcil,DCIL,satehaze1k_test_thick_019,thick,22.558330535888672,0.9337950348854065,6.355030059814453
dcil,DCIL,satehaze1k_test_thick_020,thick,21.321237564086914,0.9196218252182007,7.1340532302856445
dcil,DCIL,satehaze1k_test_thick_021,thick,21.009170532226562,0.9058865308761597,7.729378700256348
dcil,DCIL,satehaze1k_test_thick_022,thick,22.017566680908203,0.9309168457984924,6.7129058837890625
dcil,DCIL,satehaze1k_test_thick_023,thick,20.914018630981445,0.9286172986030579,7.5108489990234375
dcil,DCIL,satehaze1k_test_thick_024,thick,22.94722557067871,0.916374146938324,6.027057647705078
dcil,DCIL,satehaze1k_test_thick_025,thick,21.538000106811523,0.9079083204269409,7.026780128479004
dcil,DCIL,satehaze1k_test_thick_026,thick,22.574344635009766,0.9210849404335022,6.422859191894531
dcil,DCIL,satehaze1k_test_thick_027,thick,22.290040969848633,0.9316352605819702,6.62186861038208
dcil,DCIL,satehaze1k_test_thick_028,thick,23.070680618286133,0.932515025138855,6.157930374145508
dcil,DCIL,satehaze1k_test_thick_029,thick,20.768577575683594,0.9214539527893066,7.632055282592773
dcil,DCIL,satehaze1k_test_thick_030,thick,23.07894515991211,0.9204918146133423,6.014321804046631
dcil,DCIL,satehaze1k_test_thick_031,thick,21.84710693359375,0.9227030277252197,6.7264485359191895
dcil,DCIL,satehaze1k_test_thick_032,thick,20.96442985534668,0.8990006446838379,7.748561859130859
dcil,DCIL,satehaze1k_test_thick_033,thick,22.783588409423828,0.9235677123069763,6.202960014343262
dcil,DCIL,satehaze1k_test_thick_034,thick,23.16852569580078,0.9310190081596375,5.95283317565918
dcil,DCIL,satehaze1k_test_thick_035,thick,20.92108154296875,0.9005693197250366,7.521873474121094
dcil,DCIL,satehaze1k_test_thick_036,thick,22.981107711791992,0.9319506883621216,6.184926986694336
dcil,DCIL,satehaze1k_test_thick_037,thick,22.403873443603516,0.930941641330719,6.491672992706299
dcil,DCIL,satehaze1k_test_thick_038,thick,22.618671417236328,0.9276096820831299,6.3813557624816895
dcil,DCIL,satehaze1k_test_thick_039,thick,23.042734146118164,0.9289523363113403,6.047494411468506
dcil,DCIL,satehaze1k_test_thick_040,thick,22.763580322265625,0.920786440372467,6.202485084533691
dcil,DCIL,satehaze1k_test_thick_041,thick,22.483592987060547,0.9168931841850281,6.508570671081543
dcil,DCIL,satehaze1k_test_thick_042,thick,22.77968978881836,0.9322870373725891,6.402925968170166
dcil,DCIL,satehaze1k_test_thick_043,thick,21.169845581054688,0.9254813194274902,7.317645072937012
dcil,DCIL,satehaze1k_test_thick_044,thick,22.190702438354492,0.9269413948059082,6.627134799957275
dcil,DCIL,satehaze1k_test_thick_045,thick,21.808927536010742,0.9313160181045532,6.81185245513916
dehazeformer,DehazeFormer,satehaze1k_test_thin_001,thin,22.78944969177246,0.9571315050125122,6.183121681213379
dehazeformer,DehazeFormer,satehaze1k_test_thin_002,thin,22.125736236572266,0.9495785236358643,6.689209461212158
dehazeformer,DehazeFormer,satehaze1k_test_thin_003,thin,20.803720474243164,0.932270348072052,7.415180683135986
dehazeformer,DehazeFormer,satehaze1k_test_thin_004,thin,21.958110809326172,0.9468989372253418,6.284164905548096
dehazeformer,DehazeFormer,satehaze1k_test_thin_005,thin,19.928619384765625,0.9219564199447632,7.455472946166992
dehazeformer,DehazeFormer,satehaze1k_test_thin_006,thin,22.451000213623047,0.9511101245880127,5.740318298339844
dehazeformer,DehazeFormer,satehaze1k_test_thin_007,thin,22.976741790771484,0.9549184441566467,5.896406650543213
dehazeformer,DehazeFormer,satehaze1k_test_thin_008,thin,22.099397659301758,0.9497979879379272,6.66876745223999
dehazeformer,DehazeFormer,satehaze1k_test_thin_009,thin,20.188079833984375,0.9279101490974426,7.260246276855469
dehazeformer,DehazeFormer,satehaze1k_test_thin_010,thin,19.32662582397461,0.9144891500473022,7.88821268081665
dehazeformer,DehazeFormer,satehaze1k_test_thin_011,thin,21.118898391723633,0.93552565574646,7.132017612457275
dehazeformer,DehazeFormer,satehaze1k_test_thin_012,thin,20.635984420776367,0.9308088421821594,6.947821617126465
dehazeformer,DehazeFormer,satehaze1k_test_thin_013,thin,19.289674758911133,0.9146888256072998,7.878379821777344
dehazeformer,DehazeFormer,satehaze1k_test_thin_014,thin,21.751575469970703,0.946487545967102,6.498210430145264
dehazeformer,DehazeFormer,satehaze1k_test_thin_015,thin,23.181638717651367,0.9598206877708435,6.0283660888671875
dehazeformer,DehazeFormer,satehaze1k_test_thin_016,thin,22.020404815673828,0.9524869918823242,6.399049758911133
dehazeformer,DehazeFormer,satehaze1k_test_thin_017,thin,19.631391525268555,0.9257537722587585,8.839983940124512
dehazeformer,DehazeFormer,satehaze1k_test_thin_018,thin,22.53168296813965,0.9451718926429749,5.961846351623535
dehazeformer,DehazeFormer,satehaze1k_test_thin_019,thin,21.139530181884766,0.9431496858596802,6.630095958709717
dehazeformer,DehazeFormer,satehaze1k_test_thin_020,thin,21.024898529052734,0.9371669292449951,6.828978538513184
dehazeformer,DehazeFormer,satehaze1k_test_thin_021,thin,22.18444061279297,0.9473298788070679,5.982265472412109
dehazeformer,DehazeFormer,satehaze1k_test_thin_022,thin,22.510168075561523,0.9523800015449524,5.664307594299316
dehazeformer,DehazeFormer,satehaze1k_test_thin_023,thin,20.896507263183594,0.9397671222686768,7.643263816833496
dehazeformer,DehazeFormer,satehaze1k_test_thin_024,thin,22.02427101135254,0.9478769898414612,6.093076705932617
dehazeformer,DehazeFormer,satehaze1k_test_thin_025,thin,19.89136505126953,0.9241572618484497,8.565401077270508
dehazeformer,DehazeFormer,satehaze1k_test_thin_026,thin,20.854488372802734,0.93963623046875,7.183446884155273
dehazeformer,DehazeFormer,satehaze1k_test_thin_027,thin,21.714740753173828,0.9465535879135132,6.998769760131836
dehazeformer,DehazeFormer,satehaze1k_test_thin_028,thin,21.17963981628418,0.9356313347816467,6.645087718963623
dehazeformer,DehazeFormer,satehaze1k_test_thin_029,thin,21.486513137817383,0.9375567436218262,6.686431407928467
dehazeformer,DehazeFormer,satehaze1k_test_thin_030,thin,22.196683883666992,0.9465867877006531,6.093360424041748
dehazeformer,DehazeFormer,satehaze1k_test_thin_031,thin,20.499799728393555,0.9304238557815552,7.295876502990723
dehazeformer,DehazeFormer,satehaze1k_test_thin_032,thin,22.905712127685547,0.9583276510238647,5.752579212188721
dehazeformer,DehazeFormer,satehaze1k_test_thin_033,thin,20.770700454711914,0.9323978424072266,6.953189373016357
dehazeformer,DehazeFormer,satehaze1k_test_thin_034,thin,22.83403205871582,0.9520302414894104,5.847362995147705
dehazeformer,DehazeFormer,satehaze1k_test_thin_035,thin,19.024703979492188,0.9149169325828552,8.530675888061523
dehazeformer,DehazeFormer,satehaze1k_test_thin_036,thin,21.598196029663086,0.9425012469291687,6.801494598388672
dehazeformer,DehazeFormer,satehaze1k_test_thin_037,thin,19.646652221679688,0.917019248008728,8.065705299377441
dehazeformer,DehazeFormer,satehaze1k_test_thin_038,thin,22.04401969909668,0.9551989436149597,6.223966598510742
dehazeformer,DehazeFormer,satehaze1k_test_thin_039,thin,19.918806076049805,0.9232592582702637,7.744592189788818
dehazeformer,DehazeFormer,satehaze1k_test_thin_040,thin,22.816810607910156,0.9508377313613892,5.577767848968506
dehazeformer,DehazeFormer,satehaze1k_test_thin_041,thin,20.729246139526367,0.9387950897216797,7.230443954467773
dehazeformer,DehazeFormer,satehaze1k_test_thin_042,thin,22.43853759765625,0.9503208994865417,5.742311477661133
dehazeformer,DehazeFormer,satehaze1k_test_thin_043,thin,21.810657501220703,0.952621579170227,6.485317707061768
dehazeformer,DehazeFormer,satehaze1k_test_thin_044,thin,22.88330078125,0.9608932733535767,5.758566856384277
dehazeformer,DehazeFormer,satehaze1k_test_thin_045,thin,21.106250762939453,0.9345229864120483,7.1852850914001465
dehazeformer,DehazeFormer,satehaze1k_test_moderate_001,moderate,27.528682708740234,0.9639719128608704,5.951084613800049
dehazeformer,DehazeFormer,satehaze1k_test_moderate_002,moderate,28.09274673461914,0.9719236493110657,7.3042402267456055
dehazeformer,DehazeFormer,satehaze1k_test_moderate_003,moderate,27.024805068969727,0.980721116065979,5.424500465393066
dehazeformer,DehazeFormer,satehaze1k_test_moderate_004,moderate,27.37509536743164,0.9714565873146057,6.413969039916992
dehazeformer,DehazeFormer,satehaze1k_test_moderate_005,moderate,24.3497371673584,0.959712028503418,5.9325127601623535
dehazeformer,DehazeFormer,satehaze1k_test_moderate_006,moderate,28.714508056640625,0.9786303043365479,6.3380022048950195
dehazeformer,DehazeFormer,satehaze1k_test_moderate_007,moderate,27.699748992919922,0.977472722530365,5.395086765289307
dehazeformer,DehazeFormer,satehaze1k_test_moderate_008,moderate,28.22418975830078,0.9729259610176086,6.808548927307129
dehazeformer,DehazeFormer,satehaze1k_test_moderate_009,moderate,28.03369140625,0.9752812385559082,5.7661824226379395
dehazeformer,DehazeFormer,satehaze1k_test_moderate_010,moderate,27.0489501953125,0.976693332195282,5.040652275085449
dehazeformer,DehazeFormer,satehaze1k_test_moderate_011,moderate,23.8679141998291,0.9556452631950378,6.768144607543945
dehazeformer,DehazeFormer,satehaze1k_test_moderate_012,moderate,27.401620864868164,0.9804086685180664,4.639148712158203
dehazeformer,DehazeFormer,satehaze1k_test_moderate_013,moderate,28.415618896484375,0.9825603365898132,4.592217445373535
dehazeformer,DehazeFormer,satehaze1k_test_moderate_014,moderate,29.427478790283203,0.978972852230072,4.661102294921875
dehazeformer,DehazeFormer,satehaze1k_test_moderate_015,moderate,27.029199600219727,0.9658513069152832,6.800565719604492
dehazeformer,DehazeFormer,satehaze1k_test_moderate_016,moderate,28.569805145263672,0.9739992022514343,5.394899845123291
dehazeformer,DehazeFormer,satehaze1k_test_moderate_017,moderate,29.805204391479492,0.978323757648468,3.766080379486084
dehazeformer,DehazeFormer,satehaze1k_test_moderate_018,moderate,26.848657608032227,0.9689101576805115,7.641064167022705
dehazeformer,DehazeFormer,satehaze1k_test_moderate_019,moderate,27.159221649169922,0.9697862267494202,9.269560813903809
dehazeformer,DehazeFormer,satehaze1k_test_moderate_020,moderate,27.106536865234375,0.962308943271637,7.79349422454834
dehazeformer,DehazeFormer,satehaze1k_test_moderate_021,moderate,26.118919372558594,0.9685627222061157,5.962596416473389
dehazeformer,DehazeFormer,satehaze1k_test_moderate_022,moderate,27.41455841064453,0.9705043435096741,5.509706497192383
dehazeformer,DehazeFormer,satehaze1k_test_moderate_023,moderate,27.895090103149414,0.9759625196456909,6.408663749694824
dehazeformer,DehazeFormer,satehaze1k_test_moderate_024,moderate,26.967330932617188,0.9754753112792969,7.1354522705078125
dehazeformer,DehazeFormer,satehaze1k_test_moderate_025,moderate,27.883819580078125,0.9731022119522095,6.383578300476074
dehazeformer,DehazeFormer,satehaze1k_test_moderate_026,moderate,28.402921676635742,0.9781380295753479,6.92466402053833
dehazeformer,DehazeFormer,satehaze1k_test_moderate_027,moderate,28.460346221923828,0.9731199741363525,6.028077602386475
dehazeformer,DehazeFormer,satehaze1k_test_moderate_028,moderate,26.502302169799805,0.9700148105621338,8.007484436035156
dehazeformer,DehazeFormer,satehaze1k_test_moderate_029,moderate,23.396427154541016,0.9317208528518677,10.13109016418457
dehazeformer,DehazeFormer,satehaze1k_test_moderate_030,moderate,26.272085189819336,0.9636478424072266,9.4395112991333
dehazeformer,DehazeFormer,satehaze1k_test_moderate_031,moderate,26.41394805908203,0.962577223777771,8.623676300048828
dehazeformer,DehazeFormer,satehaze1k_test_moderate_032,moderate,27.472373962402344,0.9702678322792053,5.791439056396484
dehazeformer,DehazeFormer,satehaze1k_test_moderate_033,moderate,28.199234008789062,0.9734280705451965,6.6190290451049805
dehazeformer,DehazeFormer,satehaze1k_test_moderate_034,moderate,26.619808197021484,0.9750385284423828,7.190262317657471
dehazeformer,DehazeFormer,satehaze1k_test_moderate_035,moderate,28.476154327392578,0.9824123382568359,6.0272955894470215
dehazeformer,DehazeFormer,satehaze1k_test_moderate_036,moderate,27.626163482666016,0.9670366048812866,8.813539505004883
dehazeformer,DehazeFormer,satehaze1k_test_moderate_037,moderate,26.99604034423828,0.9751783013343811,8.110605239868164
dehazeformer,DehazeFormer,satehaze1k_test_moderate_038,moderate,27.635929107666016,0.9702944159507751,6.8835272789001465
dehazeformer,DehazeFormer,satehaze1k_test_moderate_039,moderate,28.927303314208984,0.9778277277946472,6.188848972320557
dehazeformer,DehazeFormer,satehaze1k_test_moderate_040,moderate,25.587892532348633,0.9664775133132935,8.793940544128418
dehazeformer,DehazeFormer,satehaze1k_test_moderate_041,moderate,24.930171966552734,0.9533616900444031,10.358599662780762
dehazeformer,DehazeFormer,satehaze1k_test_moderate_042,moderate,27.934247970581055,0.9702947735786438,8.554018020629883
dehazeformer,DehazeFormer,satehaze1k_test_moderate_043,moderate,22.53351593017578,0.9354236721992493,8.408464431762695
dehazeformer,DehazeFormer,satehaze1k_test_moderate_044,moderate,26.507827758789062,0.9704384207725525,9.058202743530273
dehazeformer,DehazeFormer,satehaze1k_test_moderate_045,moderate,26.420278549194336,0.9446797370910645,10.293713569641113
dehazeformer,DehazeFormer,satehaze1k_test_thick_001,thick,24.21261215209961,0.9296004176139832,5.806994438171387
dehazeformer,DehazeFormer,satehaze1k_test_thick_002,thick,23.43838882446289,0.9167895913124084,5.967707633972168
dehazeformer,DehazeFormer,satehaze1k_test_thick_003,thick,23.811065673828125,0.9116017818450928,6.526915550231934
dehazeformer,DehazeFormer,satehaze1k_test_thick_004,thick,24.09479522705078,0.9288352727890015,5.751569747924805
dehazeformer,DehazeFormer,satehaze1k_test_thick_005,thick,24.444047927856445,0.9360007643699646,6.019193172454834
dehazeformer,DehazeFormer,satehaze1k_test_thick_006,thick,23.277589797973633,0.9344549179077148,6.416463851928711
dehazeformer,DehazeFormer,satehaze1k_test_thick_007,thick,22.443647384643555,0.9180859923362732,6.603575706481934
dehazeformer,DehazeFormer,satehaze1k_test_thick_008,thick,24.181974411010742,0.9364728927612305,6.144412517547607
dehazeformer,DehazeFormer,satehaze1k_test_thick_009,thick,23.552936553955078,0.9150349497795105,6.199167251586914
dehazeformer,DehazeFormer,satehaze1k_test_thick_010,thick,24.052444458007812,0.9115724563598633,5.604915618896484
dehazeformer,DehazeFormer,satehaze1k_test_thick_011,thick,24.170942306518555,0.9370587468147278,5.8816938400268555
dehazeformer,DehazeFormer,satehaze1k_test_thick_012,thick,22.49094009399414,0.9064700603485107,6.363323211669922
dehazeformer,DehazeFormer,satehaze1k_test_thick_013,thick,24.449748992919922,0.9317588210105896,5.535364151000977
dehazeformer,DehazeFormer,satehaze1k_test_thick_014,thick,22.639957427978516,0.899777352809906,7.331448554992676
dehazeformer,DehazeFormer,satehaze1k_test_thick_015,thick,23.561830520629883,0.9156976342201233,5.921772480010986
dehazeformer,DehazeFormer,satehaze1k_test_thick_016,thick,23.750499725341797,0.9291113615036011,5.978014945983887
dehazeformer,DehazeFormer,satehaze1k_test_thick_017,thick,24.201257705688477,0.9333673119544983,5.7106451988220215
dehazeformer,DehazeFormer,satehaze1k_test_thick_018,thick,24.089492797851562,0.9409055113792419,6.226984024047852
dehazeformer,DehazeFormer,satehaze1k_test_thick_019,thick,23.384008407592773,0.9300310611724854,6.26296329498291
dehazeformer,DehazeFormer,satehaze1k_test_thick_020,thick,22.60747528076172,0.9248865842819214,6.636715888977051
dehazeformer,DehazeFormer,satehaze1k_test_thick_021,thick,23.132686614990234,0.9155870676040649,7.002000331878662
dehazeformer,DehazeFormer,satehaze1k_test_thick_022,thick,23.990894317626953,0.9365138411521912,6.061131000518799
dehazeformer,DehazeFormer,satehaze1k_test_thick_023,thick,23.8599796295166,0.9447782635688782,6.261109352111816
dehazeformer,DehazeFormer,satehaze1k_test_thick_024,thick,23.266000747680664,0.9116314053535461,6.0348219871521
dehazeformer,DehazeFormer,satehaze1k_test_thick_025,thick,22.603229522705078,0.9083248376846313,6.72560453414917
dehazeformer,DehazeFormer,satehaze1k_test_thick_026,thick,24.089632034301758,0.918934166431427,5.894366264343262
dehazeformer,DehazeFormer,satehaze1k_test_thick_027,thick,23.69847297668457,0.9299596548080444,5.858479976654053
dehazeformer,DehazeFormer,satehaze1k_test_thick_028,thick,24.051084518432617,0.929806113243103,5.894036293029785
dehazeformer,DehazeFormer,satehaze1k_test_thick_029,thick,23.70975685119629,0.9384788870811462,6.2877960205078125
dehazeformer,DehazeFormer,satehaze1k_test_thick_030,thick,22.56841468811035,0.9096264243125916,6.395656585693359
dehazeformer,DehazeFormer,satehaze1k_test_thick_031,thick,22.578048706054688,0.918967604637146,6.483554363250732
dehazeformer,DehazeFormer,satehaze1k_test_thick_032,thick,22.665586471557617,0.907997190952301,7.213596343994141
dehazeformer,DehazeFormer,satehaze1k_test_thick_033,thick,22.74919891357422,0.9148057699203491,6.233627796173096
dehazeformer,DehazeFormer,satehaze1k_test_thick_034,thick,23.620121002197266,0.925532341003418,5.870310306549072
dehazeformer,DehazeFormer,satehaze1k_test_thick_035,thick,22.722915649414062,0.9091420769691467,6.89772891998291
dehazeformer,DehazeFormer,satehaze1k_test_thick_036,thick,23.9835205078125,0.9324615597724915,5.862048149108887
dehazeformer,DehazeFormer,satehaze1k_test_thick_037,thick,24.668392181396484,0.9335454106330872,5.41628360748291
dehazeformer,DehazeFormer,satehaze1k_test_thick_038,thick,24.25787353515625,0.9301785826683044,5.726321697235107
dehazeformer,DehazeFormer,satehaze1k_test_thick_039,thick,23.223140716552734,0.9213077425956726,5.987449645996094
dehazeformer,DehazeFormer,satehaze1k_test_thick_040,thick,23.507001876831055,0.9150620698928833,5.885766983032227
dehazeformer,DehazeFormer,satehaze1k_test_thick_041,thick,23.797779083251953,0.9171215295791626,6.270483493804932
dehazeformer,DehazeFormer,satehaze1k_test_thick_042,thick,22.847694396972656,0.9236460328102112,6.5120320320129395
dehazeformer,DehazeFormer,satehaze1k_test_thick_043,thick,24.376346588134766,0.9362221956253052,5.956503391265869
dehazeformer,DehazeFormer,satehaze1k_test_thick_044,thick,24.212173461914062,0.930317759513855,5.709787368774414
dehazeformer,DehazeFormer,satehaze1k_test_thick_045,thick,24.084796905517578,0.9425708651542664,6.010862350463867
psmbnet,PSMB-Net,satehaze1k_test_thin_001,thin,27.64708709716797,0.9739793539047241,5.536603927612305
psmbnet,PSMB-Net,satehaze1k_test_thin_002,thin,27.876317977905273,0.9723802208900452,5.578182697296143
psmbnet,PSMB-Net,satehaze1k_test_thin_003,thin,24.16213607788086,0.9547809958457947,5.505354404449463
psmbnet,PSMB-Net,satehaze1k_test_thin_004,thin,24.999906539916992,0.9633614420890808,5.669072151184082
psmbnet,PSMB-Net,satehaze1k_test_thin_005,thin,24.034381866455078,0.9581117033958435,5.58261251449585
psmbnet,PSMB-Net,satehaze1k_test_thin_006,thin,24.62947654724121,0.964853048324585,5.649847984313965
psmbnet,PSMB-Net,satehaze1k_test_thin_007,thin,26.95054817199707,0.9706841707229614,4.744154930114746
psmbnet,PSMB-Net,satehaze1k_test_thin_008,thin,26.78973388671875,0.9697187542915344,5.255949974060059
psmbnet,PSMB-Net,satehaze1k_test_thin_009,thin,23.638002395629883,0.9592545032501221,5.727688312530518
psmbnet,PSMB-Net,satehaze1k_test_thin_010,thin,23.540943145751953,0.9536778926849365,5.8449015617370605
psmbnet,PSMB-Net,satehaze1k_test_thin_011,thin,24.03577423095703,0.9559873342514038,5.5445122718811035
psmbnet,PSMB-Net,satehaze1k_test_thin_012,thin,24.137920379638672,0.959608793258667,5.473119258880615
psmbnet,PSMB-Net,satehaze1k_test_thin_013,thin,23.81110191345215,0.9556495547294617,5.72574520111084
psmbnet,PSMB-Net,satehaze1k_test_thin_014,thin,25.42430877685547,0.9659331440925598,4.804385662078857
psmbnet,PSMB-Net,satehaze1k_test_thin_015,thin,27.91388511657715,0.9749704599380493,5.486522197723389
psmbnet,PSMB-Net,satehaze1k_test_thin_016,thin,24.928180694580078,0.9692770838737488,5.031515598297119
psmbnet,PSMB-Net,satehaze1k_test_thin_017,thin,26.24233627319336,0.9671540260314941,5.312218189239502
psmbnet,PSMB-Net,satehaze1k_test_thin_018,thin,25.792926788330078,0.9647051692008972,4.8719611167907715
psmbnet,PSMB-Net,satehaze1k_test_thin_019,thin,23.641895294189453,0.9630816578865051,5.6109299659729
psmbnet,PSMB-Net,satehaze1k_test_thin_020,thin,24.61791229248047,0.9616457223892212,5.956530570983887
psmbnet,PSMB-Net,satehaze1k_test_thin_021,thin,26.254077911376953,0.9671383500099182,5.19619607925415
psmbnet,PSMB-Net,satehaze1k_test_thin_022,thin,23.991703033447266,0.9634671211242676,5.846731662750244
psmbnet,PSMB-Net,satehaze1k_test_thin_023,thin,27.2724609375,0.9710595011711121,5.544417858123779
psmbnet,PSMB-Net,satehaze1k_test_thin_024,thin,25.617374420166016,0.9658807516098022,5.407801628112793
psmbnet,PSMB-Net,satehaze1k_test_thin_025,thin,27.109363555908203,0.9673644304275513,5.143170356750488
psmbnet,PSMB-Net,satehaze1k_test_thin_026,thin,25.191171646118164,0.9640762209892273,4.897172451019287
psmbnet,PSMB-Net,satehaze1k_test_thin_027,thin,27.903533935546875,0.9718046188354492,5.532810211181641
psmbnet,PSMB-Net,satehaze1k_test_thin_028,thin,25.923583984375,0.9626361131668091,5.267899990081787
psmbnet,PSMB-Net,satehaze1k_test_thin_029,thin,23.656225204467773,0.9550781846046448,6.032093048095703
psmbnet,PSMB-Net,satehaze1k_test_thin_030,thin,25.189754486083984,0.963155210018158,5.514650821685791
psmbnet,PSMB-Net,satehaze1k_test_thin_031,thin,24.788246154785156,0.959075927734375,5.197560787200928
psmbnet,PSMB-Net,satehaze1k_test_thin_032,thin,26.38604736328125,0.9719573855400085,4.4915289878845215
psmbnet,PSMB-Net,satehaze1k_test_thin_033,thin,25.465312957763672,0.9628203511238098,5.154722690582275
psmbnet,PSMB-Net,satehaze1k_test_thin_034,thin,25.92759895324707,0.9662821888923645,5.030982494354248
psmbnet,PSMB-Net,satehaze1k_test_thin_035,thin,23.863439559936523,0.9585839509963989,5.484067916870117
psmbnet,PSMB-Net,satehaze1k_test_thin_036,thin,24.413564682006836,0.9600808024406433,5.338768482208252
psmbnet,PSMB-Net,satehaze1k_test_thin_037,thin,22.550642013549805,0.9441341757774353,6.43032169342041
psmbnet,PSMB-Net,satehaze1k_test_thin_038,thin,25.17702865600586,0.9706740975379944,4.938869953155518
psmbnet,PSMB-Net,satehaze1k_test_thin_039,thin,24.799884796142578,0.9577015042304993,5.671291351318359
psmbnet,PSMB-Net,satehaze1k_test_thin_040,thin,24.230546951293945,0.9633410573005676,6.015163898468018
psmbnet,PSMB-Net,satehaze1k_test_thin_041,thin,24.91756820678711,0.9633684754371643,4.939480781555176
psmbnet,PSMB-Net,satehaze1k_test_thin_042,thin,24.403474807739258,0.9641057252883911,5.821115016937256
psmbnet,PSMB-Net,satehaze1k_test_thin_043,thin,24.757497787475586,0.9692995548248291,5.139298439025879
psmbnet,PSMB-Net,satehaze1k_test_thin_044,thin,25.322311401367188,0.972095251083374,4.9236369132995605
psmbnet,PSMB-Net,satehaze1k_test_thin_045,thin,24.13253402709961,0.9550541639328003,5.493939399719238
psmbnet,PSMB-Net,satehaze1k_test_moderate_001,moderate,30.783594131469727,0.9726820588111877,4.511760234832764
psmbnet,PSMB-Net,satehaze1k_test_moderate_002,moderate,30.351364135742188,0.9734007120132446,3.5609889030456543
psmbnet,PSMB-Net,satehaze1k_test_moderate_003,moderate,30.183521270751953,0.9821420907974243,3.3612992763519287
psmbnet,PSMB-Net,satehaze1k_test_moderate_004,moderate,29.17461585998535,0.9750611186027527,4.552213191986084
psmbnet,PSMB-Net,satehaze1k_test_moderate_005,moderate,28.46544647216797,0.9716750979423523,4.619948387145996
psmbnet,PSMB-Net,satehaze1k_test_moderate_006,moderate,30.74192237854004,0.9802432656288147,3.095472574234009
psmbnet,PSMB-Net,satehaze1k_test_moderate_007,moderate,30.69959259033203,0.9813464283943176,4.112038612365723
psmbnet,PSMB-Net,satehaze1k_test_moderate_008,moderate,30.38521957397461,0.973789632320404,3.0652966499328613
psmbnet,PSMB-Net,satehaze1k_test_moderate_009,moderate,26.864778518676758,0.9762439131736755,4.634377956390381
psmbnet,PSMB-Net,satehaze1k_test_moderate_010,moderate,29.638687133789062,0.9817177057266235,4.086809158325195
psmbnet,PSMB-Net,satehaze1k_test_moderate_011,moderate,26.784042358398438,0.9630921483039856,4.451464653015137
psmbnet,PSMB-Net,satehaze1k_test_moderate_012,moderate,31.44017219543457,0.984859824180603,3.4738073348999023
psmbnet,PSMB-Net,satehaze1k_test_moderate_013,moderate,31.016845703125,0.9841727614402771,3.5639328956604004
psmbnet,PSMB-Net,satehaze1k_test_moderate_014,moderate,29.676944732666016,0.9775896072387695,3.9299116134643555
psmbnet,PSMB-Net,satehaze1k_test_moderate_015,moderate,30.044326782226562,0.9690008163452148,3.8865604400634766
psmbnet,PSMB-Net,satehaze1k_test_moderate_016,moderate,29.70944595336914,0.9743863344192505,3.8775007724761963
psmbnet,PSMB-Net,satehaze1k_test_moderate_017,moderate,30.38937759399414,0.9726899266242981,3.468400001525879
psmbnet,PSMB-Net,satehaze1k_test_moderate_018,moderate,27.948604583740234,0.972618579864502,3.6693272590637207
psmbnet,PSMB-Net,satehaze1k_test_moderate_019,moderate,30.04045867919922,0.9753401875495911,3.6530683040618896
psmbnet,PSMB-Net,satehaze1k_test_moderate_020,moderate,29.83228874206543,0.9657373428344727,3.8160195350646973
psmbnet,PSMB-Net,satehaze1k_test_moderate_021,moderate,25.885032653808594,0.9715436697006226,4.922544002532959
psmbnet,PSMB-Net,satehaze1k_test_moderate_022,moderate,29.318647384643555,0.9739398956298828,4.044007301330566
psmbnet,PSMB-Net,satehaze1k_test_moderate_023,moderate,30.453304290771484,0.9774669408798218,3.879112720489502
psmbnet,PSMB-Net,satehaze1k_test_moderate_024,moderate,30.55044937133789,0.9780467748641968,3.788869857788086
psmbnet,PSMB-Net,satehaze1k_test_moderate_025,moderate,29.278484344482422,0.9751311540603638,3.312851667404175
psmbnet,PSMB-Net,satehaze1k_test_moderate_026,moderate,30.07541847229004,0.979309618473053,3.4743642807006836
psmbnet,PSMB-Net,satehaze1k_test_moderate_027,moderate,30.979183197021484,0.9764220118522644,3.7433624267578125
psmbnet,PSMB-Net,satehaze1k_test_moderate_028,moderate,29.289379119873047,0.9736364483833313,3.844658851623535
psmbnet,PSMB-Net,satehaze1k_test_moderate_029,moderate,25.636966705322266,0.9485124945640564,4.741424560546875
psmbnet,PSMB-Net,satehaze1k_test_moderate_030,moderate,28.230224609375,0.9690444469451904,4.294378280639648
psmbnet,PSMB-Net,satehaze1k_test_moderate_031,moderate,27.509489059448242,0.9687173962593079,3.9365148544311523
psmbnet,PSMB-Net,satehaze1k_test_moderate_032,moderate,29.920263290405273,0.9708976149559021,3.6436171531677246
psmbnet,PSMB-Net,satehaze1k_test_moderate_033,moderate,30.674665451049805,0.9764229655265808,3.8287405967712402
psmbnet,PSMB-Net,satehaze1k_test_moderate_034,moderate,28.655988693237305,0.9773412346839905,3.6583898067474365
psmbnet,PSMB-Net,satehaze1k_test_moderate_035,moderate,28.819570541381836,0.9799404144287109,3.519697904586792
psmbnet,PSMB-Net,satehaze1k_test_moderate_036,moderate,29.5372314453125,0.9729894995689392,3.8056836128234863
psmbnet,PSMB-Net,satehaze1k_test_moderate_037,moderate,28.435544967651367,0.9759109020233154,3.5781006813049316
psmbnet,PSMB-Net,satehaze1k_test_moderate_038,moderate,30.131511688232422,0.9741040468215942,3.6563315391540527
psmbnet,PSMB-Net,satehaze1k_test_moderate_039,moderate,29.600921630859375,0.9792958498001099,3.2344579696655273
psmbnet,PSMB-Net,satehaze1k_test_moderate_040,moderate,29.438701629638672,0.9728357195854187,3.872509241104126
psmbnet,PSMB-Net,satehaze1k_test_moderate_041,moderate,27.24471092224121,0.9612814784049988,5.207852363586426
psmbnet,PSMB-Net,satehaze1k_test_moderate_042,moderate,30.348339080810547,0.9750757217407227,3.5776381492614746
psmbnet,PSMB-Net,satehaze1k_test_moderate_043,moderate,25.202207565307617,0.9469950795173645,4.429640769958496
psmbnet,PSMB-Net,satehaze1k_test_moderate_044,moderate,29.85468864440918,0.9749757051467896,3.876253366470337
psmbnet,PSMB-Net,satehaze1k_test_moderate_045,moderate,29.382970809936523,0.9556482434272766,3.886030435562134
psmbnet,PSMB-Net,satehaze1k_test_thick_001,thick,23.044557571411133,0.9279450178146362,6.459830284118652
psmbnet,PSMB-Net,satehaze1k_test_thick_002,thick,24.595901489257812,0.9265710115432739,6.597034454345703
psmbnet,PSMB-Net,satehaze1k_test_thick_003,thick,23.46877670288086,0.9187957644462585,7.374300003051758
psmbnet,PSMB-Net,satehaze1k_test_thick_004,thick,24.359539031982422,0.9309831261634827,5.958961009979248
psmbnet,PSMB-Net,satehaze1k_test_thick_005,thick,24.669628143310547,0.9416742324829102,6.745995998382568
psmbnet,PSMB-Net,satehaze1k_test_thick_006,thick,23.273889541625977,0.9328209757804871,7.317282199859619
psmbnet,PSMB-Net,satehaze1k_test_thick_007,thick,22.420848846435547,0.924193263053894,6.706201553344727
psmbnet,PSMB-Net,satehaze1k_test_thick_008,thick,24.052204132080078,0.9361056685447693,6.833820343017578
psmbnet,PSMB-Net,satehaze1k_test_thick_009,thick,23.71414566040039,0.9214977025985718,6.884605407714844
psmbnet,PSMB-Net,satehaze1k_test_thick_010,thick,24.68153190612793,0.9209843873977661,7.0059380531311035
psmbnet,PSMB-Net,satehaze1k_test_thick_011,thick,23.81575584411621,0.9368374943733215,6.263310432434082
psmbnet,PSMB-Net,satehaze1k_test_thick_012,thick,23.908367156982422,0.9136236310005188,6.844269275665283
psmbnet,PSMB-Net,satehaze1k_test_thick_013,thick,24.39553451538086,0.9360485672950745,5.98867130279541
psmbnet,PSMB-Net,satehaze1k_test_thick_014,thick,22.78299331665039,0.9049288034439087,7.921346187591553
psmbnet,PSMB-Net,satehaze1k_test_thick_015,thick,24.74662971496582,0.9249574542045593,6.565945625305176
psmbnet,PSMB-Net,satehaze1k_test_thick_016,thick,23.671777725219727,0.9308698773384094,6.104488372802734
psmbnet,PSMB-Net,satehaze1k_test_thick_017,thick,24.495820999145508,0.9366909861564636,5.79616641998291
psmbnet,PSMB-Net,satehaze1k_test_thick_018,thick,24.36122703552246,0.9451500177383423,7.03046989440918
psmbnet,PSMB-Net,satehaze1k_test_thick_019,thick,23.159448623657227,0.9309768676757812,6.521349906921387
psmbnet,PSMB-Net,satehaze1k_test_thick_020,thick,22.501636505126953,0.923749566078186,7.477924823760986
psmbnet,PSMB-Net,satehaze1k_test_thick_021,thick,22.546131134033203,0.9129522442817688,8.034284591674805
psmbnet,PSMB-Net,satehaze1k_test_thick_022,thick,23.96053123474121,0.9356840252876282,6.58890438079834
psmbnet,PSMB-Net,satehaze1k_test_thick_023,thick,24.21088409423828,0.9470654726028442,6.932905673980713
psmbnet,PSMB-Net,satehaze1k_test_thick_024,thick,24.327926635742188,0.9216163754463196,7.23183536529541
psmbnet,PSMB-Net,satehaze1k_test_thick_025,thick,22.520883560180664,0.9106082916259766,6.98787784576416
psmbnet,PSMB-Net,satehaze1k_test_thick_026,thick,22.64337730407715,0.9172572493553162,6.721762180328369
psmbnet,PSMB-Net,satehaze1k_test_thick_027,thick,23.97734832763672,0.934698224067688,6.188141345977783
psmbnet,PSMB-Net,satehaze1k_test_thick_028,thick,23.902812957763672,0.9314607977867126,6.142159461975098
psmbnet,PSMB-Net,satehaze1k_test_thick_029,thick,23.48802375793457,0.9384918212890625,7.263222694396973
psmbnet,PSMB-Net,satehaze1k_test_thick_030,thick,24.721843719482422,0.9228045344352722,6.327681541442871
psmbnet,PSMB-Net,satehaze1k_test_thick_031,thick,22.18937110900879,0.9229651689529419,6.804001331329346
psmbnet,PSMB-Net,satehaze1k_test_thick_032,thick,22.527263641357422,0.905917763710022,7.817076206207275
psmbnet,PSMB-Net,satehaze1k_test_thick_033,thick,24.850061416625977,0.9285365343093872,6.238834857940674
psmbnet,PSMB-Net,satehaze1k_test_thick_034,thick,23.597925186157227,0.9292979836463928,6.346648216247559
psmbnet,PSMB-Net,satehaze1k_test_thick_035,thick,22.285058975219727,0.9040781259536743,7.404597282409668
psmbnet,PSMB-Net,satehaze1k_test_thick_036,thick,24.143457412719727,0.9347253441810608,5.948968410491943
psmbnet,PSMB-Net,satehaze1k_test_thick_037,thick,24.18422508239746,0.9354362487792969,6.092913627624512
psmbnet,PSMB-Net,satehaze1k_test_thick_038,thick,23.890098571777344,0.9320883750915527,6.067444801330566
psmbnet,PSMB-Net,satehaze1k_test_thick_039,thick,24.85839080810547,0.9317702054977417,6.089443683624268
psmbnet,PSMB-Net,satehaze1k_test_thick_040,thick,24.490222930908203,0.9240285158157349,6.5873308181762695
psmbnet,PSMB-Net,satehaze1k_test_thick_041,thick,23.475765228271484,0.9142171740531921,6.9967360496521
psmbnet,PSMB-Net,satehaze1k_test_thick_042,thick,23.475929260253906,0.9300591349601746,6.535103797912598
psmbnet,PSMB-Net,satehaze1k_test_thick_043,thick,24.47730827331543,0.9402449727058411,6.662959098815918
psmbnet,PSMB-Net,satehaze1k_test_thick_044,thick,24.014127731323242,0.9328227043151855,6.0110883712768555
psmbnet,PSMB-Net,satehaze1k_test_thick_045,thick,23.73304557800293,0.9413082003593445,6.879187107086182
trinitynet,Trinity-Net,satehaze1k_test_thin_001,thin,21.122337341308594,0.885012686252594,7.354337692260742
trinitynet,Trinity-Net,satehaze1k_test_thin_002,thin,20.511980056762695,0.8757052421569824,8.020776748657227
trinitynet,Trinity-Net,satehaze1k_test_thin_003,thin,19.82735252380371,0.8562802672386169,8.126625061035156
trinitynet,Trinity-Net,satehaze1k_test_thin_004,thin,22.174623489379883,0.8818893432617188,6.169187545776367
trinitynet,Trinity-Net,satehaze1k_test_thin_005,thin,19.774307250976562,0.8587552309036255,7.640676498413086
trinitynet,Trinity-Net,satehaze1k_test_thin_006,thin,22.928485870361328,0.8900457620620728,5.645876884460449
trinitynet,Trinity-Net,satehaze1k_test_thin_007,thin,22.3284912109375,0.8972335457801819,6.349803924560547
trinitynet,Trinity-Net,satehaze1k_test_thin_008,thin,21.28430938720703,0.8874241709709167,7.252723693847656
trinitynet,Trinity-Net,satehaze1k_test_thin_009,thin,20.101417541503906,0.8663457036018372,7.496656894683838
trinitynet,Trinity-Net,satehaze1k_test_thin_010,thin,19.629928588867188,0.8485377430915833,7.7306413650512695
trinitynet,Trinity-Net,satehaze1k_test_thin_011,thin,20.348674774169922,0.8623757362365723,7.579934597015381
trinitynet,Trinity-Net,satehaze1k_test_thin_012,thin,21.35877799987793,0.8790580034255981,6.607693672180176
trinitynet,Trinity-Net,satehaze1k_test_thin_013,thin,19.979413986206055,0.8575966954231262,7.5028767585754395
trinitynet,Trinity-Net,satehaze1k_test_thin_014,thin,21.19720458984375,0.890331506729126,6.967716217041016
trinitynet,Trinity-Net,satehaze1k_test_thin_015,thin,21.094552993774414,0.8852656483650208,7.348536014556885
trinitynet,Trinity-Net,satehaze1k_test_thin_016,thin,20.580751419067383,0.893873393535614,7.449041366577148
trinitynet,Trinity-Net,satehaze1k_test_thin_017,thin,19.779436111450195,0.8590536117553711,8.700572967529297
trinitynet,Trinity-Net,satehaze1k_test_thin_018,thin,23.191091537475586,0.8903122544288635,5.653309345245361
trinitynet,Trinity-Net,satehaze1k_test_thin_019,thin,20.155202865600586,0.8894038796424866,7.471785068511963
trinitynet,Trinity-Net,satehaze1k_test_thin_020,thin,22.59777069091797,0.8932328820228577,5.899328708648682
trinitynet,Trinity-Net,satehaze1k_test_thin_021,thin,23.05462074279785,0.8861024379730225,5.603076934814453
trinitynet,Trinity-Net,satehaze1k_test_thin_022,thin,22.655563354492188,0.8895326852798462,5.782542705535889
trinitynet,Trinity-Net,satehaze1k_test_thin_023,thin,20.05082130432129,0.8738759160041809,8.511598587036133
trinitynet,Trinity-Net,satehaze1k_test_thin_024,thin,22.23065185546875,0.8805768489837646,6.0951619148254395
trinitynet,Trinity-Net,satehaze1k_test_thin_025,thin,19.754568099975586,0.8585696816444397,8.795393943786621
trinitynet,Trinity-Net,satehaze1k_test_thin_026,thin,20.469295501708984,0.8763486742973328,7.604701995849609
trinitynet,Trinity-Net,satehaze1k_test_thin_027,thin,20.66421890258789,0.8764088153839111,7.914883613586426
trinitynet,Trinity-Net,satehaze1k_test_thin_028,thin,23.214935302734375,0.8893503546714783,5.539148807525635
trinitynet,Trinity-Net,satehaze1k_test_thin_029,thin,22.207569122314453,0.8862840533256531,6.195666313171387
trinitynet,Trinity-Net,satehaze1k_test_thin_030,thin,23.056297302246094,0.8858383893966675,5.676148414611816
trinitynet,Trinity-Net,satehaze1k_test_thin_031,thin,21.213497161865234,0.8800402283668518,6.81483268737793
trinitynet,Trinity-Net,satehaze1k_test_thin_032,thin,21.796979904174805,0.8983392715454102,6.521194934844971
trinitynet,Trinity-Net,satehaze1k_test_thin_033,thin,21.879940032958984,0.8822310566902161,6.278868675231934
trinitynet,Trinity-Net,satehaze1k_test_thin_034,thin,22.863378524780273,0.8969247937202454,5.913536071777344
trinitynet,Trinity-Net,satehaze1k_test_thin_035,thin,18.950252532958984,0.8565459251403809,8.775786399841309
trinitynet,Trinity-Net,satehaze1k_test_thin_036,thin,21.031509399414062,0.8763852119445801,7.1212310791015625
trinitynet,Trinity-Net,satehaze1k_test_thin_037,thin,20.049312591552734,0.8596504926681519,8.026885986328125
trinitynet,Trinity-Net,satehaze1k_test_thin_038,thin,21.006702423095703,0.9019764065742493,7.029581069946289
trinitynet,Trinity-Net,satehaze1k_test_thin_039,thin,22.346378326416016,0.883496880531311,6.104981422424316
trinitynet,Trinity-Net,satehaze1k_test_thin_040,thin,23.354108810424805,0.902088463306427,5.43094539642334
trinitynet,Trinity-Net,satehaze1k_test_thin_041,thin,20.466571807861328,0.8762780427932739,7.586503028869629
trinitynet,Trinity-Net,satehaze1k_test_thin_042,thin,23.42837905883789,0.8957355618476868,5.385031700134277
trinitynet,Trinity-Net,satehaze1k_test_thin_043,thin,20.737030029296875,0.8963522911071777,7.269155502319336
trinitynet,Trinity-Net,satehaze1k_test_thin_044,thin,21.36658477783203,0.904940664768219,6.788095474243164
trinitynet,Trinity-Net,satehaze1k_test_thin_045,thin,19.62127685546875,0.8551823496818542,8.285264015197754
trinitynet,Trinity-Net,satehaze1k_test_moderate_001,moderate,24.965744018554688,0.8775349855422974,6.361952304840088
trinitynet,Trinity-Net,satehaze1k_test_moderate_002,moderate,26.086795806884766,0.8851792812347412,6.607867240905762
trinitynet,Trinity-Net,satehaze1k_test_moderate_003,moderate,24.122716903686523,0.9157906770706177,6.171988010406494
trinitynet,Trinity-Net,satehaze1k_test_moderate_004,moderate,24.631324768066406,0.9049352407455444,6.655094146728516
trinitynet,Trinity-Net,satehaze1k_test_moderate_005,moderate,22.20644760131836,0.8876203894615173,7.177089691162109
trinitynet,Trinity-Net,satehaze1k_test_moderate_006,moderate,26.149002075195312,0.8998990058898926,6.077045917510986
trinitynet,Trinity-Net,satehaze1k_test_moderate_007,moderate,25.363689422607422,0.9175653457641602,5.772141933441162
trinitynet,Trinity-Net,satehaze1k_test_moderate_008,moderate,25.664688110351562,0.8878020644187927,6.280206203460693
trinitynet,Trinity-Net,satehaze1k_test_moderate_009,moderate,25.412158966064453,0.9142912030220032,6.02772855758667
trinitynet,Trinity-Net,satehaze1k_test_moderate_010,moderate,23.59896469116211,0.9159872531890869,6.3565568923950195
trinitynet,Trinity-Net,satehaze1k_test_moderate_011,moderate,22.39558219909668,0.8819283246994019,6.955288887023926
trinitynet,Trinity-Net,satehaze1k_test_moderate_012,moderate,24.72421646118164,0.9228470325469971,5.5634965896606445
trinitynet,Trinity-Net,satehaze1k_test_moderate_013,moderate,24.419851303100586,0.9129270315170288,5.559287071228027
trinitynet,Trinity-Net,satehaze1k_test_moderate_014,moderate,26.8154239654541,0.9110835194587708,5.0846452713012695
trinitynet,Trinity-Net,satehaze1k_test_moderate_015,moderate,26.517560958862305,0.8779004812240601,5.968836784362793
trinitynet,Trinity-Net,satehaze1k_test_moderate_016,moderate,24.97450065612793,0.8974573612213135,5.730407238006592
trinitynet,Trinity-Net,satehaze1k_test_moderate_017,moderate,25.587711334228516,0.913587749004364,5.17018985748291
trinitynet,Trinity-Net,satehaze1k_test_moderate_018,moderate,23.701210021972656,0.8725031614303589,7.003576755523682
trinitynet,Trinity-Net,satehaze1k_test_moderate_019,moderate,23.22992706298828,0.842988133430481,7.797865390777588
trinitynet,Trinity-Net,satehaze1k_test_moderate_020,moderate,24.374027252197266,0.8547237515449524,6.928328037261963
trinitynet,Trinity-Net,satehaze1k_test_moderate_021,moderate,23.36743927001953,0.9026929140090942,6.541101932525635
trinitynet,Trinity-Net,satehaze1k_test_moderate_022,moderate,24.388412475585938,0.8987193703651428,5.7797770500183105
trinitynet,Trinity-Net,satehaze1k_test_moderate_023,moderate,26.67774200439453,0.9012812972068787,5.893032073974609
trinitynet,Trinity-Net,satehaze1k_test_moderate_024,moderate,24.97728157043457,0.9009258151054382,6.89943790435791
trinitynet,Trinity-Net,satehaze1k_test_moderate_025,moderate,23.120668411254883,0.8908511996269226,7.235110282897949
trinitynet,Trinity-Net,satehaze1k_test_moderate_026,moderate,25.379657745361328,0.8854768872261047,6.439472198486328
trinitynet,Trinity-Net,satehaze1k_test_moderate_027,moderate,23.094074249267578,0.8897894620895386,6.754595756530762
trinitynet,Trinity-Net,satehaze1k_test_moderate_028,moderate,24.069883346557617,0.8842408657073975,7.254386901855469
trinitynet,Trinity-Net,satehaze1k_test_moderate_029,moderate,18.59785270690918,0.7687562108039856,9.956461906433105
trinitynet,Trinity-Net,satehaze1k_test_moderate_030,moderate,24.067533493041992,0.8439808487892151,7.7703680992126465
trinitynet,Trinity-Net,satehaze1k_test_moderate_031,moderate,23.61046028137207,0.8570530414581299,7.659953594207764
trinitynet,Trinity-Net,satehaze1k_test_moderate_032,moderate,26.174625396728516,0.8938052654266357,5.615207672119141
trinitynet,Trinity-Net,satehaze1k_test_moderate_033,moderate,25.7003231048584,0.8901655673980713,6.074105739593506
trinitynet,Trinity-Net,satehaze1k_test_moderate_034,moderate,23.773706436157227,0.8897230625152588,7.023025035858154
trinitynet,Trinity-Net,satehaze1k_test_moderate_035,moderate,24.51197052001953,0.9168862104415894,6.525191307067871
trinitynet,Trinity-Net,satehaze1k_test_moderate_036,moderate,21.368227005004883,0.8224917054176331,8.112269401550293
trinitynet,Trinity-Net,satehaze1k_test_moderate_037,moderate,25.362850189208984,0.8919070363044739,6.7292985916137695
trinitynet,Trinity-Net,satehaze1k_test_moderate_038,moderate,25.889671325683594,0.8938615918159485,6.150936603546143
trinitynet,Trinity-Net,satehaze1k_test_moderate_039,moderate,23.790847778320312,0.8936892151832581,6.855499267578125
trinitynet,Trinity-Net,satehaze1k_test_moderate_040,moderate,24.938213348388672,0.889921247959137,7.563107967376709
trinitynet,Trinity-Net,satehaze1k_test_moderate_041,moderate,23.308279037475586,0.8647738695144653,8.606878280639648
trinitynet,Trinity-Net,satehaze1k_test_moderate_042,moderate,22.941476821899414,0.8427178859710693,7.57416296005249
trinitynet,Trinity-Net,satehaze1k_test_moderate_043,moderate,20.138538360595703,0.8208377361297607,8.10251235961914
trinitynet,Trinity-Net,satehaze1k_test_moderate_044,moderate,24.643239974975586,0.8683183193206787,7.431517601013184
trinitynet,Trinity-Net,satehaze1k_test_moderate_045,moderate,21.941238403320312,0.791364312171936,9.105159759521484
trinitynet,Trinity-Net,satehaze1k_test_thick_001,thick,20.433452606201172,0.8666827082633972,8.1573486328125
trinitynet,Trinity-Net,satehaze1k_test_thick_002,thick,21.767478942871094,0.8571162819862366,7.40141487121582
trinitynet,Trinity-Net,satehaze1k_test_thick_003,thick,22.022808074951172,0.8593820333480835,8.259703636169434
trinitynet,Trinity-Net,satehaze1k_test_thick_004,thick,20.943506240844727,0.8588195443153381,8.063334465026855
trinitynet,Trinity-Net,satehaze1k_test_thick_005,thick,22.70073127746582,0.8919753432273865,7.8577189445495605
trinitynet,Trinity-Net,satehaze1k_test_thick_006,thick,23.007783889770508,0.8765512704849243,7.60463809967041
trinitynet,Trinity-Net,satehaze1k_test_thick_007,thick,20.584980010986328,0.8666311502456665,8.572795867919922
trinitynet,Trinity-Net,satehaze1k_test_thick_008,thick,22.215116500854492,0.8747308850288391,7.862687110900879
trinitynet,Trinity-Net,satehaze1k_test_thick_009,thick,21.97079086303711,0.8609460592269897,7.783411026000977
trinitynet,Trinity-Net,satehaze1k_test_thick_010,thick,21.092260360717773,0.834815263748169,7.658875942230225
trinitynet,Trinity-Net,satehaze1k_test_thick_011,thick,20.97694206237793,0.8729615211486816,7.8566412925720215
trinitynet,Trinity-Net,satehaze1k_test_thick_012,thick,20.6344051361084,0.8470304608345032,7.838481903076172
trinitynet,Trinity-Net,satehaze1k_test_thick_013,thick,20.705890655517578,0.8554282784461975,8.248927116394043
trinitynet,Trinity-Net,satehaze1k_test_thick_014,thick,21.351987838745117,0.8413649797439575,8.589024543762207
trinitynet,Trinity-Net,satehaze1k_test_thick_015,thick,21.774930953979492,0.857074499130249,7.369142055511475
trinitynet,Trinity-Net,satehaze1k_test_thick_016,thick,20.8053035736084,0.8661251068115234,8.109075546264648
trinitynet,Trinity-Net,satehaze1k_test_thick_017,thick,21.62030792236328,0.8757168650627136,7.692670822143555
trinitynet,Trinity-Net,satehaze1k_test_thick_018,thick,22.497119903564453,0.8881387710571289,7.990299701690674
trinitynet,Trinity-Net,satehaze1k_test_thick_019,thick,20.456336975097656,0.8663302063941956,8.208281517028809
trinitynet,Trinity-Net,satehaze1k_test_thick_020,thick,22.238733291625977,0.8687620759010315,7.819579601287842
trinitynet,Trinity-Net,satehaze1k_test_thick_021,thick,21.6507625579834,0.8558496832847595,8.51188850402832
trinitynet,Trinity-Net,satehaze1k_test_thick_022,thick,21.85106658935547,0.8729833364486694,7.748508453369141
trinitynet,Trinity-Net,satehaze1k_test_thick_023,thick,22.323524475097656,0.8862172365188599,7.89439582824707
trinitynet,Trinity-Net,satehaze1k_test_thick_024,thick,21.721797943115234,0.8471148014068604,7.2480082511901855
trinitynet,Trinity-Net,satehaze1k_test_thick_025,thick,20.793569564819336,0.8672671318054199,8.22649097442627
trinitynet,Trinity-Net,satehaze1k_test_thick_026,thick,21.118242263793945,0.865936279296875,7.718364715576172
trinitynet,Trinity-Net,satehaze1k_test_thick_027,thick,20.155662536621094,0.8502720594406128,8.529106140136719
trinitynet,Trinity-Net,satehaze1k_test_thick_028,thick,20.77737808227539,0.865816593170166,8.01107406616211
trinitynet,Trinity-Net,satehaze1k_test_thick_029,thick,22.395751953125,0.8820608258247375,7.936538219451904
trinitynet,Trinity-Net,satehaze1k_test_thick_030,thick,21.458789825439453,0.8514094948768616,7.690705299377441
trinitynet,Trinity-Net,satehaze1k_test_thick_031,thick,20.430803298950195,0.8671641945838928,8.609891891479492
trinitynet,Trinity-Net,satehaze1k_test_thick_032,thick,21.136714935302734,0.8552863597869873,8.667749404907227
trinitynet,Trinity-Net,satehaze1k_test_thick_033,thick,20.88650894165039,0.8489130735397339,8.046321868896484
trinitynet,Trinity-Net,satehaze1k_test_thick_034,thick,20.717464447021484,0.8587294220924377,8.195391654968262
trinitynet,Trinity-Net,satehaze1k_test_thick_035,thick,21.3217830657959,0.8666579127311707,8.241876602172852
trinitynet,Trinity-Net,satehaze1k_test_thick_036,thick,21.0189151763916,0.8720279932022095,7.978754997253418
trinitynet,Trinity-Net,satehaze1k_test_thick_037,thick,20.892160415649414,0.8584921360015869,8.08198070526123
trinitynet,Trinity-Net,satehaze1k_test_thick_038,thick,20.935575485229492,0.8672072887420654,8.08966064453125
trinitynet,Trinity-Net,satehaze1k_test_thick_039,thick,21.28199005126953,0.8554192781448364,7.850518226623535
trinitynet,Trinity-Net,satehaze1k_test_thick_040,thick,21.164274215698242,0.8420328497886658,7.688040733337402
trinitynet,Trinity-Net,satehaze1k_test_thick_041,thick,22.100128173828125,0.8639429211616516,7.746185302734375
trinitynet,Trinity-Net,satehaze1k_test_thick_042,thick,20.27786636352539,0.8496417999267578,8.468535423278809
trinitynet,Trinity-Net,satehaze1k_test_thick_043,thick,23.057449340820312,0.8957041501998901,7.611997127532959
trinitynet,Trinity-Net,satehaze1k_test_thick_044,thick,20.964555740356445,0.8632729053497314,8.11282730102539
trinitynet,Trinity-Net,satehaze1k_test_thick_045,thick,22.629364013671875,0.878934383392334,7.5588788986206055
lfdnet,LFD-Net,satehaze1k_test_thin_001,thin,19.005422592163086,0.9156526327133179,9.189913749694824
lfdnet,LFD-Net,satehaze1k_test_thin_002,thin,19.602148056030273,0.9134841561317444,8.922789573669434
lfdnet,LFD-Net,satehaze1k_test_thin_003,thin,17.457786560058594,0.8921538591384888,10.697035789489746
lfdnet,LFD-Net,satehaze1k_test_thin_004,thin,19.899532318115234,0.9218769073486328,7.777161121368408
lfdnet,LFD-Net,satehaze1k_test_thin_005,thin,17.372610092163086,0.8794341683387756,9.835952758789062
lfdnet,LFD-Net,satehaze1k_test_thin_006,thin,20.001962661743164,0.9270297884941101,7.361393451690674
lfdnet,LFD-Net,satehaze1k_test_thin_007,thin,19.87151336669922,0.9227851629257202,8.102887153625488
lfdnet,LFD-Net,satehaze1k_test_thin_008,thin,18.765106201171875,0.9098898768424988,9.311787605285645
lfdnet,LFD-Net,satehaze1k_test_thin_009,thin,17.558258056640625,0.8872173428535461,9.63863468170166
lfdnet,LFD-Net,satehaze1k_test_thin_010,thin,16.86784553527832,0.8686090707778931,10.456502914428711
lfdnet,LFD-Net,satehaze1k_test_thin_011,thin,17.581003189086914,0.8930456042289734,10.53667163848877
lfdnet,LFD-Net,satehaze1k_test_thin_012,thin,18.30431365966797,0.8944870233535767,8.989858627319336
lfdnet,LFD-Net,satehaze1k_test_thin_013,thin,17.05064582824707,0.8718203902244568,10.216715812683105
lfdnet,LFD-Net,satehaze1k_test_thin_014,thin,18.78219223022461,0.9120489358901978,8.846024513244629
lfdnet,LFD-Net,satehaze1k_test_thin_015,thin,19.22414207458496,0.919212818145752,9.022388458251953
lfdnet,LFD-Net,satehaze1k_test_thin_016,thin,19.002138137817383,0.9179495573043823,8.948853492736816
lfdnet,LFD-Net,satehaze1k_test_thin_017,thin,17.331096649169922,0.8857726454734802,11.151931762695312
lfdnet,LFD-Net,satehaze1k_test_thin_018,thin,19.350555419921875,0.9078826308250427,8.31391429901123
lfdnet,LFD-Net,satehaze1k_test_thin_019,thin,18.337059020996094,0.9078311920166016,8.835762023925781
lfdnet,LFD-Net,satehaze1k_test_thin_020,thin,19.203937530517578,0.9145727157592773,8.33017635345459
lfdnet,LFD-Net,satehaze1k_test_thin_021,thin,20.42156410217285,0.9266271591186523,7.21640157699585
lfdnet,LFD-Net,satehaze1k_test_thin_022,thin,20.137537002563477,0.9294719696044922,7.23277473449707
lfdnet,LFD-Net,satehaze1k_test_thin_023,thin,19.039289474487305,0.9049970507621765,9.416462898254395
lfdnet,LFD-Net,satehaze1k_test_thin_024,thin,20.186302185058594,0.9254716038703918,7.4837212562561035
lfdnet,LFD-Net,satehaze1k_test_thin_025,thin,17.040864944458008,0.876846432685852,11.616403579711914
lfdnet,LFD-Net,satehaze1k_test_thin_026,thin,18.152795791625977,0.9059869050979614,9.53454875946045
lfdnet,LFD-Net,satehaze1k_test_thin_027,thin,19.632204055786133,0.9135844707489014,8.913971900939941
lfdnet,LFD-Net,satehaze1k_test_thin_028,thin,19.223466873168945,0.9118198156356812,8.210405349731445
lfdnet,LFD-Net,satehaze1k_test_thin_029,thin,18.39616584777832,0.9036144018173218,9.310535430908203
lfdnet,LFD-Net,satehaze1k_test_thin_030,thin,19.602741241455078,0.9179588556289673,7.953805923461914
lfdnet,LFD-Net,satehaze1k_test_thin_031,thin,18.442800521850586,0.9008362889289856,9.09850788116455
lfdnet,LFD-Net,satehaze1k_test_thin_032,thin,19.537437438964844,0.9263079762458801,8.287738800048828
lfdnet,LFD-Net,satehaze1k_test_thin_033,thin,18.564538955688477,0.9006146192550659,8.882450103759766
lfdnet,LFD-Net,satehaze1k_test_thin_034,thin,19.796619415283203,0.9200433492660522,8.010835647583008
lfdnet,LFD-Net,satehaze1k_test_thin_035,thin,16.41800308227539,0.8685390949249268,11.452013969421387
lfdnet,LFD-Net,satehaze1k_test_thin_036,thin,18.29604721069336,0.9055195450782776,9.734264373779297
lfdnet,LFD-Net,satehaze1k_test_thin_037,thin,16.485286712646484,0.8740373849868774,11.263931274414062
lfdnet,LFD-Net,satehaze1k_test_thin_038,thin,19.517127990722656,0.9255636930465698,8.275684356689453
lfdnet,LFD-Net,satehaze1k_test_thin_039,thin,18.574649810791016,0.9020949602127075,8.833098411560059
lfdnet,LFD-Net,satehaze1k_test_thin_040,thin,19.61835289001465,0.9232096076011658,7.76517915725708
lfdnet,LFD-Net,satehaze1k_test_thin_041,thin,18.07335090637207,0.9048252701759338,9.563385009765625
lfdnet,LFD-Net,satehaze1k_test_thin_042,thin,19.98929786682129,0.9267149567604065,7.380007743835449
lfdnet,LFD-Net,satehaze1k_test_thin_043,thin,19.313154220581055,0.9225335121154785,8.552642822265625
lfdnet,LFD-Net,satehaze1k_test_thin_044,thin,20.00514793395996,0.9325839281082153,7.865832805633545
lfdnet,LFD-Net,satehaze1k_test_thin_045,thin,17.507761001586914,0.8928812146186829,10.637038230895996
lfdnet,LFD-Net,satehaze1k_test_moderate_001,moderate,23.58772087097168,0.9350590109825134,7.5202226638793945
lfdnet,LFD-Net,satehaze1k_test_moderate_002,moderate,25.293092727661133,0.944313645362854,8.542372703552246
lfdnet,LFD-Net,satehaze1k_test_moderate_003,moderate,20.502086639404297,0.9175034761428833,8.676581382751465
lfdnet,LFD-Net,satehaze1k_test_moderate_004,moderate,22.337549209594727,0.9277436137199402,8.371461868286133
lfdnet,LFD-Net,satehaze1k_test_moderate_005,moderate,19.514278411865234,0.8942375779151917,10.057825088500977
lfdnet,LFD-Net,satehaze1k_test_moderate_006,moderate,22.46186065673828,0.9382049441337585,8.98498249053955
lfdnet,LFD-Net,satehaze1k_test_moderate_007,moderate,21.91472816467285,0.9284719228744507,7.9423723220825195
lfdnet,LFD-Net,satehaze1k_test_moderate_008,moderate,23.07438850402832,0.9387159943580627,9.157341003417969
lfdnet,LFD-Net,satehaze1k_test_moderate_009,moderate,22.50995445251465,0.9297971725463867,8.763504028320312
lfdnet,LFD-Net,satehaze1k_test_moderate_010,moderate,20.898643493652344,0.9145802855491638,9.449089050292969
lfdnet,LFD-Net,satehaze1k_test_moderate_011,moderate,19.222122192382812,0.8905928730964661,9.76457405090332
lfdnet,LFD-Net,satehaze1k_test_moderate_012,moderate,19.748661041259766,0.91683429479599,10.96654224395752
lfdnet,LFD-Net,satehaze1k_test_moderate_013,moderate,19.565820693969727,0.9173125624656677,11.547295570373535
lfdnet,LFD-Net,satehaze1k_test_moderate_014,moderate,21.729326248168945,0.932096540927887,9.082259178161621
lfdnet,LFD-Net,satehaze1k_test_moderate_015,moderate,25.444625854492188,0.9398486614227295,7.792520999908447
lfdnet,LFD-Net,satehaze1k_test_moderate_016,moderate,20.984325408935547,0.9241868257522583,9.029670715332031
lfdnet,LFD-Net,satehaze1k_test_moderate_017,moderate,17.27861785888672,0.8435367345809937,17.29726219177246
lfdnet,LFD-Net,satehaze1k_test_moderate_018,moderate,20.235836029052734,0.9107419848442078,10.58127212524414
lfdnet,LFD-Net,satehaze1k_test_moderate_019,moderate,22.23407745361328,0.9237099289894104,10.724443435668945
lfdnet,LFD-Net,satehaze1k_test_moderate_020,moderate,22.46799659729004,0.9179641604423523,8.926165580749512
lfdnet,LFD-Net,satehaze1k_test_moderate_021,moderate,21.674007415771484,0.9179748892784119,9.279181480407715
lfdnet,LFD-Net,satehaze1k_test_moderate_022,moderate,20.632144927978516,0.9171872735023499,9.630640983581543
lfdnet,LFD-Net,satehaze1k_test_moderate_023,moderate,25.580442428588867,0.9505570530891418,7.604477405548096
lfdnet,LFD-Net,satehaze1k_test_moderate_024,moderate,22.95323944091797,0.9289029240608215,8.959300994873047
lfdnet,LFD-Net,satehaze1k_test_moderate_025,moderate,21.243545532226562,0.9163831472396851,9.506442070007324
lfdnet,LFD-Net,satehaze1k_test_moderate_026,moderate,24.050111770629883,0.9473702311515808,8.716155052185059
lfdnet,LFD-Net,satehaze1k_test_moderate_027,moderate,21.39265251159668,0.9289805293083191,9.016700744628906
lfdnet,LFD-Net,satehaze1k_test_moderate_028,moderate,22.038270950317383,0.9217420220375061,9.752214431762695
lfdnet,LFD-Net,satehaze1k_test_moderate_029,moderate,16.78230857849121,0.8610565662384033,13.276153564453125
lfdnet,LFD-Net,satehaze1k_test_moderate_030,moderate,23.569534301757812,0.9241821765899658,10.278348922729492
lfdnet,LFD-Net,satehaze1k_test_moderate_031,moderate,21.134197235107422,0.89890456199646,10.698795318603516
lfdnet,LFD-Net,satehaze1k_test_moderate_032,moderate,23.53694725036621,0.932661235332489,8.642505645751953
lfdnet,LFD-Net,satehaze1k_test_moderate_033,moderate,23.3188533782959,0.9346829056739807,8.617229461669922
lfdnet,LFD-Net,satehaze1k_test_moderate_034,moderate,21.2119083404541,0.9130819439888,9.696303367614746
lfdnet,LFD-Net,satehaze1k_test_moderate_035,moderate,21.70632553100586,0.9382690191268921,9.220097541809082
lfdnet,LFD-Net,satehaze1k_test_moderate_036,moderate,20.398448944091797,0.9118243455886841,11.059136390686035
lfdnet,LFD-Net,satehaze1k_test_moderate_037,moderate,23.09908103942871,0.9341364502906799,10.056354522705078
lfdnet,LFD-Net,satehaze1k_test_moderate_038,moderate,24.693073272705078,0.9389345645904541,8.3743896484375
lfdnet,LFD-Net,satehaze1k_test_moderate_039,moderate,22.38409996032715,0.9276645183563232,8.946830749511719
lfdnet,LFD-Net,satehaze1k_test_moderate_040,moderate,22.983457565307617,0.9234924912452698,9.913036346435547
lfdnet,LFD-Net,satehaze1k_test_moderate_041,moderate,21.69553565979004,0.9124624729156494,11.70824909210205
lfdnet,LFD-Net,satehaze1k_test_moderate_042,moderate,22.209976196289062,0.923300564289093,10.287978172302246
lfdnet,LFD-Net,satehaze1k_test_moderate_043,moderate,17.43019676208496,0.86554354429245,11.541130065917969
lfdnet,LFD-Net,satehaze1k_test_moderate_044,moderate,23.8731746673584,0.9348812103271484,10.13962173461914
lfdnet,LFD-Net,satehaze1k_test_moderate_045,moderate,21.176721572875977,0.8944391012191772,11.629794120788574
lfdnet,LFD-Net,satehaze1k_test_thick_001,thick,18.633020401000977,0.8478929996490479,10.326714515686035
lfdnet,LFD-Net,satehaze1k_test_thick_002,thick,18.509790420532227,0.842143177986145,9.745107650756836
lfdnet,LFD-Net,satehaze1k_test_thick_003,thick,18.65900993347168,0.8354101777076721,10.375503540039062
lfdnet,LFD-Net,satehaze1k_test_thick_004,thick,18.1474666595459,0.8437569737434387,10.425981521606445
lfdnet,LFD-Net,satehaze1k_test_thick_005,thick,19.028480529785156,0.861011803150177,9.71837043762207
lfdnet,LFD-Net,satehaze1k_test_thick_006,thick,19.346872329711914,0.8617558479309082,9.664764404296875
lfdnet,LFD-Net,satehaze1k_test_thick_007,thick,17.184711456298828,0.8289646506309509,11.67216682434082
lfdnet,LFD-Net,satehaze1k_test_thick_008,thick,18.332605361938477,0.8518730401992798,10.926715850830078
lfdnet,LFD-Net,satehaze1k_test_thick_009,thick,19.71339988708496,0.8404638767242432,9.378783226013184
lfdnet,LFD-Net,satehaze1k_test_thick_010,thick,17.90068817138672,0.8261029124259949,10.542945861816406
lfdnet,LFD-Net,satehaze1k_test_thick_011,thick,18.525856018066406,0.859170138835907,10.443140029907227
lfdnet,LFD-Net,satehaze1k_test_thick_012,thick,18.709545135498047,0.8402271866798401,9.757598876953125
lfdnet,LFD-Net,satehaze1k_test_thick_013,thick,17.821338653564453,0.8362992405891418,10.62816047668457
lfdnet,LFD-Net,satehaze1k_test_thick_014,thick,17.579891204833984,0.8188443779945374,12.864904403686523
lfdnet,LFD-Net,satehaze1k_test_thick_015,thick,18.522315979003906,0.8407076001167297,9.777984619140625
lfdnet,LFD-Net,satehaze1k_test_thick_016,thick,17.75117301940918,0.8469546437263489,11.032508850097656
lfdnet,LFD-Net,satehaze1k_test_thick_017,thick,17.84502410888672,0.8476089835166931,10.79491138458252
lfdnet,LFD-Net,satehaze1k_test_thick_018,thick,19.002826690673828,0.86454838514328,9.876615524291992
lfdnet,LFD-Net,satehaze1k_test_thick_019,thick,18.233753204345703,0.8522993326187134,10.78012752532959
lfdnet,LFD-Net,satehaze1k_test_thick_020,thick,19.474546432495117,0.8567143082618713,9.624025344848633
lfdnet,LFD-Net,satehaze1k_test_thick_021,thick,17.64016342163086,0.8327199220657349,12.358309745788574
lfdnet,LFD-Net,satehaze1k_test_thick_022,thick,18.567272186279297,0.8560560345649719,10.408136367797852
lfdnet,LFD-Net,satehaze1k_test_thick_023,thick,18.931838989257812,0.8697362542152405,9.964557647705078
lfdnet,LFD-Net,satehaze1k_test_thick_024,thick,19.1771297454834,0.8465222716331482,9.308034896850586
lfdnet,LFD-Net,satehaze1k_test_thick_025,thick,16.79197883605957,0.823079526424408,12.899356842041016
lfdnet,LFD-Net,satehaze1k_test_thick_026,thick,18.527578353881836,0.837243914604187,10.564891815185547
lfdnet,LFD-Net,satehaze1k_test_thick_027,thick,17.686506271362305,0.8362407684326172,10.778796195983887
lfdnet,LFD-Net,satehaze1k_test_thick_028,thick,18.10923194885254,0.8489537835121155,10.642110824584961
lfdnet,LFD-Net,satehaze1k_test_thick_029,thick,19.120737075805664,0.8664477467536926,9.829779624938965
lfdnet,LFD-Net,satehaze1k_test_thick_030,thick,18.501127243041992,0.837313711643219,9.75561237335205
lfdnet,LFD-Net,satehaze1k_test_thick_031,thick,16.99966812133789,0.8266064524650574,11.824451446533203
lfdnet,LFD-Net,satehaze1k_test_thick_032,thick,17.914344787597656,0.829422116279602,12.06597900390625
lfdnet,LFD-Net,satehaze1k_test_thick_033,thick,18.20598793029785,0.8365858197212219,10.076567649841309
lfdnet,LFD-Net,satehaze1k_test_thick_034,thick,18.173954010009766,0.8449409604072571,10.135454177856445
lfdnet,LFD-Net,satehaze1k_test_thick_035,thick,17.355897903442383,0.8264744281768799,12.64300537109375
lfdnet,LFD-Net,satehaze1k_test_thick_036,thick,18.032617568969727,0.8500863313674927,10.68626594543457
lfdnet,LFD-Net,satehaze1k_test_thick_037,thick,17.805370330810547,0.8376092314720154,10.645462036132812
lfdnet,LFD-Net,satehaze1k_test_thick_038,thick,18.12802505493164,0.845928430557251,10.569732666015625
lfdnet,LFD-Net,satehaze1k_test_thick_039,thick,18.087787628173828,0.8385483026504517,10.210841178894043
lfdnet,LFD-Net,satehaze1k_test_thick_040,thick,17.782901763916016,0.8289615511894226,10.623512268066406
lfdnet,LFD-Net,satehaze1k_test_thick_041,thick,18.742597579956055,0.8404250144958496,10.549464225769043
lfdnet,LFD-Net,satehaze1k_test_thick_042,thick,17.679521560668945,0.8396750688552856,11.182458877563477
lfdnet,LFD-Net,satehaze1k_test_thick_043,thick,19.101430892944336,0.860934853553772,9.532661437988281
lfdnet,LFD-Net,satehaze1k_test_thick_044,thick,18.057151794433594,0.8462026715278625,10.522018432617188
lfdnet,LFD-Net,satehaze1k_test_thick_045,thick,19.307931900024414,0.8706877827644348,9.640398979187012
asta,ASTA,satehaze1k_test_thin_001,thin,25.199302673339844,0.9685425758361816,4.918550491333008
asta,ASTA,satehaze1k_test_thin_002,thin,22.94314956665039,0.9558484554290771,6.031958103179932
asta,ASTA,satehaze1k_test_thin_003,thin,27.337007522583008,0.9604441523551941,3.840299606323242
asta,ASTA,satehaze1k_test_thin_004,thin,25.214099884033203,0.9631030559539795,4.506226539611816
asta,ASTA,satehaze1k_test_thin_005,thin,24.34940528869629,0.9562718868255615,4.997744083404541
asta,ASTA,satehaze1k_test_thin_006,thin,26.549434661865234,0.9683991074562073,3.8774607181549072
asta,ASTA,satehaze1k_test_thin_007,thin,26.216821670532227,0.9689300656318665,4.385156154632568
asta,ASTA,satehaze1k_test_thin_008,thin,25.084611892700195,0.9660969376564026,5.040040016174316
asta,ASTA,satehaze1k_test_thin_009,thin,24.60251808166504,0.9601222276687622,4.927463054656982
asta,ASTA,satehaze1k_test_thin_010,thin,23.55984115600586,0.9512904286384583,5.305438041687012
asta,ASTA,satehaze1k_test_thin_011,thin,27.369020462036133,0.9621248841285706,3.854835271835327
asta,ASTA,satehaze1k_test_thin_012,thin,25.650367736816406,0.9625281691551208,4.475897789001465
asta,ASTA,satehaze1k_test_thin_013,thin,23.876916885375977,0.9526330232620239,5.17911434173584
asta,ASTA,satehaze1k_test_thin_014,thin,27.235639572143555,0.9689066410064697,4.073946952819824
asta,ASTA,satehaze1k_test_thin_015,thin,25.181415557861328,0.9692791104316711,4.932369232177734
asta,ASTA,satehaze1k_test_thin_016,thin,26.83712387084961,0.9725439548492432,4.139888286590576
asta,ASTA,satehaze1k_test_thin_017,thin,23.122482299804688,0.9524474740028381,6.061588764190674
asta,ASTA,satehaze1k_test_thin_018,thin,26.870887756347656,0.9665963053703308,4.1294145584106445
asta,ASTA,satehaze1k_test_thin_019,thin,25.858421325683594,0.9683552384376526,4.449845790863037
asta,ASTA,satehaze1k_test_thin_020,thin,27.538644790649414,0.9654968976974487,3.654169797897339
asta,ASTA,satehaze1k_test_thin_021,thin,26.528274536132812,0.9665076732635498,3.9697258472442627
asta,ASTA,satehaze1k_test_thin_022,thin,25.883407592773438,0.9678816795349121,4.055504322052002
asta,ASTA,satehaze1k_test_thin_023,thin,22.195051193237305,0.9501582384109497,6.628759860992432
asta,ASTA,satehaze1k_test_thin_024,thin,26.217308044433594,0.9660176038742065,4.077615261077881
asta,ASTA,satehaze1k_test_thin_025,thin,23.712055206298828,0.95270836353302,5.735439300537109
asta,ASTA,satehaze1k_test_thin_026,thin,27.363357543945312,0.9677845239639282,3.987302780151367
asta,ASTA,satehaze1k_test_thin_027,thin,23.026649475097656,0.9557101726531982,6.004825115203857
asta,ASTA,satehaze1k_test_thin_028,thin,26.86166000366211,0.9630849361419678,3.9169483184814453
asta,ASTA,satehaze1k_test_thin_029,thin,27.642269134521484,0.9630438685417175,3.697617769241333
asta,ASTA,satehaze1k_test_thin_030,thin,25.818099975585938,0.9638321995735168,4.2228803634643555
asta,ASTA,satehaze1k_test_thin_031,thin,26.544387817382812,0.961776614189148,4.104427814483643
asta,ASTA,satehaze1k_test_thin_032,thin,27.256345748901367,0.973490834236145,3.985126495361328
asta,ASTA,satehaze1k_test_thin_033,thin,25.927047729492188,0.9623937010765076,4.321965217590332
asta,ASTA,satehaze1k_test_thin_034,thin,26.46894645690918,0.9671484231948853,4.18568754196167
asta,ASTA,satehaze1k_test_thin_035,thin,23.9232177734375,0.9542978405952454,5.25906229019165
asta,ASTA,satehaze1k_test_thin_036,thin,27.68486213684082,0.9650569558143616,3.7660727500915527
asta,ASTA,satehaze1k_test_thin_037,thin,24.198301315307617,0.9491066932678223,5.180389881134033
asta,ASTA,satehaze1k_test_thin_038,thin,27.736675262451172,0.9752437472343445,3.899261474609375
asta,ASTA,satehaze1k_test_thin_039,thin,26.682350158691406,0.9595261812210083,3.995847463607788
asta,ASTA,satehaze1k_test_thin_040,thin,27.871675491333008,0.9694913625717163,3.5525782108306885
asta,ASTA,satehaze1k_test_thin_041,thin,27.0362548828125,0.9672063589096069,4.0143866539001465
asta,ASTA,satehaze1k_test_thin_042,thin,26.42328453063965,0.9680321216583252,3.897632598876953
asta,ASTA,satehaze1k_test_thin_043,thin,27.48234748840332,0.9744583964347839,3.9365487098693848
asta,ASTA,satehaze1k_test_thin_044,thin,27.67898178100586,0.9768750071525574,3.8869786262512207
asta,ASTA,satehaze1k_test_thin_045,thin,27.479228973388672,0.9609395861625671,3.8242745399475098
asta,ASTA,satehaze1k_test_moderate_001,moderate,28.850818634033203,0.9687219262123108,5.671576499938965
asta,ASTA,satehaze1k_test_moderate_002,moderate,28.093769073486328,0.9727266430854797,6.81853723526001
asta,ASTA,satehaze1k_test_moderate_003,moderate,27.530641555786133,0.9811025261878967,5.016384124755859
asta,ASTA,satehaze1k_test_moderate_004,moderate,27.29254150390625,0.972669243812561,6.402918338775635
asta,ASTA,satehaze1k_test_moderate_005,moderate,22.711872100830078,0.9543858766555786,7.013740539550781
asta,ASTA,satehaze1k_test_moderate_006,moderate,29.284284591674805,0.9803669452667236,6.018377780914307
asta,ASTA,satehaze1k_test_moderate_007,moderate,27.918678283691406,0.9780982732772827,5.270511627197266
asta,ASTA,satehaze1k_test_moderate_008,moderate,29.04759979248047,0.97416090965271,6.282179355621338
asta,ASTA,satehaze1k_test_moderate_009,moderate,27.758920669555664,0.9755553007125854,6.086626052856445
asta,ASTA,satehaze1k_test_moderate_010,moderate,26.324901580810547,0.9759185314178467,5.4979071617126465
asta,ASTA,satehaze1k_test_moderate_011,moderate,22.305892944335938,0.9507929682731628,7.090112686157227
asta,ASTA,satehaze1k_test_moderate_012,moderate,25.485193252563477,0.9769938588142395,5.640588283538818
asta,ASTA,satehaze1k_test_moderate_013,moderate,26.58005714416504,0.9797874689102173,5.387961387634277
asta,ASTA,satehaze1k_test_moderate_014,moderate,28.458566665649414,0.9773944020271301,4.79066801071167
asta,ASTA,satehaze1k_test_moderate_015,moderate,27.44803237915039,0.9669622778892517,6.44743013381958
asta,ASTA,satehaze1k_test_moderate_016,moderate,26.902873992919922,0.9711770415306091,5.688140869140625
asta,ASTA,satehaze1k_test_moderate_017,moderate,28.111536026000977,0.9753196239471436,4.236626625061035
asta,ASTA,satehaze1k_test_moderate_018,moderate,26.498687744140625,0.9691577553749084,7.175252914428711
asta,ASTA,satehaze1k_test_moderate_019,moderate,27.602882385253906,0.9718623757362366,8.729631423950195
asta,ASTA,satehaze1k_test_moderate_020,moderate,27.36417007446289,0.9630967378616333,7.409839630126953
asta,ASTA,satehaze1k_test_moderate_021,moderate,24.682558059692383,0.9652096033096313,6.58038330078125
asta,ASTA,satehaze1k_test_moderate_022,moderate,25.73674774169922,0.9668217897415161,5.856417655944824
asta,ASTA,satehaze1k_test_moderate_023,moderate,28.457944869995117,0.9769065976142883,5.996518135070801
asta,ASTA,satehaze1k_test_moderate_024,moderate,26.661794662475586,0.9748644232749939,6.983598232269287
asta,ASTA,satehaze1k_test_moderate_025,moderate,27.48041343688965,0.9724071025848389,6.26637077331543
asta,ASTA,satehaze1k_test_moderate_026,moderate,28.523157119750977,0.9790425896644592,6.552900314331055
asta,ASTA,satehaze1k_test_moderate_027,moderate,26.539020538330078,0.969902515411377,6.376209735870361
asta,ASTA,satehaze1k_test_moderate_028,moderate,26.455158233642578,0.9708691239356995,7.744540214538574
asta,ASTA,satehaze1k_test_moderate_029,moderate,22.061355590820312,0.9334927797317505,10.249963760375977
asta,ASTA,satehaze1k_test_moderate_030,moderate,26.572534561157227,0.9657913446426392,9.03097915649414
asta,ASTA,satehaze1k_test_moderate_031,moderate,26.00214958190918,0.9617908596992493,8.480812072753906
asta,ASTA,satehaze1k_test_moderate_032,moderate,27.68617820739746,0.9692391753196716,5.502387523651123
asta,ASTA,satehaze1k_test_moderate_033,moderate,28.234146118164062,0.9742280840873718,6.491285800933838
asta,ASTA,satehaze1k_test_moderate_034,moderate,27.291873931884766,0.9749683141708374,6.792261123657227
asta,ASTA,satehaze1k_test_moderate_035,moderate,28.809932708740234,0.9835376739501953,5.71655797958374
asta,ASTA,satehaze1k_test_moderate_036,moderate,27.62405014038086,0.9700011610984802,8.659061431884766
asta,ASTA,satehaze1k_test_moderate_037,moderate,27.810710906982422,0.9769814014434814,7.452878952026367
asta,ASTA,satehaze1k_test_moderate_038,moderate,27.195661544799805,0.9696428179740906,6.72923469543457
asta,ASTA,satehaze1k_test_moderate_039,moderate,28.77130126953125,0.977828323841095,6.000688552856445
asta,ASTA,satehaze1k_test_moderate_040,moderate,26.870418548583984,0.9688531160354614,8.064026832580566
asta,ASTA,satehaze1k_test_moderate_041,moderate,25.571958541870117,0.9580591320991516,10.0333890914917
asta,ASTA,satehaze1k_test_moderate_042,moderate,28.172088623046875,0.9725215435028076,8.15887451171875
asta,ASTA,satehaze1k_test_moderate_043,moderate,21.025909423828125,0.9341916441917419,8.766407012939453
asta,ASTA,satehaze1k_test_moderate_044,moderate,26.689451217651367,0.9717468023300171,8.67737102508545
asta,ASTA,satehaze1k_test_moderate_045,moderate,26.80680274963379,0.9489212036132812,9.741296768188477
asta,ASTA,satehaze1k_test_thick_001,thick,25.055532455444336,0.9366307258605957,5.38737678527832
asta,ASTA,satehaze1k_test_thick_002,thick,23.95462417602539,0.9226293563842773,5.579056739807129
asta,ASTA,satehaze1k_test_thick_003,thick,22.713756561279297,0.9129703044891357,6.856064796447754
asta,ASTA,satehaze1k_test_thick_004,thick,25.64052391052246,0.9362051486968994,5.0987043380737305
asta,ASTA,satehaze1k_test_thick_005,thick,23.21109390258789,0.9339066743850708,6.483496189117432
asta,ASTA,satehaze1k_test_thick_006,thick,23.324098587036133,0.9342966675758362,6.391480445861816
asta,ASTA,satehaze1k_test_thick_007,thick,23.505937576293945,0.9282129406929016,5.9960479736328125
asta,ASTA,satehaze1k_test_thick_008,thick,23.29427719116211,0.9343904852867126,6.430482864379883
asta,ASTA,satehaze1k_test_thick_009,thick,24.080013275146484,0.9213725328445435,5.84066915512085
asta,ASTA,satehaze1k_test_thick_010,thick,24.747865676879883,0.9182876348495483,5.189969539642334
asta,ASTA,satehaze1k_test_thick_011,thick,25.378074645996094,0.9440957307815552,5.394278049468994
asta,ASTA,satehaze1k_test_thick_012,thick,23.607378005981445,0.9163387417793274,5.694873809814453
asta,ASTA,satehaze1k_test_thick_013,thick,25.2705078125,0.9375150799751282,5.108552932739258
asta,ASTA,satehaze1k_test_thick_014,thick,22.78825569152832,0.9070754647254944,7.160799503326416
asta,ASTA,satehaze1k_test_thick_015,thick,24.705455780029297,0.9247960448265076,5.291260719299316
asta,ASTA,satehaze1k_test_thick_016,thick,25.103687286376953,0.9367725849151611,5.344435214996338
asta,ASTA,satehaze1k_test_thick_017,thick,25.315711975097656,0.9402396082878113,5.199461460113525
asta,ASTA,satehaze1k_test_thick_018,thick,23.034351348876953,0.9388675093650818,6.664633274078369
asta,ASTA,satehaze1k_test_thick_019,thick,24.47186279296875,0.9392145872116089,5.693434715270996
asta,ASTA,satehaze1k_test_thick_020,thick,23.215129852294922,0.9281955361366272,6.343076705932617
asta,ASTA,satehaze1k_test_thick_021,thick,22.46079444885254,0.9150051474571228,7.276169300079346
asta,ASTA,satehaze1k_test_thick_022,thick,23.13134765625,0.9340623021125793,6.321591377258301
asta,ASTA,satehaze1k_test_thick_023,thick,22.760433197021484,0.9418492317199707,6.711690902709961
asta,ASTA,satehaze1k_test_thick_024,thick,23.976207733154297,0.9184641242027283,5.6036248207092285
asta,ASTA,satehaze1k_test_thick_025,thick,22.926822662353516,0.9140354990959167,6.459026336669922
asta,ASTA,satehaze1k_test_thick_026,thick,24.31804656982422,0.9234741926193237,5.711394786834717
asta,ASTA,satehaze1k_test_thick_027,thick,24.692054748535156,0.9364529252052307,5.2800068855285645
asta,ASTA,satehaze1k_test_thick_028,thick,25.27982521057129,0.9376246929168701,5.337250709533691
asta,ASTA,satehaze1k_test_thick_029,thick,22.791154861450195,0.9341261386871338,6.737232208251953
asta,ASTA,satehaze1k_test_thick_030,thick,24.9837703704834,0.9240570068359375,5.1876959800720215
asta,ASTA,satehaze1k_test_thick_031,thick,23.455469131469727,0.926733672618866,6.010713577270508
asta,ASTA,satehaze1k_test_thick_032,thick,22.725421905517578,0.9117270112037659,7.115275859832764
asta,ASTA,satehaze1k_test_thick_033,thick,24.146549224853516,0.9248663783073425,5.484041690826416
asta,ASTA,satehaze1k_test_thick_034,thick,24.089881896972656,0.931098997592926,5.514778137207031
asta,ASTA,satehaze1k_test_thick_035,thick,22.78089141845703,0.9115251898765564,6.740428447723389
asta,ASTA,satehaze1k_test_thick_036,thick,25.36346435546875,0.9395397305488586,5.257172107696533
asta,ASTA,satehaze1k_test_thick_037,thick,24.990398406982422,0.9371423125267029,5.197821617126465
asta,ASTA,satehaze1k_test_thick_038,thick,24.931644439697266,0.9363209009170532,5.308068752288818
asta,ASTA,satehaze1k_test_thick_039,thick,24.497243881225586,0.9299988746643066,5.386055946350098
asta,ASTA,satehaze1k_test_thick_040,thick,24.904191970825195,0.9242663979530334,5.128814220428467
asta,ASTA,satehaze1k_test_thick_041,thick,23.370269775390625,0.918816328048706,6.3090081214904785
asta,ASTA,satehaze1k_test_thick_042,thick,24.69791603088379,0.9365026950836182,5.4876298904418945
asta,ASTA,satehaze1k_test_thick_043,thick,23.420209884643555,0.9368084669113159,6.2805070877075195
asta,ASTA,satehaze1k_test_thick_044,thick,25.15804672241211,0.9373871684074402,5.217729568481445
asta,ASTA,satehaze1k_test_thick_045,thick,23.844242095947266,0.941514790058136,6.048364162445068
dehazexl,DehazeXL,satehaze1k_test_thin_001,thin,18.272798538208008,0.849750816822052,11.661812782287598
dehazexl,DehazeXL,satehaze1k_test_thin_002,thin,18.849838256835938,0.8445483446121216,10.888427734375
dehazexl,DehazeXL,satehaze1k_test_thin_003,thin,18.663375854492188,0.8446993827819824,11.303582191467285
dehazexl,DehazeXL,satehaze1k_test_thin_004,thin,18.475337982177734,0.8555705547332764,10.637029647827148
dehazexl,DehazeXL,satehaze1k_test_thin_005,thin,17.081073760986328,0.7873513698577881,11.995463371276855
dehazexl,DehazeXL,satehaze1k_test_thin_006,thin,17.188901901245117,0.8549106121063232,12.300500869750977
dehazexl,DehazeXL,satehaze1k_test_thin_007,thin,18.190221786499023,0.8478183150291443,11.39186954498291
dehazexl,DehazeXL,satehaze1k_test_thin_008,thin,18.134357452392578,0.8356641530990601,11.580251693725586
dehazexl,DehazeXL,satehaze1k_test_thin_009,thin,17.07267189025879,0.7971531748771667,12.143986701965332
dehazexl,DehazeXL,satehaze1k_test_thin_010,thin,16.943666458129883,0.7727581262588501,12.085375785827637
dehazexl,DehazeXL,satehaze1k_test_thin_011,thin,18.646085739135742,0.8470026850700378,11.31969165802002
dehazexl,DehazeXL,satehaze1k_test_thin_012,thin,17.506301879882812,0.8081279397010803,11.582433700561523
dehazexl,DehazeXL,satehaze1k_test_thin_013,thin,17.023895263671875,0.7783869504928589,12.020455360412598
dehazexl,DehazeXL,satehaze1k_test_thin_014,thin,17.394826889038086,0.8364045023918152,12.264296531677246
dehazexl,DehazeXL,satehaze1k_test_thin_015,thin,18.37926483154297,0.8554098606109619,11.529681205749512
dehazexl,DehazeXL,satehaze1k_test_thin_016,thin,17.898866653442383,0.8472219705581665,11.787381172180176
dehazexl,DehazeXL,satehaze1k_test_thin_017,thin,18.613428115844727,0.8153731822967529,11.012735366821289
dehazexl,DehazeXL,satehaze1k_test_thin_018,thin,17.796485900878906,0.8124540448188782,11.324152946472168
dehazexl,DehazeXL,satehaze1k_test_thin_019,thin,16.72459602355957,0.824202835559845,12.821649551391602
dehazexl,DehazeXL,satehaze1k_test_thin_020,thin,18.348655700683594,0.8565786480903625,10.827509880065918
dehazexl,DehazeXL,satehaze1k_test_thin_021,thin,18.013402938842773,0.8565751910209656,11.080367088317871
dehazexl,DehazeXL,satehaze1k_test_thin_022,thin,16.948801040649414,0.8552384972572327,12.644540786743164
dehazexl,DehazeXL,satehaze1k_test_thin_023,thin,18.961484909057617,0.8298822045326233,10.452859878540039
dehazexl,DehazeXL,satehaze1k_test_thin_024,thin,18.216812133789062,0.8588470816612244,11.003946304321289
dehazexl,DehazeXL,satehaze1k_test_thin_025,thin,19.18307113647461,0.8064613938331604,10.532041549682617
dehazexl,DehazeXL,satehaze1k_test_thin_026,thin,17.54279899597168,0.8408359885215759,12.09230899810791
dehazexl,DehazeXL,satehaze1k_test_thin_027,thin,18.99349594116211,0.8461504578590393,10.734762191772461
dehazexl,DehazeXL,satehaze1k_test_thin_028,thin,18.36642837524414,0.8409499526023865,10.862004280090332
dehazexl,DehazeXL,satehaze1k_test_thin_029,thin,18.73785400390625,0.8540219664573669,10.809539794921875
dehazexl,DehazeXL,satehaze1k_test_thin_030,thin,18.223724365234375,0.8477985262870789,10.88551139831543
dehazexl,DehazeXL,satehaze1k_test_thin_031,thin,17.891088485717773,0.8291407227516174,11.202218055725098
dehazexl,DehazeXL,satehaze1k_test_thin_032,thin,17.72785758972168,0.8537958860397339,12.072061538696289
dehazexl,DehazeXL,satehaze1k_test_thin_033,thin,18.22174835205078,0.8211669325828552,10.999862670898438
dehazexl,DehazeXL,satehaze1k_test_thin_034,thin,18.171194076538086,0.8450949192047119,11.227836608886719
dehazexl,DehazeXL,satehaze1k_test_thin_035,thin,17.396955490112305,0.7914823889732361,12.099163055419922
dehazexl,DehazeXL,satehaze1k_test_thin_036,thin,18.775785446166992,0.8580201864242554,11.120772361755371
dehazexl,DehazeXL,satehaze1k_test_thin_037,thin,17.359813690185547,0.8092799782752991,12.423315048217773
dehazexl,DehazeXL,satehaze1k_test_thin_038,thin,17.31222152709961,0.8495877385139465,12.38041877746582
dehazexl,DehazeXL,satehaze1k_test_thin_039,thin,18.12847900390625,0.8363212943077087,10.869059562683105
dehazexl,DehazeXL,satehaze1k_test_thin_040,thin,17.367271423339844,0.8608344197273254,12.108768463134766
dehazexl,DehazeXL,satehaze1k_test_thin_041,thin,17.47686004638672,0.8379233479499817,12.218391418457031
dehazexl,DehazeXL,satehaze1k_test_thin_042,thin,17.158233642578125,0.8556265234947205,12.332670211791992
dehazexl,DehazeXL,satehaze1k_test_thin_043,thin,17.557193756103516,0.8462689518928528,12.142434120178223
dehazexl,DehazeXL,satehaze1k_test_thin_044,thin,17.240234375,0.8530290722846985,12.515371322631836
dehazexl,DehazeXL,satehaze1k_test_thin_045,thin,18.48961639404297,0.8432019352912903,11.429598808288574
dehazexl,DehazeXL,satehaze1k_test_moderate_001,moderate,23.821094512939453,0.870989978313446,7.176638126373291
dehazexl,DehazeXL,satehaze1k_test_moderate_002,moderate,23.90776824951172,0.8757464289665222,8.52659797668457
dehazexl,DehazeXL,satehaze1k_test_moderate_003,moderate,22.361530303955078,0.9052754640579224,7.698097229003906
dehazexl,DehazeXL,satehaze1k_test_moderate_004,moderate,22.905588150024414,0.8764030337333679,7.440976142883301
dehazexl,DehazeXL,satehaze1k_test_moderate_005,moderate,20.680768966674805,0.8818526864051819,8.25628662109375
dehazexl,DehazeXL,satehaze1k_test_moderate_006,moderate,24.617717742919922,0.892484724521637,7.599615573883057
dehazexl,DehazeXL,satehaze1k_test_moderate_007,moderate,23.322561264038086,0.9034115672111511,6.75074577331543
dehazexl,DehazeXL,satehaze1k_test_moderate_008,moderate,23.797256469726562,0.8835288286209106,8.295683860778809
dehazexl,DehazeXL,satehaze1k_test_moderate_009,moderate,22.925220489501953,0.8969458341598511,7.647055149078369
dehazexl,DehazeXL,satehaze1k_test_moderate_010,moderate,21.901466369628906,0.897494912147522,7.071539878845215
dehazexl,DehazeXL,satehaze1k_test_moderate_011,moderate,20.46860694885254,0.8855762481689453,8.747138977050781
dehazexl,DehazeXL,satehaze1k_test_moderate_012,moderate,22.193389892578125,0.9122250080108643,7.2729668617248535
dehazexl,DehazeXL,satehaze1k_test_moderate_013,moderate,21.255023956298828,0.9025686979293823,8.040332794189453
dehazexl,DehazeXL,satehaze1k_test_moderate_014,moderate,23.011075973510742,0.8939374089241028,7.159068584442139
dehazexl,DehazeXL,satehaze1k_test_moderate_015,moderate,22.70522689819336,0.8449201583862305,8.165950775146484
dehazexl,DehazeXL,satehaze1k_test_moderate_016,moderate,22.34623146057129,0.8897462487220764,7.574855804443359
dehazexl,DehazeXL,satehaze1k_test_moderate_017,moderate,21.600330352783203,0.8919730186462402,7.86589241027832
dehazexl,DehazeXL,satehaze1k_test_moderate_018,moderate,21.71805191040039,0.8764215707778931,9.198986053466797
dehazexl,DehazeXL,satehaze1k_test_moderate_019,moderate,22.439498901367188,0.8540025353431702,9.97427749633789
dehazexl,DehazeXL,satehaze1k_test_moderate_020,moderate,21.807861328125,0.8380431532859802,9.426267623901367
dehazexl,DehazeXL,satehaze1k_test_moderate_021,moderate,20.80768394470215,0.8815994262695312,8.5902099609375
dehazexl,DehazeXL,satehaze1k_test_moderate_022,moderate,22.37220573425293,0.8908913731575012,7.5791802406311035
dehazexl,DehazeXL,satehaze1k_test_moderate_023,moderate,23.128761291503906,0.8857920169830322,8.23296070098877
dehazexl,DehazeXL,satehaze1k_test_moderate_024,moderate,22.430572509765625,0.8840972185134888,8.896499633789062
dehazexl,DehazeXL,satehaze1k_test_moderate_025,moderate,21.535144805908203,0.8835034370422363,8.70383358001709
dehazexl,DehazeXL,satehaze1k_test_moderate_026,moderate,23.748661041259766,0.8853930830955505,8.177082061767578
dehazexl,DehazeXL,satehaze1k_test_moderate_027,moderate,19.927587509155273,0.8623531460762024,8.805614471435547
dehazexl,DehazeXL,satehaze1k_test_moderate_028,moderate,21.908287048339844,0.8724393248558044,9.084592819213867
dehazexl,DehazeXL,satehaze1k_test_moderate_029,moderate,18.894962310791016,0.8000379204750061,11.576484680175781
dehazexl,DehazeXL,satehaze1k_test_moderate_030,moderate,22.138507843017578,0.8441011309623718,10.237418174743652
dehazexl,DehazeXL,satehaze1k_test_moderate_031,moderate,22.16748046875,0.8554921746253967,9.736106872558594
dehazexl,DehazeXL,satehaze1k_test_moderate_032,moderate,22.933061599731445,0.867152988910675,7.445746421813965
dehazexl,DehazeXL,satehaze1k_test_moderate_033,moderate,22.306354522705078,0.8712683916091919,8.240474700927734
dehazexl,DehazeXL,satehaze1k_test_moderate_034,moderate,21.743274688720703,0.8866137266159058,9.215804100036621
dehazexl,DehazeXL,satehaze1k_test_moderate_035,moderate,22.61011505126953,0.9079746603965759,8.146928787231445
dehazexl,DehazeXL,satehaze1k_test_moderate_036,moderate,21.747644424438477,0.8573524355888367,10.11442756652832
dehazexl,DehazeXL,satehaze1k_test_moderate_037,moderate,21.64719009399414,0.8706785440444946,9.6763277053833
dehazexl,DehazeXL,satehaze1k_test_moderate_038,moderate,22.727813720703125,0.8676223158836365,8.378686904907227
dehazexl,DehazeXL,satehaze1k_test_moderate_039,moderate,22.3723201751709,0.8880831599235535,8.282732009887695
dehazexl,DehazeXL,satehaze1k_test_moderate_040,moderate,21.6823673248291,0.8576127886772156,9.985116958618164
dehazexl,DehazeXL,satehaze1k_test_moderate_041,moderate,21.435060501098633,0.8385148048400879,10.890148162841797
dehazexl,DehazeXL,satehaze1k_test_moderate_042,moderate,21.243656158447266,0.84443199634552,9.80999755859375
dehazexl,DehazeXL,satehaze1k_test_moderate_043,moderate,18.988819122314453,0.8403534889221191,9.844976425170898
dehazexl,DehazeXL,satehaze1k_test_moderate_044,moderate,23.361549377441406,0.8683489561080933,9.499277114868164
dehazexl,DehazeXL,satehaze1k_test_moderate_045,moderate,20.656461715698242,0.7958077192306519,11.154014587402344
dehazexl,DehazeXL,satehaze1k_test_thick_001,thick,15.267799377441406,0.7408269047737122,12.763043403625488
dehazexl,DehazeXL,satehaze1k_test_thick_002,thick,16.123432159423828,0.7481857538223267,11.363117218017578
dehazexl,DehazeXL,satehaze1k_test_thick_003,thick,16.484149932861328,0.7622166275978088,11.28969669342041
dehazexl,DehazeXL,satehaze1k_test_thick_004,thick,14.236272811889648,0.7273004055023193,14.508667945861816
dehazexl,DehazeXL,satehaze1k_test_thick_005,thick,16.314979553222656,0.7897616028785706,11.413928985595703
dehazexl,DehazeXL,satehaze1k_test_thick_006,thick,14.685752868652344,0.7231211066246033,13.54576301574707
dehazexl,DehazeXL,satehaze1k_test_thick_007,thick,15.23562240600586,0.7366992235183716,12.75180435180664
dehazexl,DehazeXL,satehaze1k_test_thick_008,thick,15.73167896270752,0.7589528560638428,12.015115737915039
dehazexl,DehazeXL,satehaze1k_test_thick_009,thick,13.859046936035156,0.6747308373451233,14.879216194152832
dehazexl,DehazeXL,satehaze1k_test_thick_010,thick,14.471602439880371,0.7028689384460449,14.288667678833008
dehazexl,DehazeXL,satehaze1k_test_thick_011,thick,15.119766235351562,0.7441372871398926,12.926777839660645
dehazexl,DehazeXL,satehaze1k_test_thick_012,thick,16.117982864379883,0.7330012321472168,11.131251335144043
dehazexl,DehazeXL,satehaze1k_test_thick_013,thick,14.109068870544434,0.7330901026725769,15.043701171875
dehazexl,DehazeXL,satehaze1k_test_thick_014,thick,14.139852523803711,0.6691341400146484,14.457062721252441
dehazexl,DehazeXL,satehaze1k_test_thick_015,thick,16.255290985107422,0.7473352551460266,11.175418853759766
dehazexl,DehazeXL,satehaze1k_test_thick_016,thick,15.020458221435547,0.7512238621711731,12.834311485290527
dehazexl,DehazeXL,satehaze1k_test_thick_017,thick,15.141151428222656,0.7542980909347534,12.907876968383789
dehazexl,DehazeXL,satehaze1k_test_thick_018,thick,17.008678436279297,0.8006917238235474,10.803877830505371
dehazexl,DehazeXL,satehaze1k_test_thick_019,thick,15.180810928344727,0.7383202314376831,12.905499458312988
dehazexl,DehazeXL,satehaze1k_test_thick_020,thick,14.090643882751465,0.6928013563156128,14.388106346130371
dehazexl,DehazeXL,satehaze1k_test_thick_021,thick,15.065760612487793,0.7115263342857361,13.240782737731934
dehazexl,DehazeXL,satehaze1k_test_thick_022,thick,15.776968955993652,0.7566643953323364,12.020447731018066
dehazexl,DehazeXL,satehaze1k_test_thick_023,thick,16.83814239501953,0.7975755929946899,10.964559555053711
dehazexl,DehazeXL,satehaze1k_test_thick_024,thick,16.012218475341797,0.7263509631156921,11.523811340332031
dehazexl,DehazeXL,satehaze1k_test_thick_025,thick,15.56611442565918,0.7148305773735046,11.823701858520508
dehazexl,DehazeXL,satehaze1k_test_thick_026,thick,14.028063774108887,0.6924898028373718,14.696369171142578
dehazexl,DehazeXL,satehaze1k_test_thick_027,thick,14.125555038452148,0.7337141036987305,14.893035888671875
dehazexl,DehazeXL,satehaze1k_test_thick_028,thick,14.672567367553711,0.7293004393577576,13.67161750793457
dehazexl,DehazeXL,satehaze1k_test_thick_029,thick,16.05405616760254,0.7711855173110962,11.796258926391602
dehazexl,DehazeXL,satehaze1k_test_thick_030,thick,15.175569534301758,0.7322566509246826,12.82290267944336
dehazexl,DehazeXL,satehaze1k_test_thick_031,thick,15.144319534301758,0.7362895011901855,12.766807556152344
dehazexl,DehazeXL,satehaze1k_test_thick_032,thick,14.599360466003418,0.6863980293273926,13.924939155578613
dehazexl,DehazeXL,satehaze1k_test_thick_033,thick,15.210929870605469,0.7411700487136841,12.870723724365234
dehazexl,DehazeXL,satehaze1k_test_thick_034,thick,15.539846420288086,0.7588726282119751,12.196649551391602
dehazexl,DehazeXL,satehaze1k_test_thick_035,thick,15.563026428222656,0.7144107222557068,12.098318099975586
dehazexl,DehazeXL,satehaze1k_test_thick_036,thick,15.23491382598877,0.7571118474006653,12.60338020324707
dehazexl,DehazeXL,satehaze1k_test_thick_037,thick,14.29435920715332,0.7386035919189453,14.704352378845215
dehazexl,DehazeXL,satehaze1k_test_thick_038,thick,14.229049682617188,0.7363830804824829,14.16961669921875
dehazexl,DehazeXL,satehaze1k_test_thick_039,thick,15.110713005065918,0.7412838339805603,13.13744831085205
dehazexl,DehazeXL,satehaze1k_test_thick_040,thick,13.976760864257812,0.7037075161933899,15.172592163085938
dehazexl,DehazeXL,satehaze1k_test_thick_041,thick,15.425213813781738,0.7209752798080444,12.591781616210938
dehazexl,DehazeXL,satehaze1k_test_thick_042,thick,13.796085357666016,0.7098951935768127,15.504997253417969
dehazexl,DehazeXL,satehaze1k_test_thick_043,thick,16.467788696289062,0.7975917458534241,11.087064743041992
dehazexl,DehazeXL,satehaze1k_test_thick_044,thick,14.3467435836792,0.7349881529808044,14.087247848510742
dehazexl,DehazeXL,satehaze1k_test_thick_045,thick,15.699129104614258,0.7529723644256592,12.071297645568848
